timestamp,pressure,sonar_dist,ice_thickness
2026-03-19 18:35:00.014669895,106959.99755859376,0.883,0.21168497396740824
2026-03-19 18:35:00.058128595,106959.99755859376,0.883,0.21168497412481585
2026-03-19 18:35:00.103679657,106959.99755859376,0.883,0.21168497427469607
2026-03-19 18:35:00.145405531,106909.99755859376,0.883,0.20612680631999794
2026-03-19 18:35:00.189011812,106909.99755859376,0.883,0.2061268065216781
2026-03-19 18:35:00.273918152,106909.99755859376,0.883,0.20612680704220526
2026-03-19 18:35:00.317525387,106909.99755859376,0.883,0.206126807435912
2026-03-19 18:35:00.361400604,106909.99755859376,0.883,0.2061268075546572
2026-03-19 18:35:00.446423054,106909.99755859376,0.883,0.20612680723361607
2026-03-19 18:35:00.489733696,106909.99755859376,0.883,0.20612680671107406
2026-03-19 18:35:00.533454180,106909.99755859376,0.883,0.2061268063126748
2026-03-19 18:35:00.620151758,106909.99755859376,0.883,0.20612680648827456
2026-03-19 18:35:00.662481785,106909.99755859376,0.883,0.20612680684658966
2026-03-19 18:35:00.706922293,106909.99755859376,0.883,0.20612680714728077
2026-03-19 18:35:00.752284765,106909.99755859376,0.883,0.20612680735027736
2026-03-19 18:35:00.834285975,106909.99755859376,0.883,0.20612680695668892
2026-03-19 18:35:00.878438234,106909.99755859376,0.883,0.2061268065904049
2026-03-19 18:35:00.922259808,106909.99755859376,0.883,0.20612680609776202
2026-03-19 18:35:01.012712002,106909.99755859376,0.883,0.20612680593004243
2026-03-19 18:35:01.051340103,106909.99755859376,0.883,0.20612680618923812
2026-03-19 18:35:01.093186617,106909.99755859376,0.883,0.20612680653518686
2026-03-19 18:35:01.137403488,106909.99755859376,0.883,0.2061268066101239
2026-03-19 18:35:01.222478628,106909.99755859376,0.883,0.20612680648463408
2026-03-19 18:35:01.266351223,106909.99755859376,0.883,0.20612680652401225
2026-03-19 18:35:01.310277700,106909.99755859376,0.883,0.20612680645349563
2026-03-19 18:35:01.394816160,106909.99755859376,0.883,0.20612680644092068
2026-03-19 18:35:01.437777042,106909.99755859376,0.883,0.20612680678631873
2026-03-19 18:35:01.482652426,106909.99755859376,0.883,0.20612680695935623
2026-03-19 18:35:01.567073107,106909.99755859376,0.883,0.20612680697066318
2026-03-19 18:35:01.610926867,106909.99755859376,0.883,0.20612680713811377
2026-03-19 18:35:01.656162739,106909.99755859376,0.883,0.206126806588499
2026-03-19 18:35:01.698776960,106909.99755859376,0.883,0.20612680634195443
2026-03-19 18:35:01.783720493,106909.99755859376,0.883,0.20612680638410671
2026-03-19 18:35:01.826771021,106909.99755859376,0.883,0.20612680635577058
2026-03-19 18:35:01.870380163,106909.99755859376,0.883,0.20612680684481607
2026-03-19 18:35:01.956420898,106909.99755859376,0.883,0.20612680724158328
2026-03-19 18:35:01.998610497,106909.99755859376,0.883,0.20612680718428716
2026-03-19 18:35:02.042723179,106909.99755859376,0.883,0.20612680700154698
2026-03-19 18:35:02.087060690,106909.99755859376,0.883,0.20612680675650372
2026-03-19 18:35:02.171257496,106929.99267578124,0.883,0.20834953094589534
2026-03-19 18:35:02.216101885,106929.99267578124,0.883,0.2083495309181722
2026-03-19 18:35:02.258826971,106929.99267578124,0.883,0.20834953097339534
2026-03-19 18:35:02.310985565,106929.99267578124,0.883,0.20834953082656246
2026-03-19 18:35:02.386384249,106929.99267578124,0.883,0.20834953085521035
2026-03-19 18:35:02.430715799,106929.99267578124,0.883,0.20834953091641403
2026-03-19 18:35:02.474069834,106929.99267578124,0.883,0.20834953068100764
2026-03-19 18:35:02.558971643,106929.99267578124,0.883,0.20834953106871132
2026-03-19 18:35:02.602897167,106929.99267578124,0.883,0.20834953136417472
2026-03-19 18:35:02.648616552,106929.99267578124,0.883,0.20834953133257247
2026-03-19 18:35:02.691662312,106929.99267578124,0.883,0.20834953165297632
2026-03-19 18:35:02.775649786,106929.99267578124,0.883,0.20834953196101139
2026-03-19 18:35:02.819102287,106929.99267578124,0.883,0.20834953268145798
2026-03-19 18:35:02.862770796,106929.99267578124,0.883,0.2083495334479488
2026-03-19 18:35:02.947918415,106929.99267578124,0.883,0.2083495339351659
2026-03-19 18:35:02.990688801,106929.99267578124,0.883,0.20834953418965624
2026-03-19 18:35:03.036410332,106929.99267578124,0.883,0.20834953438073167
2026-03-19 18:35:03.119808912,106929.99267578124,0.883,0.20834953400592607
2026-03-19 18:35:03.164252281,106929.99267578124,0.883,0.20834953259635086
2026-03-19 18:35:03.208736897,106929.99267578124,0.883,0.20834953167592463
2026-03-19 18:35:03.280840635,106929.99267578124,0.883,0.2083495314661305
2026-03-19 18:35:03.336158991,106929.99267578124,0.883,0.2083495316594651
2026-03-19 18:35:03.379381180,106929.99267578124,0.883,0.20834953256118366
2026-03-19 18:35:03.423230171,106929.99267578124,0.883,0.208349533625931
2026-03-19 18:35:03.507768393,106929.99267578124,0.883,0.20834953436651768
2026-03-19 18:35:03.552701235,106929.99267578124,0.883,0.20834953489229788
2026-03-19 18:35:03.597222090,106929.99267578124,0.883,0.2083495350732951
2026-03-19 18:35:03.639717817,106929.99267578124,0.883,0.20834953510908072
2026-03-19 18:35:03.724435091,106929.99267578124,0.883,0.20834953490563146
2026-03-19 18:35:03.767364740,106929.99267578124,0.883,0.20834953437432557
2026-03-19 18:35:03.811158419,106929.99267578124,0.883,0.20834953362124217
2026-03-19 18:35:03.896267414,106929.99267578124,0.883,0.20834953292385416
2026-03-19 18:35:03.940686226,106929.99267578124,0.883,0.20834953240694268
2026-03-19 18:35:03.984775543,106929.99267578124,0.883,0.2083495323011194
2026-03-19 18:35:04.026535273,106929.99267578124,0.883,0.20834953264164502
2026-03-19 18:35:04.112632513,106929.99267578124,0.883,0.20834953318029303
2026-03-19 18:35:04.157575607,106929.99267578124,0.883,0.20834953373036558
2026-03-19 18:35:04.200946093,106929.99267578124,0.883,0.20834953407417536
2026-03-19 18:35:04.250983952,106929.99267578124,0.883,0.20834953378009932
2026-03-19 18:35:04.328843594,106929.99267578124,0.883,0.20834953249720115
2026-03-19 18:35:04.371455193,106929.99267578124,0.883,0.20834953137425366
2026-03-19 18:35:04.415257215,106929.99267578124,0.883,0.20834953104990303
2026-03-19 18:35:04.499808073,106929.99267578124,0.883,0.20834953133950523
2026-03-19 18:35:04.543469429,106929.99267578124,0.883,0.20834953206825504
2026-03-19 18:35:04.587399006,106929.99267578124,0.883,0.2083495324113688
2026-03-19 18:35:04.631354570,106929.99267578124,0.883,0.20834953229667175
2026-03-19 18:35:04.717698336,106929.99267578124,0.883,0.20834953206063409
2026-03-19 18:35:04.761549711,106929.99267578124,0.883,0.2083495320152399
2026-03-19 18:35:04.803364515,106929.99267578124,0.883,0.2083495321083583
2026-03-19 18:35:04.888419628,106929.99267578124,0.883,0.20834953207211046
2026-03-19 18:35:04.931219816,106929.99267578124,0.883,0.20834953188667898
2026-03-19 18:35:04.976116896,106929.99267578124,0.883,0.2083495319572038
2026-03-19 18:35:05.061029673,106929.99267578124,0.883,0.20834953242308935
2026-03-19 18:35:05.106869698,106929.99267578124,0.883,0.2083495329052776
2026-03-19 18:35:05.148296118,106929.99267578124,0.883,0.20834953312183285
2026-03-19 18:35:05.232458115,106929.99267578124,0.883,0.2083495328003727
2026-03-19 18:35:05.276532412,106929.99267578124,0.883,0.20834953243402024
2026-03-19 18:35:05.320501089,106929.99267578124,0.883,0.20834953206384926
2026-03-19 18:35:05.367964983,106929.99267578124,0.883,0.20834953162821784
2026-03-19 18:35:05.449129820,106929.99267578124,0.883,0.20834953179267068
2026-03-19 18:35:05.491859913,106929.99267578124,0.883,0.20834953213451188
2026-03-19 18:35:05.538048506,106929.99267578124,0.883,0.20834953289477964
2026-03-19 18:35:05.579722643,106929.99267578124,0.883,0.2083495336007513
2026-03-19 18:35:05.664231777,106929.99267578124,0.883,0.20834953423630667
2026-03-19 18:35:05.708558798,106929.99267578124,0.883,0.20834953476996484
2026-03-19 18:35:05.752478838,106929.99267578124,0.883,0.208349535152913
2026-03-19 18:35:05.836987495,106929.99267578124,0.883,0.20834953511174767
2026-03-19 18:35:05.881101847,106929.99267578124,0.883,0.20834953490619237
2026-03-19 18:35:05.923995495,106929.99267578124,0.883,0.2083495346216923
2026-03-19 18:35:06.009524107,106929.99267578124,0.883,0.20834953393380637
2026-03-19 18:35:06.053383827,106929.99267578124,0.883,0.2083495329480845
2026-03-19 18:35:06.097639799,106929.99267578124,0.883,0.2083495320138311
2026-03-19 18:35:06.139944315,106950.0,0.883,0.2105736126901677
2026-03-19 18:35:06.191904306,106950.0,0.883,0.2105736125116286
2026-03-19 18:35:06.268797636,106950.0,0.883,0.2105736127474627
2026-03-19 18:35:06.314749956,106950.0,0.883,0.21057361330494287
2026-03-19 18:35:06.356959581,106950.0,0.883,0.21057361411282977
2026-03-19 18:35:06.440661669,106950.0,0.883,0.21057361471143066
2026-03-19 18:35:06.487167835,106950.0,0.883,0.21057361510017591
2026-03-19 18:35:06.529190063,106950.0,0.883,0.21057361522168358
2026-03-19 18:35:06.571764708,106950.0,0.883,0.2105736150495299
2026-03-19 18:35:06.657188892,106950.0,0.883,0.21057361464350197
2026-03-19 18:35:06.700267076,106950.0,0.883,0.2105736142021975
2026-03-19 18:35:06.785472155,106950.0,0.883,0.21057361373470027
2026-03-19 18:35:06.829961538,106950.0,0.883,0.21057361357780494
2026-03-19 18:35:06.872668505,106950.0,0.883,0.21057361370783542
2026-03-19 18:35:06.916109085,106950.0,0.883,0.21057361409016717
2026-03-19 18:35:07.001192570,106950.0,0.883,0.21057361449900286
2026-03-19 18:35:07.045577526,106950.0,0.883,0.21057361491791252
2026-03-19 18:35:07.089918375,106950.0,0.883,0.2105736151798725
2026-03-19 18:35:07.165234804,106950.0,0.882,0.21166412747765123
2026-03-19 18:35:07.217311144,106950.0,0.882,0.21166412738782198
2026-03-19 18:35:07.261380911,106950.0,0.882,0.21166412692319606
2026-03-19 18:35:07.306638956,106950.0,0.882,0.21166412603853765
2026-03-19 18:35:07.389562368,106950.0,0.882,0.2116641249416775
2026-03-19 18:35:07.435520172,106950.0,0.882,0.2116641240058566
2026-03-19 18:35:07.478535175,106950.0,0.882,0.21166412347805064
2026-03-19 18:35:07.520989656,106950.0,0.882,0.21166412347058502
2026-03-19 18:35:07.606589556,106950.0,0.882,0.21166412365833706
2026-03-19 18:35:07.649048328,106950.0,0.882,0.21166412392611583
2026-03-19 18:35:07.695126295,106950.0,0.882,0.21166412403135845
2026-03-19 18:35:07.778699160,106950.0,0.882,0.21166412400991513
2026-03-19 18:35:07.821213961,106950.0,0.882,0.21166412390209471
2026-03-19 18:35:07.864719152,106950.0,0.882,0.21166412381646624
2026-03-19 18:35:07.950705290,106950.0,0.882,0.21166412381475538
2026-03-19 18:35:07.993618488,106950.0,0.882,0.211664123723026
2026-03-19 18:35:08.037772179,106950.0,0.882,0.2116641236748635
2026-03-19 18:35:08.122935772,106950.0,0.882,0.21166412369568643
2026-03-19 18:35:08.140882492,106950.0,0.882,0.2116641235951477
2026-03-19 18:35:08.209332943,106950.0,0.882,0.2116641235050029
2026-03-19 18:35:08.253333807,106950.0,0.882,0.21166412354757821
2026-03-19 18:35:08.299112558,106950.0,0.882,0.2116641237603496
2026-03-19 18:35:08.382477999,106950.0,0.882,0.21166412388564512
2026-03-19 18:35:08.426484346,106950.0,0.882,0.2116641236824127
2026-03-19 18:35:08.471161366,106950.0,0.882,0.21166412374464896
2026-03-19 18:35:08.554488182,106950.0,0.882,0.2116641239849677
2026-03-19 18:35:08.598568916,106950.0,0.882,0.21166412410344412
2026-03-19 18:35:08.645272493,106950.0,0.882,0.21166412420700176
2026-03-19 18:35:08.726416826,106950.0,0.882,0.2116641241056792
2026-03-19 18:35:08.769838095,106950.0,0.882,0.21166412352358552
2026-03-19 18:35:08.813597441,106950.0,0.882,0.21166412355054723
2026-03-19 18:35:08.860071898,106950.0,0.882,0.21166412379374794
2026-03-19 18:35:08.942565918,106950.0,0.882,0.21166412390794617
2026-03-19 18:35:08.986377001,106950.0,0.882,0.2116641240791995
2026-03-19 18:35:09.029750824,106950.0,0.882,0.21166412385910993
2026-03-19 18:35:09.107093096,106950.0,0.882,0.21166412360701933
2026-03-19 18:35:09.158135653,106950.0,0.882,0.21166412336839777
2026-03-19 18:35:09.202265024,106950.0,0.882,0.2116641233393246
2026-03-19 18:35:09.246500731,106950.0,0.882,0.2116641229503194
2026-03-19 18:35:09.331006289,106950.0,0.882,0.2116641235514606
2026-03-19 18:35:09.375402689,106950.0,0.882,0.21166412316099503
2026-03-19 18:35:09.418072701,106950.0,0.882,0.21166412322517877
2026-03-19 18:35:09.503466845,106950.0,0.882,0.2116641229671495
2026-03-19 18:35:09.546202183,106950.0,0.882,0.21166412267991117
2026-03-19 18:35:09.590566397,106950.0,0.882,0.21166412323386247
2026-03-19 18:35:09.676041603,106950.0,0.882,0.21166412362485723
2026-03-19 18:35:09.719999313,106950.0,0.882,0.21166412366649812
2026-03-19 18:35:09.762037754,106950.0,0.882,0.2116641236985057
2026-03-19 18:35:09.806677818,106950.0,0.882,0.21166412380643365
2026-03-19 18:35:09.890699625,106950.0,0.882,0.21166412349010633
2026-03-19 18:35:09.934253693,106950.0,0.882,0.211664123188002
2026-03-19 18:35:09.979275703,106950.0,0.882,0.21166412279105806
2026-03-19 18:35:10.063806772,106950.0,0.882,0.2116641227857221
2026-03-19 18:35:10.106947899,106950.0,0.882,0.21166412317099007
2026-03-19 18:35:10.149984598,106959.99755859376,0.882,0.21277548591274167
2026-03-19 18:35:10.194504499,106959.99755859376,0.882,0.21277548617418368
2026-03-19 18:35:10.237715960,106959.99755859376,0.882,0.21277548645895736
2026-03-19 18:35:10.322592020,106959.99755859376,0.882,0.212775486073385
2026-03-19 18:35:10.366325140,106959.99755859376,0.882,0.2127754854936544
2026-03-19 18:35:10.411074400,106959.99755859376,0.882,0.21277548562724316
2026-03-19 18:35:10.494785309,106959.99755859376,0.882,0.21277548564020213
2026-03-19 18:35:10.538395882,106959.99755859376,0.882,0.21277548607334795
2026-03-19 18:35:10.582858324,106959.99755859376,0.882,0.21277548606302762
2026-03-19 18:35:10.667302370,106959.99755859376,0.882,0.21277548595093904
2026-03-19 18:35:10.711254835,106959.99755859376,0.882,0.2127754861929409
2026-03-19 18:35:10.756181240,106959.99755859376,0.882,0.21277548593194173
2026-03-19 18:35:10.798787832,106959.99755859376,0.882,0.21277548503508387
2026-03-19 18:35:10.882937908,106959.99755859376,0.882,0.21277548515773334
2026-03-19 18:35:10.928685904,106959.99755859376,0.882,0.21277548510698469
2026-03-19 18:35:10.971145153,106959.99755859376,0.882,0.21277548535261695
2026-03-19 18:35:11.050288916,106959.99755859376,0.882,0.21277548585901523
2026-03-19 18:35:11.099378586,106959.99755859376,0.882,0.21277548572876742
2026-03-19 18:35:11.143285036,106959.99755859376,0.882,0.21277548549580572
2026-03-19 18:35:11.186967611,106959.99755859376,0.882,0.21277548528305962
2026-03-19 18:35:11.272285700,106959.99755859376,0.882,0.2127754851972343
2026-03-19 18:35:11.316015482,106959.99755859376,0.882,0.21277548532514517
2026-03-19 18:35:11.359515905,106959.99755859376,0.882,0.2127754851600893
2026-03-19 18:35:11.443623066,106959.99755859376,0.882,0.21277548486312206
2026-03-19 18:35:11.488036871,106959.99755859376,0.882,0.2127754849155184
2026-03-19 18:35:11.533851147,106959.99755859376,0.882,0.21277548506481062
2026-03-19 18:35:11.616708040,106959.99755859376,0.882,0.2127754852288587
2026-03-19 18:35:11.659972429,106959.99755859376,0.882,0.21277548502234317
2026-03-19 18:35:11.703718185,106959.99755859376,0.882,0.2127754848409296
2026-03-19 18:35:11.747391701,106959.99755859376,0.882,0.21277548495957707
2026-03-19 18:35:11.833131075,106959.99755859376,0.882,0.21277548487714296
2026-03-19 18:35:11.876242876,106959.99755859376,0.882,0.21277548517842454
2026-03-19 18:35:11.919653893,106959.99755859376,0.882,0.2127754849212388
2026-03-19 18:35:12.009836197,106959.99755859376,0.882,0.21277548458296022
2026-03-19 18:35:12.049673796,106959.99755859376,0.882,0.2127754846760543
2026-03-19 18:35:12.091967106,106959.99755859376,0.882,0.21277548480095526
2026-03-19 18:35:12.137799263,106959.99755859376,0.882,0.21277548497494292
2026-03-19 18:35:12.220625401,106979.99267578124,0.882,0.2149982092951019
2026-03-19 18:35:12.264860153,106979.99267578124,0.882,0.21499820917981244
2026-03-19 18:35:12.308489799,106979.99267578124,0.882,0.21499820924882182
2026-03-19 18:35:12.353469849,106979.99267578124,0.882,0.2149982091624328
2026-03-19 18:35:12.435168982,106979.99267578124,0.882,0.21499820919254067
2026-03-19 18:35:12.479118347,106979.99267578124,0.882,0.21499820946885823
2026-03-19 18:35:12.524905682,106979.99267578124,0.882,0.21499820965149186
2026-03-19 18:35:12.610593557,106979.99267578124,0.882,0.21499820956452992
2026-03-19 18:35:12.652945757,106979.99267578124,0.882,0.21499820925389398
2026-03-19 18:35:12.697475672,106979.99267578124,0.882,0.21499820909821638
2026-03-19 18:35:12.741465092,106979.99267578124,0.882,0.2149982088752256
2026-03-19 18:35:12.824408293,106979.99267578124,0.882,0.21499820878399398
2026-03-19 18:35:12.867647171,106979.99267578124,0.882,0.21499820898854502
2026-03-19 18:35:12.911293507,106979.99267578124,0.882,0.21499820931083644
2026-03-19 18:35:12.999090433,106979.99267578124,0.882,0.21499820933264827
2026-03-19 18:35:13.040290594,106979.99267578124,0.882,0.2149982089938059
2026-03-19 18:35:13.083514452,106979.99267578124,0.882,0.21499820855009674
2026-03-19 18:35:13.169181108,106979.99267578124,0.882,0.21499820824794136
2026-03-19 18:35:13.212501049,106979.99267578124,0.882,0.21499820824073845
2026-03-19 18:35:13.257749795,106979.99267578124,0.882,0.21499820817651988
2026-03-19 18:35:13.314577103,106979.99267578124,0.882,0.214998208386916
2026-03-19 18:35:13.385031939,106979.99267578124,0.882,0.2149982086255056
2026-03-19 18:35:13.428715944,106979.99267578124,0.882,0.2149982083958612
2026-03-19 18:35:13.472839117,106979.99267578124,0.882,0.21499820831323363
2026-03-19 18:35:13.557444096,106979.99267578124,0.882,0.21499820796505265
2026-03-19 18:35:13.600437403,106979.99267578124,0.882,0.21499820785368834
2026-03-19 18:35:13.644666910,106979.99267578124,0.882,0.21499820795311517
2026-03-19 18:35:13.689137697,106979.99267578124,0.882,0.21499820795231123
2026-03-19 18:35:13.772363663,106979.99267578124,0.882,0.21499820814648937
2026-03-19 18:35:13.817443609,106979.99267578124,0.882,0.21499820819361173
2026-03-19 18:35:13.862237692,106979.99267578124,0.882,0.21499820804315645
2026-03-19 18:35:13.945681095,106979.99267578124,0.882,0.21499820766585725
2026-03-19 18:35:13.989060879,106979.99267578124,0.882,0.2149982075091716
2026-03-19 18:35:14.032424450,106979.99267578124,0.882,0.21499820752059615
2026-03-19 18:35:14.118115425,106979.99267578124,0.882,0.21499820785131038
2026-03-19 18:35:14.160836458,106950.0,0.882,0.21166412167883206
2026-03-19 18:35:14.208074570,106950.0,0.882,0.21166412171448631
2026-03-19 18:35:14.248783827,106950.0,0.882,0.2116641216407359
2026-03-19 18:35:14.292676687,106950.0,0.882,0.21166412143222127
2026-03-19 18:35:14.376466513,106950.0,0.882,0.21166412125615186
2026-03-19 18:35:14.422589064,106950.0,0.882,0.21166412118709102
2026-03-19 18:35:14.464651108,106950.0,0.882,0.2116641212230453
2026-03-19 18:35:14.548845053,106950.0,0.882,0.21166412149325287
2026-03-19 18:35:14.593051910,106950.0,0.882,0.21166412168883011
2026-03-19 18:35:14.636979580,106950.0,0.882,0.21166412171396232
2026-03-19 18:35:14.680429935,106950.0,0.882,0.21166412185379907
2026-03-19 18:35:14.765053511,106950.0,0.882,0.21166412179019686
2026-03-19 18:35:14.809000492,106950.0,0.882,0.21166412144905355
2026-03-19 18:35:14.852656603,106950.0,0.882,0.2116641214005783
2026-03-19 18:35:14.938038826,106950.0,0.882,0.21166412122999687
2026-03-19 18:35:14.980425835,106950.0,0.882,0.2116641210614489
2026-03-19 18:35:15.024472237,106950.0,0.882,0.21166412151542344
2026-03-19 18:35:15.109697819,106950.0,0.882,0.21166412195975529
2026-03-19 18:35:15.153791428,106950.0,0.882,0.2116641218978386
2026-03-19 18:35:15.197966099,106950.0,0.882,0.21166412202555385
2026-03-19 18:35:15.258030176,106950.0,0.882,0.2116641217220564
2026-03-19 18:35:15.325724840,106950.0,0.882,0.211664121732689
2026-03-19 18:35:15.369117975,106950.0,0.882,0.21166412185952188
2026-03-19 18:35:15.412646055,106950.0,0.882,0.21166412160505718
2026-03-19 18:35:15.498093843,106950.0,0.882,0.21166412130844048
2026-03-19 18:35:15.541304111,106950.0,0.882,0.21166412146973432
2026-03-19 18:35:15.586611271,106950.0,0.882,0.21166412140953697
2026-03-19 18:35:15.628985405,106950.0,0.882,0.21166412136259172
2026-03-19 18:35:15.714205980,106950.0,0.882,0.21166412083192704
2026-03-19 18:35:15.758143663,106950.0,0.882,0.21166412041188512
2026-03-19 18:35:15.802788734,106950.0,0.882,0.21166412029520662
2026-03-19 18:35:15.886507988,106950.0,0.882,0.21166412064855294
2026-03-19 18:35:15.929905415,106950.0,0.882,0.21166412126149278
2026-03-19 18:35:15.973626375,106950.0,0.882,0.21166412232625345
2026-03-19 18:35:16.058800697,106950.0,0.882,0.21166412257498796
2026-03-19 18:35:16.102919817,106950.0,0.882,0.2116641216144132
2026-03-19 18:35:16.145700932,106929.99267578124,0.882,0.2094400393886227
2026-03-19 18:35:16.189634323,106929.99267578124,0.882,0.20944003844636652
2026-03-19 18:35:16.234158039,106929.99267578124,0.882,0.20944003809378536
2026-03-19 18:35:16.316761494,106929.99267578124,0.882,0.20944003875342648
2026-03-19 18:35:16.361716986,106929.99267578124,0.882,0.20944004013595596
2026-03-19 18:35:16.407294512,106929.99267578124,0.882,0.2094400410514426
2026-03-19 18:35:16.490198374,106929.99267578124,0.882,0.20944004110051265
2026-03-19 18:35:16.534134388,106929.99267578124,0.882,0.20944004039834296
2026-03-19 18:35:16.577778101,106929.99267578124,0.882,0.20944003954715146
2026-03-19 18:35:16.662444115,106929.99267578124,0.882,0.20944003947255838
2026-03-19 18:35:16.707238197,106929.99267578124,0.882,0.2094400402016619
2026-03-19 18:35:16.750354052,106929.99267578124,0.882,0.2094400412643529
2026-03-19 18:35:16.835136414,106929.99267578124,0.882,0.20944004229305516
2026-03-19 18:35:16.877802610,106929.99267578124,0.882,0.20944004319666312
2026-03-19 18:35:16.922108173,106929.99267578124,0.882,0.20944004367894084
2026-03-19 18:35:16.965116739,106929.99267578124,0.882,0.20944004402918293
2026-03-19 18:35:17.052042961,106929.99267578124,0.882,0.2094400444147491
2026-03-19 18:35:17.094275713,106929.99267578124,0.882,0.20944004414410408
2026-03-19 18:35:17.137440443,106929.99267578124,0.882,0.20944004383394468
2026-03-19 18:35:17.198464155,106929.99267578124,0.882,0.20944004332465863
2026-03-19 18:35:17.265704392,106929.99267578124,0.882,0.20944004225581872
2026-03-19 18:35:17.310379028,106929.99267578124,0.882,0.20944004117137757
2026-03-19 18:35:17.356599092,106929.99267578124,0.882,0.20944004049884563
2026-03-19 18:35:17.439846039,106929.99267578124,0.882,0.20944004015633844
2026-03-19 18:35:17.483134985,106929.99267578124,0.882,0.20944004045302136
2026-03-19 18:35:17.526308298,106929.99267578124,0.883,0.20834952872451754
2026-03-19 18:35:17.569513083,106929.99267578124,0.883,0.20834952933659548
2026-03-19 18:35:17.655607700,106929.99267578124,0.883,0.20834953026660996
2026-03-19 18:35:17.700629950,106929.99267578124,0.883,0.20834953082047297
2026-03-19 18:35:17.784088850,106929.99267578124,0.883,0.2083495309836531
2026-03-19 18:35:17.827903509,106929.99267578124,0.883,0.20834953105341278
2026-03-19 18:35:17.870932579,106929.99267578124,0.883,0.20834953091728828
2026-03-19 18:35:17.915973425,106929.99267578124,0.883,0.20834953065819006
2026-03-19 18:35:18.000321627,106929.99267578124,0.883,0.20834953024973404
2026-03-19 18:35:18.044284582,106929.99267578124,0.883,0.20834952942736729
2026-03-19 18:35:18.086373568,106929.99267578124,0.883,0.20834952878347754
2026-03-19 18:35:18.139195442,106959.99755859376,0.883,0.21168497181910137
2026-03-19 18:35:18.182921886,106959.99755859376,0.883,0.21168497145900875
2026-03-19 18:35:18.259300232,106959.99755859376,0.883,0.2116849714145486
2026-03-19 18:35:18.301723957,106959.99755859376,0.883,0.21168497180092896
2026-03-19 18:35:18.346894741,106959.99755859376,0.883,0.2116849723888384
2026-03-19 18:35:18.430776358,106959.99755859376,0.883,0.21168497279758078
2026-03-19 18:35:18.475148201,106959.99755859376,0.883,0.21168497300641953
2026-03-19 18:35:18.518019199,106959.99755859376,0.883,0.21168497294964647
2026-03-19 18:35:18.603523493,106959.99755859376,0.883,0.21168497271707143
2026-03-19 18:35:18.648351908,106959.99755859376,0.883,0.21168497242219075
2026-03-19 18:35:18.690798998,106959.99755859376,0.883,0.21168497198116876
2026-03-19 18:35:18.775242805,106959.99755859376,0.883,0.21168497187431834
2026-03-19 18:35:18.823045969,106959.99755859376,0.883,0.21168497195913985
2026-03-19 18:35:18.863033772,106959.99755859376,0.883,0.21168497206190498
2026-03-19 18:35:18.907369375,106959.99755859376,0.883,0.2116849723486124
2026-03-19 18:35:18.991054296,106959.99755859376,0.883,0.21168497280315454
2026-03-19 18:35:19.036003113,106959.99755859376,0.883,0.21168497305284673
2026-03-19 18:35:19.080219030,106959.99755859376,0.883,0.21168497308247708
2026-03-19 18:35:19.143043756,106959.99755859376,0.883,0.21168497296935734
2026-03-19 18:35:19.207284689,106959.99755859376,0.883,0.21168497272830347
2026-03-19 18:35:19.256499052,106959.99755859376,0.883,0.21168497259233515
2026-03-19 18:35:19.296111584,106959.99755859376,0.883,0.21168497236786527
2026-03-19 18:35:19.381625891,106959.99755859376,0.883,0.21168497257580957
2026-03-19 18:35:19.424727201,106959.99755859376,0.883,0.21168497277003878
2026-03-19 18:35:19.469235659,106959.99755859376,0.883,0.2116849729365624
2026-03-19 18:35:19.552917242,106959.99755859376,0.883,0.21168497320854915
2026-03-19 18:35:19.595458746,106959.99755859376,0.883,0.21168497333924224
2026-03-19 18:35:19.639603138,106959.99755859376,0.883,0.21168497333525632
2026-03-19 18:35:19.724710464,106959.99755859376,0.883,0.21168497326805055
2026-03-19 18:35:19.768611908,106959.99755859376,0.883,0.2116849732682036
2026-03-19 18:35:19.812261105,106959.99755859376,0.883,0.21168497318365326
2026-03-19 18:35:19.855804443,106959.99755859376,0.883,0.21168497310012588
2026-03-19 18:35:19.940536976,106959.99755859376,0.883,0.21168497311201542
2026-03-19 18:35:19.984458923,106959.99755859376,0.883,0.21168497320746602
2026-03-19 18:35:20.027773142,106959.99755859376,0.883,0.21168497334747702
2026-03-19 18:35:20.112572432,106959.99755859376,0.883,0.21168497336972567
2026-03-19 18:35:20.157023430,106959.99755859376,0.883,0.2116849733810967
2026-03-19 18:35:20.200948954,106959.99755859376,0.883,0.21168497331033104
2026-03-19 18:35:20.244232893,106959.99755859376,0.883,0.21168497324372057
2026-03-19 18:35:20.328691244,106959.99755859376,0.883,0.21168497316273976
2026-03-19 18:35:20.374022961,106959.99755859376,0.883,0.2116849729782647
2026-03-19 18:35:20.417495489,106959.99755859376,0.883,0.2116849729614049
2026-03-19 18:35:20.500425816,106959.99755859376,0.883,0.21168497292032373
2026-03-19 18:35:20.544986248,106959.99755859376,0.883,0.2116849728371972
2026-03-19 18:35:20.588464499,106959.99755859376,0.883,0.21168497299467792
2026-03-19 18:35:20.673511505,106959.99755859376,0.883,0.2116849729083303
2026-03-19 18:35:20.717451811,106959.99755859376,0.883,0.21168497288440274
2026-03-19 18:35:20.760773897,106959.99755859376,0.883,0.21168497292111432
2026-03-19 18:35:20.805671692,106959.99755859376,0.883,0.21168497283712917
2026-03-19 18:35:20.888512611,106959.99755859376,0.883,0.21168497298541344
2026-03-19 18:35:20.933197498,106959.99755859376,0.883,0.21168497296865513
2026-03-19 18:35:20.977175236,106959.99755859376,0.883,0.21168497309718226
2026-03-19 18:35:21.062058687,106959.99755859376,0.883,0.21168497316769186
2026-03-19 18:35:21.105959177,106959.99755859376,0.883,0.2116849731685477
2026-03-19 18:35:21.149812937,106959.99755859376,0.883,0.21168497326852892
2026-03-19 18:35:21.192538500,106959.99755859376,0.883,0.2116849733883135
2026-03-19 18:35:21.277364492,106959.99755859376,0.883,0.2116849735289669
2026-03-19 18:35:21.321158648,106959.99755859376,0.883,0.21168497364557276
2026-03-19 18:35:21.364949942,106959.99755859376,0.883,0.2116849736888338
2026-03-19 18:35:21.449690104,106959.99755859376,0.883,0.21168497371765505
2026-03-19 18:35:21.493742704,106959.99755859376,0.883,0.2116849738113448
2026-03-19 18:35:21.536817074,106959.99755859376,0.883,0.21168497382876317
2026-03-19 18:35:21.621594191,106959.99755859376,0.883,0.21168497381218912
2026-03-19 18:35:21.666244507,106959.99755859376,0.883,0.211684973679286
2026-03-19 18:35:21.709408045,106959.99755859376,0.883,0.21168497349996854
2026-03-19 18:35:21.753871441,106959.99755859376,0.883,0.21168497329140387
2026-03-19 18:35:21.837627888,106959.99755859376,0.883,0.21168497317852336
2026-03-19 18:35:21.882454157,106959.99755859376,0.883,0.21168497306578452
2026-03-19 18:35:21.925705433,106959.99755859376,0.883,0.2116849730689257
2026-03-19 18:35:22.010249376,106959.99755859376,0.883,0.211684973040947
2026-03-19 18:35:22.056116104,106959.99755859376,0.883,0.2116849731206961
2026-03-19 18:35:22.098370075,106959.99755859376,0.883,0.2116849732439724
2026-03-19 18:35:22.141537428,106919.9951171875,0.883,0.20723816759503313
2026-03-19 18:35:22.185034037,106919.9951171875,0.883,0.2072381675693536
2026-03-19 18:35:22.270086050,106919.9951171875,0.883,0.20723816754627608
2026-03-19 18:35:22.313755751,106919.9951171875,0.883,0.2072381674738455
2026-03-19 18:35:22.381996870,106919.9951171875,0.883,0.2072381674796851
2026-03-19 18:35:22.442127943,106919.9951171875,0.883,0.20723816741822462
2026-03-19 18:35:22.485885620,106919.9951171875,0.883,0.2072381674149475
2026-03-19 18:35:22.529338836,106919.9951171875,0.883,0.20723816744122198
2026-03-19 18:35:22.614801168,106919.9951171875,0.883,0.20723816753959876
2026-03-19 18:35:22.659104109,106919.9951171875,0.883,0.20723816753158883
2026-03-19 18:35:22.708126783,106919.9951171875,0.884,0.2061476552788723
2026-03-19 18:35:22.745509148,106919.9951171875,0.884,0.20614765527539547
2026-03-19 18:35:22.829992771,106919.9951171875,0.884,0.20614765524422124
2026-03-19 18:35:22.873855352,106919.9951171875,0.884,0.20614765511980734
2026-03-19 18:35:22.917570114,106919.9951171875,0.884,0.2061476550148333
2026-03-19 18:35:23.002456427,106919.9951171875,0.884,0.2061476549000165
2026-03-19 18:35:23.045852423,106919.9951171875,0.884,0.20614765486164588
2026-03-19 18:35:23.090004444,106919.9951171875,0.884,0.2061476548462127
2026-03-19 18:35:23.135152102,106919.9951171875,0.884,0.20614765479357974
2026-03-19 18:35:23.218901396,106919.9951171875,0.884,0.2061476549133297
2026-03-19 18:35:23.262182236,106919.9951171875,0.884,0.20614765489329898
2026-03-19 18:35:23.307933569,106919.9951171875,0.884,0.20614765492885057
2026-03-19 18:35:23.390905380,106919.9951171875,0.884,0.20614765505188762
2026-03-19 18:35:23.434753895,106919.9951171875,0.884,0.20614765499448787
2026-03-19 18:35:23.477576494,106919.9951171875,0.884,0.20614765501145552
2026-03-19 18:35:23.562884092,106919.9951171875,0.884,0.20614765500031965
2026-03-19 18:35:23.607030630,106919.9951171875,0.884,0.20614765502700566
2026-03-19 18:35:23.650382519,106919.9951171875,0.884,0.2061476551153012
2026-03-19 18:35:23.694058895,106919.9951171875,0.884,0.20614765511985988
2026-03-19 18:35:23.778717279,106919.9951171875,0.884,0.20614765507166558
2026-03-19 18:35:23.822573185,106919.9951171875,0.884,0.20614765510971278
2026-03-19 18:35:23.866426468,106919.9951171875,0.884,0.2061476550220473
2026-03-19 18:35:23.951738119,106919.9951171875,0.884,0.20614765495844498
2026-03-19 18:35:23.995458603,106919.9951171875,0.884,0.20614765485540998
2026-03-19 18:35:24.039346695,106919.9951171875,0.883,0.20723816703450093
2026-03-19 18:35:24.084961414,106919.9951171875,0.883,0.2072381670447538
2026-03-19 18:35:24.167233944,106929.99267578124,0.883,0.20834952917011043
2026-03-19 18:35:24.210474014,106929.99267578124,0.883,0.2083495290209972
2026-03-19 18:35:24.254698753,106929.99267578124,0.883,0.20834952898074005
2026-03-19 18:35:24.322227001,106929.99267578124,0.883,0.20834952905525744
2026-03-19 18:35:24.382380247,106929.99267578124,0.883,0.20834952900231204
2026-03-19 18:35:24.426524878,106929.99267578124,0.883,0.2083495291070619
2026-03-19 18:35:24.470756292,106929.99267578124,0.883,0.20834952905116186
2026-03-19 18:35:24.556923389,106929.99267578124,0.883,0.20834952892734926
2026-03-19 18:35:24.598540068,106929.99267578124,0.883,0.20834952899710962
2026-03-19 18:35:24.642934084,106929.99267578124,0.883,0.20834952906413887
2026-03-19 18:35:24.686032772,106929.99267578124,0.883,0.20834952914218513
2026-03-19 18:35:24.771888494,106929.99267578124,0.883,0.20834952914714905
2026-03-19 18:35:24.815049410,106929.99267578124,0.883,0.2083495291082547
2026-03-19 18:35:24.859181166,106929.99267578124,0.883,0.20834952914799873
2026-03-19 18:35:24.943431616,106929.99267578124,0.883,0.2083495291560093
2026-03-19 18:35:24.987327576,106929.99267578124,0.883,0.20834952920778263
2026-03-19 18:35:25.030876160,106929.99267578124,0.883,0.20834952923394526
2026-03-19 18:35:25.116145372,106929.99267578124,0.883,0.2083495291689846
2026-03-19 18:35:25.158806801,106929.99267578124,0.883,0.20834952904596174
2026-03-19 18:35:25.203332901,106929.99267578124,0.883,0.20834952899464135
2026-03-19 18:35:25.287993431,106929.99267578124,0.883,0.20834952891074587
2026-03-19 18:35:25.332003832,106929.99267578124,0.883,0.2083495288709481
2026-03-19 18:35:25.374581814,106929.99267578124,0.883,0.20834952875582496
2026-03-19 18:35:25.418587446,106929.99267578124,0.883,0.20834952869166354
2026-03-19 18:35:25.503391504,106929.99267578124,0.883,0.20834952862414394
2026-03-19 18:35:25.546919584,106929.99267578124,0.883,0.2083495285364092
2026-03-19 18:35:25.591325283,106929.99267578124,0.883,0.20834952858188077
2026-03-19 18:35:25.634602308,106929.99267578124,0.883,0.20834952872234588
2026-03-19 18:35:25.720518827,106929.99267578124,0.883,0.20834952865676537
2026-03-19 18:35:25.763583899,106929.99267578124,0.883,0.2083495286323476
2026-03-19 18:35:25.807392359,106929.99267578124,0.883,0.20834952845212354
2026-03-19 18:35:25.892493486,106929.99267578124,0.883,0.208349528144646
2026-03-19 18:35:25.937451839,106929.99267578124,0.882,0.20944004051440326
2026-03-19 18:35:25.980143309,106929.99267578124,0.882,0.20944004053747994
2026-03-19 18:35:26.064478874,106929.99267578124,0.882,0.20944004059807414
2026-03-19 18:35:26.108960629,106929.99267578124,0.882,0.2094400409394895
2026-03-19 18:35:26.151306629,106929.99267578124,0.882,0.2094400408094474
2026-03-19 18:35:26.195096493,106929.99267578124,0.882,0.20944004059405807
2026-03-19 18:35:26.264179707,106929.99267578124,0.882,0.20944004059821034
2026-03-19 18:35:26.323247433,106929.99267578124,0.882,0.20944004034453348
2026-03-19 18:35:26.368052959,106929.99267578124,0.882,0.20944004028200103
2026-03-19 18:35:26.409823179,106929.99267578124,0.882,0.20944004021875814
2026-03-19 18:35:26.495321035,106929.99267578124,0.882,0.20944004035601405
2026-03-19 18:35:26.539491653,106929.99267578124,0.882,0.20944004072641156
2026-03-19 18:35:26.583255768,106929.99267578124,0.882,0.20944004075681943
2026-03-19 18:35:26.626766920,106929.99267578124,0.882,0.20944004050551943
2026-03-19 18:35:26.711664915,106929.99267578124,0.882,0.20944004054123533
2026-03-19 18:35:26.756470442,106929.99267578124,0.882,0.2094400404133525
2026-03-19 18:35:26.800494909,106929.99267578124,0.882,0.2094400404712202
2026-03-19 18:35:26.885754108,106929.99267578124,0.882,0.20944004051353943
2026-03-19 18:35:26.927448034,106929.99267578124,0.869,0.2236167008429626
2026-03-19 18:35:26.971061707,106929.99267578124,0.869,0.2236167009328507
2026-03-19 18:35:27.058129072,106929.99267578124,0.869,0.22361670096410424
2026-03-19 18:35:27.101293087,106929.99267578124,0.869,0.22361670105032366
2026-03-19 18:35:27.144304752,106929.99267578124,0.869,0.22361670103335277
2026-03-19 18:35:27.230511665,106929.99267578124,0.869,0.22361670108417578
2026-03-19 18:35:27.272530556,106929.99267578124,0.855,0.23888387349503518
2026-03-19 18:35:27.316365719,106929.99267578124,0.855,0.23888387344229073
2026-03-19 18:35:27.360656500,106929.99267578124,0.855,0.23888387361458452
2026-03-19 18:35:27.444596767,106929.99267578124,0.855,0.23888387357520563
2026-03-19 18:35:27.488527775,106929.99267578124,0.855,0.23888387355186405
2026-03-19 18:35:27.532476187,106929.99267578124,0.855,0.23888387364096667
2026-03-19 18:35:27.575366974,106929.99267578124,0.842,0.25306053374525533
2026-03-19 18:35:27.661256313,106929.99267578124,0.842,0.2530605338588676
2026-03-19 18:35:27.707505703,106929.99267578124,0.842,0.2530605337167812
2026-03-19 18:35:27.749742031,106929.99267578124,0.842,0.25306053354303254
2026-03-19 18:35:27.832786798,106929.99267578124,0.842,0.2530605333379734
2026-03-19 18:35:27.876516104,106929.99267578124,0.842,0.25306053297347686
2026-03-19 18:35:27.920964956,106929.99267578124,0.828,0.2683277057598507
2026-03-19 18:35:28.008964777,106929.99267578124,0.828,0.26832770570100406
2026-03-19 18:35:28.049185753,106929.99267578124,0.828,0.2683277059930783
2026-03-19 18:35:28.092708349,106929.99267578124,0.828,0.2683277061460454
2026-03-19 18:35:28.138964176,106940.00244140624,0.828,0.2694404251006309
2026-03-19 18:35:28.206182241,106940.00244140624,0.815,0.28361708529961394
2026-03-19 18:35:28.263512373,106940.00244140624,0.815,0.283617085325428
2026-03-19 18:35:28.308837414,106940.00244140624,0.815,0.28361708507106853
2026-03-19 18:35:28.352420092,106940.00244140624,0.815,0.2836170852483945
2026-03-19 18:35:28.436474085,106940.00244140624,0.815,0.28361708528403207
2026-03-19 18:35:28.481528282,106940.00244140624,0.815,0.28361708510803846
2026-03-19 18:35:28.524930954,106940.00244140624,0.815,0.2836170852095255
2026-03-19 18:35:28.566896915,106940.00244140624,0.802,0.2977937455559723
2026-03-19 18:35:28.652920961,106940.00244140624,0.802,0.2977937459519383
2026-03-19 18:35:28.697143078,106940.00244140624,0.802,0.29779374597662955
2026-03-19 18:35:28.783555508,106940.00244140624,0.802,0.2977937462721973
2026-03-19 18:35:28.825711489,106940.00244140624,0.802,0.29779374559302835
2026-03-19 18:35:28.869911909,106940.00244140624,0.788,0.31306091773360156
2026-03-19 18:35:28.912410498,106940.00244140624,0.788,0.31306091786922613
2026-03-19 18:35:28.998007059,106940.00244140624,0.788,0.31306091727687085
2026-03-19 18:35:29.041090488,106940.00244140624,0.788,0.313060917815434
2026-03-19 18:35:29.084134817,106940.00244140624,0.788,0.3130609179337111
2026-03-19 18:35:29.169893503,106940.00244140624,0.788,0.31306091755384113
2026-03-19 18:35:29.213635921,106940.00244140624,0.776,0.3261470658735731
2026-03-19 18:35:29.257991552,106940.00244140624,0.776,0.32614706591534837
2026-03-19 18:35:29.302285910,106940.00244140624,0.776,0.3261470658652198
2026-03-19 18:35:29.385234356,106940.00244140624,0.776,0.32614706609373545
2026-03-19 18:35:29.430950165,106940.00244140624,0.776,0.3261470657275753
2026-03-19 18:35:29.473782063,106940.00244140624,0.776,0.3261470657522221
2026-03-19 18:35:29.516022443,106940.00244140624,0.763,0.34032372608033007
2026-03-19 18:35:29.602075815,106940.00244140624,0.763,0.3403237260458081
2026-03-19 18:35:29.645009041,106940.00244140624,0.763,0.34032372644446135
2026-03-19 18:35:29.730257511,106940.00244140624,0.763,0.3403237266242923
2026-03-19 18:35:29.775230408,106940.00244140624,0.763,0.3403237265635008
2026-03-19 18:35:29.818960905,106940.00244140624,0.763,0.34032372657678667
2026-03-19 18:35:29.860653162,106940.00244140624,0.75,0.3545003865774302
2026-03-19 18:35:29.946526766,106940.00244140624,0.75,0.35450038648597965
2026-03-19 18:35:29.989753008,106940.00244140624,0.75,0.35450038644932746
2026-03-19 18:35:30.034576416,106940.00244140624,0.75,0.3545003863149385
2026-03-19 18:35:30.118270874,106940.00244140624,0.75,0.35450038632891206
2026-03-19 18:35:30.158426285,106909.99755859376,0.737,0.36534160294715184
2026-03-19 18:35:30.207551003,106909.99755859376,0.737,0.3653416029574693
2026-03-19 18:35:30.250071049,106909.99755859376,0.737,0.36534160311044644
2026-03-19 18:35:30.292708874,106909.99755859376,0.737,0.3653416031911364
2026-03-19 18:35:30.377582788,106909.99755859376,0.737,0.3653416032503728
2026-03-19 18:35:30.421710730,106909.99755859376,0.737,0.365341603234049
2026-03-19 18:35:30.467212915,106909.99755859376,0.737,0.36534160315356845
2026-03-19 18:35:30.551844835,106909.99755859376,0.725,0.3784277509969329
2026-03-19 18:35:30.593369961,106909.99755859376,0.725,0.3784277508799943
2026-03-19 18:35:30.637955666,106909.99755859376,0.725,0.37842775094757386
2026-03-19 18:35:30.722380400,106909.99755859376,0.725,0.37842775101174486
2026-03-19 18:35:30.765838861,106909.99755859376,0.725,0.37842775108880483
2026-03-19 18:35:30.810099602,106909.99755859376,0.713,0.3915138989128332
2026-03-19 18:35:30.853675604,106909.99755859376,0.713,0.39151389879540033
2026-03-19 18:35:30.938004017,106909.99755859376,0.713,0.39151389879504656
2026-03-19 18:35:30.982939243,106909.99755859376,0.713,0.3915138988073901
2026-03-19 18:35:31.027240753,106909.99755859376,0.713,0.3915138987291178
2026-03-19 18:35:31.110194206,106909.99755859376,0.713,0.39151389870636466
2026-03-19 18:35:31.153574228,106909.99755859376,0.701,0.40460004648009296
2026-03-19 18:35:31.198929548,106909.99755859376,0.701,0.40460004652198667
2026-03-19 18:35:31.241954565,106909.99755859376,0.701,0.40460004659640664
2026-03-19 18:35:31.327860832,106909.99755859376,0.701,0.4046000465019273
2026-03-19 18:35:31.370356798,106909.99755859376,0.701,0.40460004663551363
2026-03-19 18:35:31.414147377,106909.99755859376,0.701,0.40460004662384824
2026-03-19 18:35:31.498877764,106909.99755859376,0.689,0.4176861944665294
2026-03-19 18:35:31.542027712,106909.99755859376,0.689,0.41768619452335864
2026-03-19 18:35:31.585698605,106909.99755859376,0.689,0.41768619454293227
2026-03-19 18:35:31.671515703,106909.99755859376,0.689,0.4176861946956148
2026-03-19 18:35:31.715106487,106909.99755859376,0.689,0.41768619473673846
2026-03-19 18:35:31.759742498,106909.99755859376,0.689,0.41768619478212465
2026-03-19 18:35:31.802888632,106909.99755859376,0.678,0.42968183042641905
2026-03-19 18:35:31.887269258,106909.99755859376,0.678,0.4296818304471468
2026-03-19 18:35:31.930245161,106909.99755859376,0.678,0.42968183046219544
2026-03-19 18:35:31.974141359,106909.99755859376,0.678,0.42968183055786097
2026-03-19 18:35:32.060437918,106909.99755859376,0.678,0.42968183044402825
2026-03-19 18:35:32.107630491,106909.99755859376,0.667,0.44167746595491847
2026-03-19 18:35:32.146938086,106940.00244140624,0.667,0.4450129095256867
2026-03-19 18:35:32.188921928,106940.00244140624,0.667,0.4450129094786039
2026-03-19 18:35:32.274459362,106940.00244140624,0.667,0.44501290949830813
2026-03-19 18:35:32.318406820,106940.00244140624,0.667,0.44501290941929683
2026-03-19 18:35:32.361744165,106940.00244140624,0.667,0.44501290935128834
2026-03-19 18:35:32.424968719,106940.00244140624,0.656,0.4570085448302041
2026-03-19 18:35:32.490554094,106940.00244140624,0.656,0.45700854479229486
2026-03-19 18:35:32.534332037,106940.00244140624,0.656,0.4570085447231413
2026-03-19 18:35:32.576889753,106940.00244140624,0.656,0.45700854467492225
2026-03-19 18:35:32.663261890,106940.00244140624,0.656,0.4570085446267115
2026-03-19 18:35:32.706324339,106940.00244140624,0.656,0.4570085446235144
2026-03-19 18:35:32.752972841,106940.00244140624,0.645,0.46900418005564565
2026-03-19 18:35:32.793437481,106940.00244140624,0.645,0.4690041800357261
2026-03-19 18:35:32.881693602,106940.00244140624,0.645,0.46900418002756217
2026-03-19 18:35:32.923537016,106940.00244140624,0.645,0.4690041801070291
2026-03-19 18:35:32.965875387,106940.00244140624,0.645,0.46900418018056367
2026-03-19 18:35:33.051246881,106940.00244140624,0.645,0.4690041803007663
2026-03-19 18:35:33.095070839,106940.00244140624,0.634,0.48099981589616597
2026-03-19 18:35:33.139382362,106940.00244140624,0.634,0.48099981591535435
2026-03-19 18:35:33.181777954,106940.00244140624,0.634,0.48099981588040375
2026-03-19 18:35:33.267420292,106940.00244140624,0.634,0.48099981590954377
2026-03-19 18:35:33.310688734,106940.00244140624,0.634,0.48099981588359286
2026-03-19 18:35:33.399286747,106940.00244140624,0.634,0.48099981588054336
2026-03-19 18:35:33.440144062,106940.00244140624,0.633,0.4820903283280121
2026-03-19 18:35:33.482805252,106940.00244140624,0.633,0.4820903283704733
2026-03-19 18:35:33.526525259,106940.00244140624,0.633,0.48209032846038435
2026-03-19 18:35:33.612315655,106940.00244140624,0.633,0.4820903285116872
2026-03-19 18:35:33.660630465,106940.00244140624,0.633,0.4820903284775722
2026-03-19 18:35:33.700674295,106940.00244140624,0.633,0.4820903284749157
2026-03-19 18:35:33.742897034,106940.00244140624,0.633,0.48209032841549226
2026-03-19 18:35:33.828363419,106940.00244140624,0.633,0.4820903283856351
2026-03-19 18:35:33.872307777,106940.00244140624,0.633,0.48209032834315485
2026-03-19 18:35:33.915949106,106940.00244140624,0.633,0.48209032843751654
2026-03-19 18:35:33.999665976,106940.00244140624,0.633,0.4820903284837286
2026-03-19 18:35:34.044905901,106940.00244140624,0.633,0.48209032856664275
2026-03-19 18:35:34.089072704,106940.00244140624,0.633,0.4820903286206451
2026-03-19 18:35:34.132450342,106940.00244140624,0.633,0.4820903285231064
2026-03-19 18:35:34.215415001,106900.0,0.633,0.4776435227935659
2026-03-19 18:35:34.260037899,106900.0,0.633,0.47764352267270754
2026-03-19 18:35:34.304880381,106900.0,0.633,0.4776435225930106
2026-03-19 18:35:34.361905098,106900.0,0.633,0.4776435226852212
2026-03-19 18:35:34.431660414,106900.0,0.633,0.4776435227570036
2026-03-19 18:35:34.475470304,106900.0,0.633,0.4776435228617858
2026-03-19 18:35:34.519882917,106900.0,0.633,0.47764352300441115
2026-03-19 18:35:34.606140375,106900.0,0.633,0.47764352302534985
2026-03-19 18:35:34.651043177,106900.0,0.633,0.477643523005001
2026-03-19 18:35:34.692336559,106900.0,0.632,0.47873403525656094
2026-03-19 18:35:34.736066341,106900.0,0.632,0.4787340351549333
2026-03-19 18:35:34.819467783,106900.0,0.632,0.47873403512938123
2026-03-19 18:35:34.863334417,106900.0,0.632,0.4787340351786153
2026-03-19 18:35:34.907277107,106900.0,0.632,0.4787340352788998
2026-03-19 18:35:34.993238449,106900.0,0.632,0.47873403540249576
2026-03-19 18:35:35.036685228,106900.0,0.632,0.47873403544357046
2026-03-19 18:35:35.080571890,106900.0,0.632,0.4787340355185393
2026-03-19 18:35:35.164464951,106900.0,0.632,0.47873403547524923
2026-03-19 18:35:35.207926750,106900.0,0.632,0.47873403545422644
2026-03-19 18:35:35.255871534,106900.0,0.632,0.47873403548503335
2026-03-19 18:35:35.336746454,106900.0,0.632,0.4787340355072067
2026-03-19 18:35:35.381047487,106900.0,0.632,0.4787340357004621
2026-03-19 18:35:35.425292492,106900.0,0.632,0.4787340358719598
2026-03-19 18:35:35.468260050,106900.0,0.632,0.4787340359655517
2026-03-19 18:35:35.552422047,106900.0,0.632,0.47873403605229703
2026-03-19 18:35:35.596972942,106900.0,0.632,0.4787340359955264
2026-03-19 18:35:35.641992569,106900.0,0.632,0.4787340359888723
2026-03-19 18:35:35.683258295,106900.0,0.632,0.47873403596275155
2026-03-19 18:35:35.768655539,106900.0,0.632,0.47873403590697866
2026-03-19 18:35:35.812346935,106900.0,0.632,0.4787340359931844
2026-03-19 18:35:35.857029676,106900.0,0.632,0.47873403602475395
2026-03-19 18:35:35.941883087,106900.0,0.632,0.47873403604522324
2026-03-19 18:35:35.984620810,106900.0,0.632,0.4787340361115698
2026-03-19 18:35:36.028707981,106900.0,0.632,0.47873403609954895
2026-03-19 18:35:36.113776922,106900.0,0.632,0.4787340361079196
2026-03-19 18:35:36.157095432,106929.99267578124,0.632,0.4820681226630722
2026-03-19 18:35:36.205938101,106929.99267578124,0.632,0.48206812256405795
2026-03-19 18:35:36.244547367,106929.99267578124,0.632,0.48206812251370457
2026-03-19 18:35:36.307092905,106929.99267578124,0.632,0.4820681225310237
2026-03-19 18:35:36.372725964,106929.99267578124,0.632,0.4820681225113085
2026-03-19 18:35:36.416928768,106929.99267578124,0.632,0.48206812253291614
2026-03-19 18:35:36.460680246,106929.99267578124,0.632,0.48206812258546844
2026-03-19 18:35:36.544560909,106929.99267578124,0.632,0.4820681225462864
2026-03-19 18:35:36.589474440,106929.99267578124,0.632,0.48206812250415665
2026-03-19 18:35:36.632901430,106929.99267578124,0.632,0.48206812259228027
2026-03-19 18:35:36.675883293,106929.99267578124,0.632,0.48206812251155945
2026-03-19 18:35:36.761317492,106929.99267578124,0.632,0.48206812260818943
2026-03-19 18:35:36.805289030,106929.99267578124,0.632,0.48206812264610477
2026-03-19 18:35:36.848493099,106929.99267578124,0.632,0.4820681225047913
2026-03-19 18:35:36.933039904,106929.99267578124,0.632,0.482068122694777
2026-03-19 18:35:36.977196932,106929.99267578124,0.632,0.48206812265681764
2026-03-19 18:35:37.019819498,106929.99267578124,0.632,0.48206812256969944
2026-03-19 18:35:37.105187416,106929.99267578124,0.632,0.4820681228106274
2026-03-19 18:35:37.148833752,106929.99267578124,0.632,0.48206812269286975
2026-03-19 18:35:37.193730831,106929.99267578124,0.632,0.48206812274501054
2026-03-19 18:35:37.273283482,106929.99267578124,0.632,0.48206812281129197
2026-03-19 18:35:37.321567535,106929.99267578124,0.632,0.48206812272635075
2026-03-19 18:35:37.364515543,106929.99267578124,0.632,0.48206812288014705
2026-03-19 18:35:37.409041882,106929.99267578124,0.632,0.4820681229740809
2026-03-19 18:35:37.493361712,106929.99267578124,0.632,0.4820681228137141
2026-03-19 18:35:37.537606001,106929.99267578124,0.632,0.482068122856658
2026-03-19 18:35:37.581898689,106929.99267578124,0.632,0.48206812288119616
2026-03-19 18:35:37.625000954,106929.99267578124,0.632,0.4820681227660648
2026-03-19 18:35:37.709344625,106929.99267578124,0.632,0.48206812292837775
2026-03-19 18:35:37.759313107,106929.99267578124,0.632,0.4820681228929474
2026-03-19 18:35:37.797593355,106929.99267578124,0.632,0.48206812285764905
2026-03-19 18:35:37.882163286,106929.99267578124,0.632,0.4820681229911146
2026-03-19 18:35:37.926309109,106929.99267578124,0.632,0.482068122963317
2026-03-19 18:35:37.970104218,106929.99267578124,0.632,0.48206812298189805
2026-03-19 18:35:38.054234982,106929.99267578124,0.632,0.48206812311430314
2026-03-19 18:35:38.100407362,106929.99267578124,0.632,0.4820681230205916
2026-03-19 18:35:38.142160177,106929.99267578124,0.632,0.4820681230114621
2026-03-19 18:35:38.226881504,106929.99267578124,0.632,0.48206812305704067
2026-03-19 18:35:38.271362305,106929.99267578124,0.632,0.48206812296550106
2026-03-19 18:35:38.313461781,106929.99267578124,0.632,0.4820681229794622
2026-03-19 18:35:38.358309507,106929.99267578124,0.632,0.48206812300826896
2026-03-19 18:35:38.443165779,106929.99267578124,0.632,0.4820681229583019
2026-03-19 18:35:38.486792564,106929.99267578124,0.632,0.48206812294906853
2026-03-19 18:35:38.531052588,106929.99267578124,0.632,0.48206812290830664
2026-03-19 18:35:38.574137449,106929.99267578124,0.632,0.48206812280322636
2026-03-19 18:35:38.659776926,106929.99267578124,0.632,0.48206812278591216
2026-03-19 18:35:38.702384233,106929.99267578124,0.632,0.48206812274990446
2026-03-19 18:35:38.748689413,106929.99267578124,0.632,0.48206812266238486
2026-03-19 18:35:38.858000755,106929.99267578124,0.632,0.4820681226626892
2026-03-19 18:35:38.875101089,106929.99267578124,0.632,0.48206812269240623
2026-03-19 18:35:38.918282032,106929.99267578124,0.632,0.48206812254295206
2026-03-19 18:35:39.003429174,106929.99267578124,0.632,0.48206812283741096
2026-03-19 18:35:39.046898842,106929.99267578124,0.632,0.4820681225933272
2026-03-19 18:35:39.089973211,106929.99267578124,0.632,0.48206812284806294
2026-03-19 18:35:39.175126076,106929.99267578124,0.632,0.4820681228529116
2026-03-19 18:35:39.219473124,106929.99267578124,0.632,0.48206812275561345
2026-03-19 18:35:39.262551546,106929.99267578124,0.632,0.48206812285052797
2026-03-19 18:35:39.308389425,106929.99267578124,0.632,0.482068122867803
2026-03-19 18:35:39.391033888,106929.99267578124,0.632,0.48206812280177874
2026-03-19 18:35:39.435981989,106929.99267578124,0.632,0.48206812288668544
2026-03-19 18:35:39.480304241,106929.99267578124,0.632,0.48206812290106427
2026-03-19 18:35:39.539110422,106929.99267578124,0.632,0.4820681229238314
2026-03-19 18:35:39.607620001,106929.99267578124,0.632,0.48206812297759777
2026-03-19 18:35:39.650702953,106929.99267578124,0.632,0.48206812305795116
2026-03-19 18:35:39.693977118,106929.99267578124,0.632,0.48206812301937446
2026-03-19 18:35:39.780056477,106929.99267578124,0.632,0.4820681230742201
2026-03-19 18:35:39.823273659,106929.99267578124,0.632,0.4820681230141718
2026-03-19 18:35:39.867007256,106929.99267578124,0.631,0.4831586351560292
2026-03-19 18:35:39.954333782,106929.99267578124,0.631,0.48315863519917707
2026-03-19 18:35:39.996562004,106929.99267578124,0.631,0.4831586350516326
2026-03-19 18:35:40.039493799,106929.99267578124,0.631,0.48315863499145745
2026-03-19 18:35:40.124380112,106929.99267578124,0.631,0.483158635079244
2026-03-19 18:35:40.168801308,106909.99755859376,0.631,0.4809359106368957
2026-03-19 18:35:40.211024284,106909.99755859376,0.632,0.47984539831779854
2026-03-19 18:35:40.257107973,106909.99755859376,0.632,0.47984539828319545
2026-03-19 18:35:40.301003695,106909.99755859376,0.632,0.4798453981283774
2026-03-19 18:35:40.383550882,106909.99755859376,0.632,0.4798453980290978
2026-03-19 18:35:40.427601814,106909.99755859376,0.632,0.47984539799537723
2026-03-19 18:35:40.471345425,106909.99755859376,0.632,0.47984539796650294
2026-03-19 18:35:40.515446186,106909.99755859376,0.632,0.4798453981037253
2026-03-19 18:35:40.599626303,106909.99755859376,0.632,0.4798453981793288
2026-03-19 18:35:40.642784357,106909.99755859376,0.632,0.47984539822172734
2026-03-19 18:35:40.728400946,106909.99755859376,0.632,0.4798453982941423
2026-03-19 18:35:40.772577286,106909.99755859376,0.632,0.4798453983409507
2026-03-19 18:35:40.815556049,106909.99755859376,0.632,0.47984539844887136
2026-03-19 18:35:40.859408379,106909.99755859376,0.631,0.4809359107248119
2026-03-19 18:35:40.943852901,106909.99755859376,0.631,0.4809359107856011
2026-03-19 18:35:40.989536285,106909.99755859376,0.631,0.4809359108523503
2026-03-19 18:35:41.031788111,106909.99755859376,0.631,0.4809359108747038
2026-03-19 18:35:41.116059542,106909.99755859376,0.631,0.4809359109665934
2026-03-19 18:35:41.160674572,106909.99755859376,0.631,0.48093591101804173
2026-03-19 18:35:41.204027653,106909.99755859376,0.631,0.48093591105191713
2026-03-19 18:35:41.248277664,106909.99755859376,0.631,0.48093591107281475
2026-03-19 18:35:41.332482100,106909.99755859376,0.631,0.48093591099213534
2026-03-19 18:35:41.377069712,106909.99755859376,0.631,0.480935910972682
2026-03-19 18:35:41.420358419,106909.99755859376,0.631,0.48093591100211014
2026-03-19 18:35:41.480536699,106909.99755859376,0.636,0.4754833494283215
2026-03-19 18:35:41.548321962,106909.99755859376,0.636,0.47548334946645227
2026-03-19 18:35:41.592621565,106909.99755859376,0.636,0.4754833495282951
2026-03-19 18:35:41.678119898,106909.99755859376,0.636,0.475483349614383
2026-03-19 18:35:41.721175909,106909.99755859376,0.636,0.47548334968040895
2026-03-19 18:35:41.763979673,106909.99755859376,0.636,0.4754833497530402
2026-03-19 18:35:41.807933092,106909.99755859376,0.641,0.4700307882102448
2026-03-19 18:35:41.892755985,106909.99755859376,0.641,0.47003078821472627
2026-03-19 18:35:41.936990499,106909.99755859376,0.641,0.4700307881801102
2026-03-19 18:35:41.979988813,106909.99755859376,0.641,0.4700307881030194
2026-03-19 18:35:42.066544294,106909.99755859376,0.641,0.47003078813451693
2026-03-19 18:35:42.108708382,106909.99755859376,0.641,0.4700307881343747
2026-03-19 18:35:42.152057171,106929.99267578124,0.645,0.4678914631854716
2026-03-19 18:35:42.195379496,106929.99267578124,0.645,0.4678914632393629
2026-03-19 18:35:42.240387440,106929.99267578124,0.645,0.46789146328819026
2026-03-19 18:35:42.325412750,106929.99267578124,0.645,0.46789146323761527
2026-03-19 18:35:42.368500710,106929.99267578124,0.645,0.46789146314407015
2026-03-19 18:35:42.411193371,106929.99267578124,0.645,0.4678914630858415
2026-03-19 18:35:42.497049093,106929.99267578124,0.649,0.4635294138085312
2026-03-19 18:35:42.540010691,106929.99267578124,0.649,0.4635294137852671
2026-03-19 18:35:42.584171295,106929.99267578124,0.649,0.46352941379843543
2026-03-19 18:35:42.668646574,106929.99267578124,0.649,0.463529413799238
2026-03-19 18:35:42.713271618,106929.99267578124,0.649,0.4635294139081471
2026-03-19 18:35:42.757311106,106929.99267578124,0.649,0.4635294139363917
2026-03-19 18:35:42.799472809,106929.99267578124,0.649,0.4635294139519053
2026-03-19 18:35:42.885131598,106929.99267578124,0.649,0.4635294139898256
2026-03-19 18:35:42.928978443,106929.99267578124,0.649,0.4635294139233098
2026-03-19 18:35:42.972817898,106929.99267578124,0.649,0.46352941391884533
2026-03-19 18:35:43.057769060,106929.99267578124,0.649,0.46352941392378005
2026-03-19 18:35:43.106048107,106929.99267578124,0.654,0.4580768523904987
2026-03-19 18:35:43.144510508,106929.99267578124,0.654,0.4580768524461449
2026-03-19 18:35:43.188157797,106929.99267578124,0.654,0.45807685245710583
2026-03-19 18:35:43.273387671,106929.99267578124,0.654,0.4580768524902923
2026-03-19 18:35:43.316610575,106929.99267578124,0.654,0.4580768524544489
2026-03-19 18:35:43.362326384,106929.99267578124,0.654,0.4580768524222319
2026-03-19 18:35:43.445920706,106929.99267578124,0.654,0.4580768524121355
2026-03-19 18:35:43.488736153,106929.99267578124,0.654,0.4580768523295033
2026-03-19 18:35:43.532701492,106929.99267578124,0.654,0.4580768523303495
2026-03-19 18:35:43.617540359,106929.99267578124,0.654,0.4580768523181468
2026-03-19 18:35:43.661156893,106929.99267578124,0.654,0.4580768522851623
2026-03-19 18:35:43.706705093,106929.99267578124,0.654,0.45807685234398277
2026-03-19 18:35:43.756956577,106929.99267578124,0.654,0.4580768523042765
2026-03-19 18:35:43.833836555,106929.99267578124,0.654,0.45807685233732065
2026-03-19 18:35:43.877326965,106929.99267578124,0.654,0.458076852339231
2026-03-19 18:35:43.922467709,106929.99267578124,0.654,0.458076852302702
2026-03-19 18:35:44.006501198,106929.99267578124,0.654,0.4580768523359276
2026-03-19 18:35:44.050374746,106929.99267578124,0.654,0.45807685234649187
2026-03-19 18:35:44.093197107,106929.99267578124,0.654,0.4580768523563863
2026-03-19 18:35:44.137590408,106929.99267578124,0.654,0.4580768523922149
2026-03-19 18:35:44.181346416,106940.00244140624,0.654,0.4591895715533324
2026-03-19 18:35:44.264813900,106940.00244140624,0.654,0.4591895715315304
2026-03-19 18:35:44.309436083,106940.00244140624,0.654,0.45918957156244494
2026-03-19 18:35:44.391839266,106940.00244140624,0.653,0.4602800839042223
2026-03-19 18:35:44.436960697,106940.00244140624,0.653,0.460280083876404
2026-03-19 18:35:44.481608152,106940.00244140624,0.653,0.46028008388930003
2026-03-19 18:35:44.525134801,106940.00244140624,0.653,0.46028008390726194
2026-03-19 18:35:44.609885693,106940.00244140624,0.653,0.4602800838895716
2026-03-19 18:35:44.653221130,106940.00244140624,0.653,0.4602800839120855
2026-03-19 18:35:44.698145151,106940.00244140624,0.653,0.460280083888342
2026-03-19 18:35:44.742893696,106940.00244140624,0.653,0.4602800838864781
2026-03-19 18:35:44.825100899,106940.00244140624,0.653,0.46028008389745545
2026-03-19 18:35:44.869661093,106940.00244140624,0.653,0.4602800838704255
2026-03-19 18:35:44.913677931,106940.00244140624,0.653,0.46028008380444924
2026-03-19 18:35:44.998315811,106940.00244140624,0.653,0.4602800837902741
2026-03-19 18:35:45.042400837,106940.00244140624,0.653,0.46028008380491786
2026-03-19 18:35:45.085277319,106940.00244140624,0.653,0.4602800837829792
2026-03-19 18:35:45.131217957,106940.00244140624,0.653,0.46028008381862584
2026-03-19 18:35:45.213871717,106940.00244140624,0.653,0.4602800838348468
2026-03-19 18:35:45.258651495,106940.00244140624,0.653,0.4602800839077782
2026-03-19 18:35:45.343328714,106940.00244140624,0.653,0.46028008401980147
2026-03-19 18:35:45.386201382,106940.00244140624,0.653,0.460280084018534
2026-03-19 18:35:45.429529428,106940.00244140624,0.653,0.46028008401041315
2026-03-19 18:35:45.473129988,106940.00244140624,0.653,0.46028008404658594
2026-03-19 18:35:45.559913635,106940.00244140624,0.653,0.4602800839825118
2026-03-19 18:35:45.601800203,106940.00244140624,0.653,0.46028008398485915
2026-03-19 18:35:45.647013903,106940.00244140624,0.653,0.4602800840548774
2026-03-19 18:35:45.690384388,106940.00244140624,0.652,0.46137059947793746
2026-03-19 18:35:45.775145531,106940.00244140624,0.652,0.4613705994838782
2026-03-19 18:35:45.818001270,106940.00244140624,0.652,0.46137059946676506
2026-03-19 18:35:45.862319946,106940.00244140624,0.652,0.46137059939608427
2026-03-19 18:35:45.946957588,106940.00244140624,0.652,0.4613705993221785
2026-03-19 18:35:45.990890503,106940.00244140624,0.652,0.46137059927105534
2026-03-19 18:35:46.035762787,106940.00244140624,0.652,0.46137059925992063
2026-03-19 18:35:46.077743769,106940.00244140624,0.652,0.46137059924216994
2026-03-19 18:35:46.163062811,106959.99755859376,0.652,0.4635933236120568
2026-03-19 18:35:46.207082510,106959.99755859376,0.652,0.4635933235495564
2026-03-19 18:35:46.250456332,106959.99755859376,0.652,0.4635933235176966
2026-03-19 18:35:46.336171150,106959.99755859376,0.652,0.46359332356207666
2026-03-19 18:35:46.378255367,106959.99755859376,0.651,0.4646838358769462
2026-03-19 18:35:46.422116756,106959.99755859376,0.651,0.4646838358618881
2026-03-19 18:35:46.465363503,106959.99755859376,0.651,0.46468383588371326
2026-03-19 18:35:46.551705122,106959.99755859376,0.651,0.4646838358099541
2026-03-19 18:35:46.594123602,106959.99755859376,0.651,0.46468383575245914
2026-03-19 18:35:46.638885260,106959.99755859376,0.651,0.46468383582567085
2026-03-19 18:35:46.680620909,106959.99755859376,0.651,0.46468383579835393
2026-03-19 18:35:46.765878201,106959.99755859376,0.651,0.46468383579215744
2026-03-19 18:35:46.809723139,106959.99755859376,0.651,0.4646838357399596
2026-03-19 18:35:46.858973026,106959.99755859376,0.651,0.46468383572082056
2026-03-19 18:35:46.939714909,106959.99755859376,0.651,0.46468383572435484
2026-03-19 18:35:46.983065128,106959.99755859376,0.651,0.4646838357028211
2026-03-19 18:35:47.026077271,106959.99755859376,0.651,0.4646838357117805
2026-03-19 18:35:47.111372709,106959.99755859376,0.651,0.4646838356630238
2026-03-19 18:35:47.158172607,106959.99755859376,0.651,0.46468383565827115
2026-03-19 18:35:47.198226452,106959.99755859376,0.651,0.4646838356415953
2026-03-19 18:35:47.283331394,106959.99755859376,0.651,0.46468383558386017
2026-03-19 18:35:47.327440500,106959.99755859376,0.65,0.4657743479045133
2026-03-19 18:35:47.370592356,106959.99755859376,0.65,0.4657743479294218
2026-03-19 18:35:47.415181160,106959.99755859376,0.65,0.46577434792233224
2026-03-19 18:35:47.498953581,106959.99755859376,0.65,0.4657743479786719
2026-03-19 18:35:47.544198036,106959.99755859376,0.65,0.4657743479898266
2026-03-19 18:35:47.588341713,106959.99755859376,0.65,0.46577434800111517
2026-03-19 18:35:47.636764050,106959.99755859376,0.65,0.46577434798668915
2026-03-19 18:35:47.715081215,106959.99755859376,0.65,0.4657743499405056
2026-03-19 18:35:47.759767294,106959.99755859376,0.65,0.4657743498989625
2026-03-19 18:35:47.805845261,106959.99755859376,0.65,0.4657743498908468
2026-03-19 18:35:47.887761354,106959.99755859376,0.65,0.46577434990476263
2026-03-19 18:35:47.931931257,106959.99755859376,0.65,0.4657743499077238
2026-03-19 18:35:47.974601269,106959.99755859376,0.646,0.47013639918806704
2026-03-19 18:35:48.060356617,106959.99755859376,0.646,0.47013639918782707
2026-03-19 18:35:48.106815577,106959.99755859376,0.646,0.4701363992587331
2026-03-19 18:35:48.150422812,106909.99755859376,0.646,0.46457823136348486
2026-03-19 18:35:48.190971613,106909.99755859376,0.646,0.4645782313751415
2026-03-19 18:35:48.277053595,106909.99755859376,0.646,0.4645782313934887
2026-03-19 18:35:48.319667816,106909.99755859376,0.643,0.4678497683326445
2026-03-19 18:35:48.362852097,106909.99755859376,0.643,0.467849768402385
2026-03-19 18:35:48.407273054,106909.99755859376,0.643,0.46784976841197873
2026-03-19 18:35:48.491194248,106909.99755859376,0.643,0.4678497684192461
2026-03-19 18:35:48.536587954,106909.99755859376,0.643,0.4678497683793865
2026-03-19 18:35:48.579967260,106909.99755859376,0.643,0.46784976834914127
2026-03-19 18:35:48.623050690,106909.99755859376,0.64,0.4711213052593421
2026-03-19 18:35:48.708093882,106909.99755859376,0.64,0.47112130525512425
2026-03-19 18:35:48.751374960,106909.99755859376,0.64,0.47112130524534795
2026-03-19 18:35:48.795236349,106909.99755859376,0.64,0.47112130521768686
2026-03-19 18:35:48.880199909,106909.99755859376,0.64,0.47112130515042494
2026-03-19 18:35:48.923560381,106909.99755859376,0.64,0.47112130516857603
2026-03-19 18:35:48.966779709,106909.99755859376,0.636,0.4754833544284653
2026-03-19 18:35:49.051808834,106909.99755859376,0.636,0.47548335440946515
2026-03-19 18:35:49.095481634,106909.99755859376,0.636,0.4754833544636351
2026-03-19 18:35:49.139044762,106909.99755859376,0.636,0.4754833544568579
2026-03-19 18:35:49.224832773,106909.99755859376,0.636,0.47548335448836265
2026-03-19 18:35:49.267952919,106909.99755859376,0.636,0.47548335451690427
2026-03-19 18:35:49.311420202,106909.99755859376,0.636,0.4754833544672979
2026-03-19 18:35:49.356921673,106909.99755859376,0.636,0.47548335452252743
2026-03-19 18:35:49.440380096,106909.99755859376,0.636,0.4754833545148843
2026-03-19 18:35:49.484537601,106909.99755859376,0.636,0.47548335449074924
2026-03-19 18:35:49.527476072,106909.99755859376,0.636,0.47548335448984785
2026-03-19 18:35:49.575848818,106909.99755859376,0.633,0.4787548913564575
2026-03-19 18:35:49.657814980,106909.99755859376,0.633,0.47875489126393866
2026-03-19 18:35:49.700576067,106909.99755859376,0.633,0.4787548914398533
2026-03-19 18:35:49.744106770,106909.99755859376,0.633,0.4787548914505162
2026-03-19 18:35:49.829005241,106909.99755859376,0.633,0.4787548914389921
2026-03-19 18:35:49.872790813,106909.99755859376,0.633,0.4787548914510004
2026-03-19 18:35:49.916214228,106909.99755859376,0.633,0.4787548914979785
2026-03-19 18:35:50.000638485,106909.99755859376,0.633,0.4787548915198058
2026-03-19 18:35:50.044881582,106909.99755859376,0.633,0.47875489152311773
2026-03-19 18:35:50.088063002,106909.99755859376,0.633,0.47875489156701356
2026-03-19 18:35:50.139081240,106950.0,0.633,0.48320169722614387
2026-03-19 18:35:50.216809034,106950.0,0.633,0.48320169718222805
2026-03-19 18:35:50.259448290,106950.0,0.638,0.47774913565637106
2026-03-19 18:35:50.305179358,106950.0,0.638,0.4777491356218166
2026-03-19 18:35:50.348235607,106950.0,0.638,0.47774913571344413
2026-03-19 18:35:50.432014227,106950.0,0.638,0.47774913573094074
2026-03-19 18:35:50.476723671,106950.0,0.638,0.47774913577282463
2026-03-19 18:35:50.520397902,106950.0,0.638,0.47774913582886297
2026-03-19 18:35:50.605155706,106950.0,0.638,0.4777491358454276
2026-03-19 18:35:50.648544312,106950.0,0.638,0.4777491358421736
2026-03-19 18:35:50.692126036,106950.0,0.638,0.4777491357983952
2026-03-19 18:35:50.777925968,106950.0,0.638,0.47774913572084593
2026-03-19 18:35:50.820851564,106950.0,0.638,0.4777491356691408
2026-03-19 18:35:50.864926100,106950.0,0.638,0.47774913563863564
2026-03-19 18:35:50.907387972,106950.0,0.637,0.47883964792898165
2026-03-19 18:35:50.993482113,106950.0,0.637,0.47883964803385726
2026-03-19 18:35:51.036707163,106950.0,0.637,0.4788396480361456
2026-03-19 18:35:51.080600500,106950.0,0.637,0.4788396480440993
2026-03-19 18:35:51.165553093,106950.0,0.637,0.47883964805012247
2026-03-19 18:35:51.208215237,106950.0,0.637,0.47883964805415097
2026-03-19 18:35:51.254690170,106950.0,0.637,0.47883964801837114
2026-03-19 18:35:51.297352076,106950.0,0.637,0.4788396480117248
2026-03-19 18:35:51.380975485,106950.0,0.637,0.47883964810585833
2026-03-19 18:35:51.426283836,106950.0,0.637,0.47883964818617025
2026-03-19 18:35:51.469443083,106950.0,0.637,0.4788396483076022
2026-03-19 18:35:51.519508600,106950.0,0.638,0.4777491360138844
2026-03-19 18:35:51.597295523,106950.0,0.638,0.47774913608913866
2026-03-19 18:35:51.641813278,106950.0,0.638,0.4777491361348399
2026-03-19 18:35:51.726015568,106950.0,0.638,0.4777491355121733
2026-03-19 18:35:51.770067692,106950.0,0.638,0.4777491355020303
2026-03-19 18:35:51.813272476,106950.0,0.638,0.47774913554542114
2026-03-19 18:35:51.857073545,106950.0,0.638,0.47774913559235477
2026-03-19 18:35:51.942231894,106950.0,0.638,0.4777491356157122
2026-03-19 18:35:51.985496283,106950.0,0.638,0.4777491356755984
2026-03-19 18:35:52.029799700,106950.0,0.638,0.477749135674476
2026-03-19 18:35:52.113731384,106950.0,0.638,0.4777491356096814
2026-03-19 18:35:52.157600641,106909.99755859376,0.638,0.4733023297970392
2026-03-19 18:35:52.202637434,106909.99755859376,0.638,0.47330232975623565
2026-03-19 18:35:52.244259596,106909.99755859376,0.638,0.47330232967711056
2026-03-19 18:35:52.287279367,106909.99755859376,0.638,0.47330232962009255
2026-03-19 18:35:52.374579906,106909.99755859376,0.638,0.47330232957609913
2026-03-19 18:35:52.417075396,106909.99755859376,0.638,0.473302329601125
2026-03-19 18:35:52.461916924,106909.99755859376,0.638,0.4733023295403269
2026-03-19 18:35:52.548449278,106909.99755859376,0.639,0.4722118172149856
2026-03-19 18:35:52.588947058,106909.99755859376,0.639,0.47221181724104627
2026-03-19 18:35:52.632893085,106909.99755859376,0.639,0.47221181721730676
2026-03-19 18:35:52.718501091,106909.99755859376,0.639,0.4722118172136501
2026-03-19 18:35:52.761737108,106909.99755859376,0.639,0.4722118172430101
2026-03-19 18:35:52.806946516,106909.99755859376,0.639,0.47221181724964745
2026-03-19 18:35:52.849138975,106909.99755859376,0.639,0.47221181726750416
2026-03-19 18:35:52.934167385,106909.99755859376,0.639,0.47221181730503436
2026-03-19 18:35:52.977311134,106909.99755859376,0.639,0.4722118173089911
2026-03-19 18:35:53.021568298,106909.99755859376,0.639,0.472211817357773
2026-03-19 18:35:53.106284618,106909.99755859376,0.639,0.4722118173537666
2026-03-19 18:35:53.150577545,106909.99755859376,0.639,0.472211817377441
2026-03-19 18:35:53.198873520,106909.99755859376,0.639,0.47221181747495056
2026-03-19 18:35:53.237932444,106909.99755859376,0.639,0.47221181752516084
2026-03-19 18:35:53.322540998,106909.99755859376,0.639,0.4722118175636266
2026-03-19 18:35:53.365374088,106909.99755859376,0.639,0.47221181761375264
2026-03-19 18:35:53.410268784,106909.99755859376,0.639,0.47221181758000125
2026-03-19 18:35:53.493869781,106909.99755859376,0.639,0.4722118176253059
2026-03-19 18:35:53.538862944,106909.99755859376,0.639,0.4722118176562842
2026-03-19 18:35:53.581033707,106909.99755859376,0.639,0.4722118176896974
2026-03-19 18:35:53.667083502,106909.99755859376,0.639,0.47221181773593474
2026-03-19 18:35:53.710590839,106909.99755859376,0.639,0.4722118176239344
2026-03-19 18:35:53.756148815,106909.99755859376,0.639,0.4722118177271166
2026-03-19 18:35:53.798588753,106909.99755859376,0.639,0.4722118177719106
2026-03-19 18:35:53.882930756,106909.99755859376,0.639,0.4722118177469064
2026-03-19 18:35:53.925737143,106909.99755859376,0.639,0.4722118177348766
2026-03-19 18:35:53.970668793,106909.99755859376,0.639,0.4722118177199891
2026-03-19 18:35:54.056418419,106909.99755859376,0.639,0.47221181775520704
2026-03-19 18:35:54.101635695,106909.99755859376,0.639,0.4722118177661075
2026-03-19 18:35:54.142948866,106919.9951171875,0.639,0.47332318006118496
2026-03-19 18:35:54.185728073,106919.9951171875,0.639,0.47332318013607144
2026-03-19 18:35:54.271033764,106919.9951171875,0.639,0.4733231801929648
2026-03-19 18:35:54.314419031,106919.9951171875,0.639,0.47332318023154474
2026-03-19 18:35:54.358414412,106919.9951171875,0.639,0.4733231801318767
2026-03-19 18:35:54.428088427,106919.9951171875,0.64,0.47223266770772004
2026-03-19 18:35:54.486639500,106919.9951171875,0.64,0.47223266769193223
2026-03-19 18:35:54.529528379,106919.9951171875,0.64,0.4722326675500681
2026-03-19 18:35:54.573745012,106919.9951171875,0.64,0.4722326674925655
2026-03-19 18:35:54.658792019,106919.9951171875,0.64,0.4722326676024963
2026-03-19 18:35:54.703397274,106919.9951171875,0.64,0.47223266763628513
2026-03-19 18:35:54.747646093,106919.9951171875,0.64,0.4722326676432236
2026-03-19 18:35:54.790843487,106919.9951171875,0.64,0.4722326675727603
2026-03-19 18:35:54.874641180,106919.9951171875,0.64,0.47223266747578885
2026-03-19 18:35:54.918194294,106919.9951171875,0.64,0.47223266742348574
2026-03-19 18:35:54.961983204,106919.9951171875,0.64,0.47223266739640807
2026-03-19 18:35:55.046333313,106919.9951171875,0.64,0.47223266743515385
2026-03-19 18:35:55.091182709,106919.9951171875,0.64,0.4722326675266515
2026-03-19 18:35:55.133624315,106919.9951171875,0.64,0.4722326676496928
2026-03-19 18:35:55.219769955,106919.9951171875,0.64,0.4722326677521263
2026-03-19 18:35:55.263349056,106919.9951171875,0.64,0.4722326678460011
2026-03-19 18:35:55.307384729,106919.9951171875,0.64,0.4722326678016467
2026-03-19 18:35:55.392533302,106919.9951171875,0.64,0.4722326679160597
2026-03-19 18:35:55.436130047,106919.9951171875,0.639,0.4733231802835881
2026-03-19 18:35:55.479824305,106919.9951171875,0.639,0.47332318033194953
2026-03-19 18:35:55.522917509,106919.9951171875,0.639,0.4733231804752402
2026-03-19 18:35:55.607547045,106919.9951171875,0.639,0.47332318056384365
2026-03-19 18:35:55.651960611,106919.9951171875,0.639,0.4733231806415901
2026-03-19 18:35:55.696497917,106919.9951171875,0.639,0.47332318077116753
2026-03-19 18:35:55.739649534,106919.9951171875,0.64,0.472232668499453
2026-03-19 18:35:55.823718309,106919.9951171875,0.64,0.47223266835684735
2026-03-19 18:35:55.868850470,106919.9951171875,0.64,0.4722326682971468
2026-03-19 18:35:55.911085367,106919.9951171875,0.64,0.47223266816951076
2026-03-19 18:35:55.997046947,106919.9951171875,0.64,0.4722326681124792
2026-03-19 18:35:56.042244911,106919.9951171875,0.64,0.47223266816259124
2026-03-19 18:35:56.083828449,106919.9951171875,0.64,0.47223266809427733
2026-03-19 18:35:56.126885414,106919.9951171875,0.64,0.4722326681155808
2026-03-19 18:35:56.211127996,106919.9951171875,0.64,0.4722326681801188
2026-03-19 18:35:56.257517099,106919.9951171875,0.64,0.47223266805415454
2026-03-19 18:35:56.298844814,106919.9951171875,0.64,0.4722326680171348
2026-03-19 18:35:56.377281666,106919.9951171875,0.64,0.4722326679977409
2026-03-19 18:35:56.427212715,106919.9951171875,0.64,0.47223266789301616
2026-03-19 18:35:56.470271826,106919.9951171875,0.64,0.4722326679570445
2026-03-19 18:35:56.515354395,106919.9951171875,0.64,0.47223266789909946
2026-03-19 18:35:56.599967957,106919.9951171875,0.64,0.4722326678596312
2026-03-19 18:35:56.645037413,106919.9951171875,0.64,0.47223266795414476
2026-03-19 18:35:56.687921047,106919.9951171875,0.64,0.47223266791644897
2026-03-19 18:35:56.730894089,106919.9951171875,0.636,0.47659471718698826
2026-03-19 18:35:56.816000223,106919.9951171875,0.636,0.47659471722982055
2026-03-19 18:35:56.860427618,106919.9951171875,0.636,0.4765947171403562
2026-03-19 18:35:56.903435707,106919.9951171875,0.636,0.47659471716035184
2026-03-19 18:35:56.989220381,106919.9951171875,0.636,0.47659471709952045
2026-03-19 18:35:57.032279253,106919.9951171875,0.636,0.47659471707103507
2026-03-19 18:35:57.075311422,106919.9951171875,0.636,0.4765947170750201
2026-03-19 18:35:57.159920931,106919.9951171875,0.636,0.4765947170748729
2026-03-19 18:35:57.203645945,106919.9951171875,0.636,0.4765947171106981
2026-03-19 18:35:57.247994900,106919.9951171875,0.636,0.4765947171000383
2026-03-19 18:35:57.332751751,106919.9951171875,0.636,0.47659471719514374
2026-03-19 18:35:57.376223087,106919.9951171875,0.636,0.47659471724774805
2026-03-19 18:35:57.421190739,106919.9951171875,0.636,0.4765947172544767
2026-03-19 18:35:57.463559628,106919.9951171875,0.636,0.4765947172945032
2026-03-19 18:35:57.548148632,106919.9951171875,0.636,0.47659471728084557
2026-03-19 18:35:57.591889620,106919.9951171875,0.636,0.4765947172263507
2026-03-19 18:35:57.637626410,106919.9951171875,0.636,0.4765947173111311
2026-03-19 18:35:57.680595160,106919.9951171875,0.636,0.47659471732966047
2026-03-19 18:35:57.764077187,106919.9951171875,0.636,0.47659471742791815
2026-03-19 18:35:57.808875084,106919.9951171875,0.636,0.47659471749411614
2026-03-19 18:35:57.852958202,106919.9951171875,0.636,0.4765947175172114
2026-03-19 18:35:57.938661814,106919.9951171875,0.636,0.47659471750279075
2026-03-19 18:35:57.980484486,106919.9951171875,0.636,0.476594717491678
2026-03-19 18:35:58.024855137,106919.9951171875,0.636,0.4765947175067929
2026-03-19 18:35:58.109404564,106919.9951171875,0.636,0.4765947175097382
2026-03-19 18:35:58.152481079,106940.00244140624,0.636,0.4788187988506531
2026-03-19 18:35:58.197236776,106940.00244140624,0.636,0.47881879876988254
2026-03-19 18:35:58.240927696,106940.00244140624,0.636,0.4788187987577211
2026-03-19 18:35:58.314457655,106940.00244140624,0.641,0.4733662371967732
2026-03-19 18:35:58.367675781,106940.00244140624,0.641,0.47336623719824483
2026-03-19 18:35:58.413141489,106940.00244140624,0.641,0.4733662371957517
2026-03-19 18:35:58.458599806,106940.00244140624,0.641,0.4733662372362886
2026-03-19 18:35:58.540924072,106940.00244140624,0.641,0.4733662372302156
2026-03-19 18:35:58.584915161,106940.00244140624,0.641,0.47336623716495757
2026-03-19 18:35:58.628349304,106940.00244140624,0.641,0.47336623716544624
2026-03-19 18:35:58.671243191,106940.00244140624,0.64,0.4744567494601644
2026-03-19 18:35:58.757408857,106940.00244140624,0.64,0.4744567494329859
2026-03-19 18:35:58.799828768,106940.00244140624,0.64,0.47445674953384676
2026-03-19 18:35:58.885723591,106940.00244140624,0.64,0.4744567495135606
2026-03-19 18:35:58.929201841,106940.00244140624,0.64,0.47445674943173866
2026-03-19 18:35:58.980110168,106940.00244140624,0.64,0.47445674952290207
2026-03-19 18:35:59.016424893,106940.00244140624,0.64,0.47445674942925675
2026-03-19 18:35:59.101076365,106940.00244140624,0.64,0.4744567494266288
2026-03-19 18:35:59.144447088,106940.00244140624,0.64,0.47445674945672867
2026-03-19 18:35:59.188210487,106940.00244140624,0.64,0.4744567493419741
2026-03-19 18:35:59.273063183,106940.00244140624,0.64,0.4744567495035153
2026-03-19 18:35:59.317064762,106940.00244140624,0.64,0.4744567495669237
2026-03-19 18:35:59.359944105,106940.00244140624,0.64,0.47445674961144824
2026-03-19 18:35:59.406831026,106940.00244140624,0.64,0.47445674966361345
2026-03-19 18:35:59.489627361,106940.00244140624,0.64,0.47445674960912526
2026-03-19 18:35:59.533524036,106940.00244140624,0.64,0.47445674955609435
2026-03-19 18:35:59.576193094,106940.00244140624,0.64,0.4744567496298167
2026-03-19 18:35:59.620164633,106940.00244140624,0.64,0.4744567495024354
2026-03-19 18:35:59.706318855,106940.00244140624,0.64,0.47445674957368145
2026-03-19 18:35:59.748898506,106940.00244140624,0.64,0.4744567496495329
2026-03-19 18:35:59.792017698,106940.00244140624,0.64,0.4744567494498165
2026-03-19 18:35:59.877632856,106940.00244140624,0.64,0.47445674956837036
2026-03-19 18:35:59.921946287,106940.00244140624,0.64,0.4744567495485452
2026-03-19 18:35:59.964827061,106940.00244140624,0.639,0.4755472618201771
2026-03-19 18:36:00.049384356,106940.00244140624,0.639,0.47554726187421564
2026-03-19 18:36:00.095303059,106940.00244140624,0.639,0.4755472617423009
2026-03-19 18:36:00.137627363,106940.00244140624,0.639,0.47554726174371953
2026-03-19 18:36:00.181506395,106959.99755859376,0.639,0.47776998621590433
2026-03-19 18:36:00.262598753,106959.99755859376,0.639,0.4777699861866821
2026-03-19 18:36:00.308516502,106959.99755859376,0.639,0.47776998621783373
2026-03-19 18:36:00.353735447,106959.99755859376,0.639,0.4777699862807187
2026-03-19 18:36:00.398041964,106959.99755859376,0.639,0.4777699860794884
2026-03-19 18:36:00.481386900,106959.99755859376,0.639,0.4777699860787103
2026-03-19 18:36:00.525803088,106959.99755859376,0.639,0.47776998597488834
2026-03-19 18:36:00.569911003,106959.99755859376,0.639,0.47776998622689826
2026-03-19 18:36:00.653963089,106959.99755859376,0.639,0.47776998641865803
2026-03-19 18:36:00.697395563,106959.99755859376,0.639,0.47776998662947395
2026-03-19 18:36:00.744364738,106959.99755859376,0.639,0.47776998696894585
2026-03-19 18:36:00.827158451,106959.99755859376,0.639,0.47776998725266856
2026-03-19 18:36:00.870893002,106959.99755859376,0.639,0.47776998736957715
2026-03-19 18:36:00.912784815,106959.99755859376,0.639,0.47776998751063937
2026-03-19 18:36:00.960563660,106959.99755859376,0.639,0.47776998749234334
2026-03-19 18:36:01.043375254,106959.99755859376,0.639,0.47776998743296867
2026-03-19 18:36:01.086029053,106959.99755859376,0.639,0.4777699872299394
2026-03-19 18:36:01.129851103,106959.99755859376,0.639,0.47776998685732447
2026-03-19 18:36:01.214407206,106959.99755859376,0.639,0.4777699864001579
2026-03-19 18:36:01.258027077,106959.99755859376,0.639,0.47776998618318917
2026-03-19 18:36:01.301869631,106959.99755859376,0.639,0.47776998579658503
2026-03-19 18:36:01.344994783,106959.99755859376,0.639,0.4777699857041432
2026-03-19 18:36:01.429795504,106959.99755859376,0.639,0.47776998594404085
2026-03-19 18:36:01.474188089,106959.99755859376,0.639,0.477769986198366
2026-03-19 18:36:01.519408941,106959.99755859376,0.639,0.47776998659073955
2026-03-19 18:36:01.602175951,106959.99755859376,0.638,0.4788604991368844
2026-03-19 18:36:01.647873163,106959.99755859376,0.638,0.47886049930348507
2026-03-19 18:36:01.689856291,106959.99755859376,0.638,0.4788604994534471
2026-03-19 18:36:01.775245428,106959.99755859376,0.638,0.47886049950580756
2026-03-19 18:36:01.818806648,106959.99755859376,0.638,0.47886049937799435
2026-03-19 18:36:01.861988068,106959.99755859376,0.638,0.4788604993203053
2026-03-19 18:36:01.906690359,106959.99755859376,0.638,0.4788604991673415
2026-03-19 18:36:01.990792513,106959.99755859376,0.638,0.4788604989305343
2026-03-19 18:36:02.035829782,106959.99755859376,0.638,0.4788604988026498
2026-03-19 18:36:02.078727484,106959.99755859376,0.638,0.47886049869893604
2026-03-19 18:36:02.139007092,106940.00244140624,0.638,0.47663777449302325
2026-03-19 18:36:02.206022501,106940.00244140624,0.637,0.4777282869659246
2026-03-19 18:36:02.250555038,106940.00244140624,0.637,0.47772828725239486
2026-03-19 18:36:02.294560432,106940.00244140624,0.637,0.47772828748946367
2026-03-19 18:36:02.337454081,106940.00244140624,0.637,0.47772828760182673
2026-03-19 18:36:02.422200918,106940.00244140624,0.637,0.47772828770062287
2026-03-19 18:36:02.467003107,106940.00244140624,0.637,0.4777282875816506
2026-03-19 18:36:02.530539035,106940.00244140624,0.637,0.47772828741971807
2026-03-19 18:36:02.593986511,106940.00244140624,0.637,0.4777282873043744
2026-03-19 18:36:02.637772560,106940.00244140624,0.637,0.47772828696538344
2026-03-19 18:36:02.682121754,106940.00244140624,0.637,0.4777282867991479
2026-03-19 18:36:02.767211437,106940.00244140624,0.637,0.477728286888278
2026-03-19 18:36:02.810726881,106940.00244140624,0.637,0.4777282870140152
2026-03-19 18:36:02.859903812,106940.00244140624,0.637,0.47772828717629484
2026-03-19 18:36:02.898874283,106940.00244140624,0.637,0.4777282874211585
2026-03-19 18:36:02.982474804,106940.00244140624,0.637,0.47772828733369815
2026-03-19 18:36:03.026794910,106940.00244140624,0.637,0.47772828741218876
2026-03-19 18:36:03.071086645,106940.00244140624,0.637,0.47772828717029947
2026-03-19 18:36:03.156459093,106940.00244140624,0.637,0.4777282869600309
2026-03-19 18:36:03.199231625,106940.00244140624,0.637,0.4777282870275988
2026-03-19 18:36:03.242592335,106940.00244140624,0.637,0.4777282869126706
2026-03-19 18:36:03.287373781,106940.00244140624,0.637,0.47772828684940744
2026-03-19 18:36:03.371625900,106940.00244140624,0.637,0.4777282869793988
2026-03-19 18:36:03.416479111,106940.00244140624,0.637,0.477728286899979
2026-03-19 18:36:03.458453417,106940.00244140624,0.637,0.47772828710629994
2026-03-19 18:36:03.543619394,106940.00244140624,0.637,0.4777282870858545
2026-03-19 18:36:03.586720228,106940.00244140624,0.637,0.47772828699527337
2026-03-19 18:36:03.631222486,106940.00244140624,0.637,0.47772828700951014
2026-03-19 18:36:03.716668606,106940.00244140624,0.637,0.47772828700052505
2026-03-19 18:36:03.759348392,106940.00244140624,0.637,0.47772828690396096
2026-03-19 18:36:03.804517984,106940.00244140624,0.637,0.47772828690436075
2026-03-19 18:36:03.850362301,106940.00244140624,0.636,0.47881879922953624
2026-03-19 18:36:03.932106495,106940.00244140624,0.636,0.47881879921947146
2026-03-19 18:36:03.975454569,106940.00244140624,0.636,0.47881879920007353
2026-03-19 18:36:04.019857883,106940.00244140624,0.636,0.4788187992674921
2026-03-19 18:36:04.104475975,106940.00244140624,0.636,0.4788187993210703
2026-03-19 18:36:04.148256302,106959.99755859376,0.636,0.48104152368814884
2026-03-19 18:36:04.190904856,106959.99755859376,0.636,0.48104152372674686
2026-03-19 18:36:04.235597849,106959.99755859376,0.636,0.4810415237070832
2026-03-19 18:36:04.319301605,106959.99755859376,0.636,0.4810415238010916
2026-03-19 18:36:04.363858461,106959.99755859376,0.636,0.48104152389051574
2026-03-19 18:36:04.407839060,106959.99755859376,0.636,0.4810415239840682
2026-03-19 18:36:04.483513117,106959.99755859376,0.637,0.4799510117449651
2026-03-19 18:36:04.535251141,106959.99755859376,0.637,0.4799510118579
2026-03-19 18:36:04.579497099,106959.99755859376,0.637,0.4799510118550133
2026-03-19 18:36:04.625267506,106959.99755859376,0.637,0.47995101182107924
2026-03-19 18:36:04.707752228,106959.99755859376,0.637,0.47995101201399676
2026-03-19 18:36:04.751974344,106959.99755859376,0.637,0.4799510117976234
2026-03-19 18:36:04.796916246,106959.99755859376,0.637,0.4799510118723043
2026-03-19 18:36:04.839475393,106959.99755859376,0.633,0.4843130610468669
2026-03-19 18:36:04.923485994,106959.99755859376,0.633,0.4843130608207631
2026-03-19 18:36:04.968125820,106959.99755859376,0.633,0.4843130609993992
2026-03-19 18:36:05.012005568,106959.99755859376,0.633,0.48431306097041654
2026-03-19 18:36:05.096467495,106959.99755859376,0.633,0.48431306082052655
2026-03-19 18:36:05.140543699,106959.99755859376,0.633,0.48431306101691696
2026-03-19 18:36:05.184127092,106959.99755859376,0.633,0.4843130608396003
2026-03-19 18:36:05.268785000,106959.99755859376,0.633,0.4843130608031806
2026-03-19 18:36:05.313061953,106959.99755859376,0.633,0.4843130610130492
2026-03-19 18:36:05.358438492,106959.99755859376,0.633,0.48431306083148834
2026-03-19 18:36:05.441377401,106959.99755859376,0.633,0.484313060901037
2026-03-19 18:36:05.484134436,106959.99755859376,0.633,0.48431306091133736
2026-03-19 18:36:05.527937889,106959.99755859376,0.633,0.48431306075175756
2026-03-19 18:36:05.571199894,106959.99755859376,0.633,0.48431306086731385
2026-03-19 18:36:05.657014608,106959.99755859376,0.633,0.4843130609805499
2026-03-19 18:36:05.700271368,106959.99755859376,0.633,0.4843130608890063
2026-03-19 18:36:05.744271278,106959.99755859376,0.633,0.48431306115204376
2026-03-19 18:36:05.787340403,106959.99755859376,0.633,0.48431306113664446
2026-03-19 18:36:05.872746468,106959.99755859376,0.633,0.4843130608641194
2026-03-19 18:36:05.916587830,106959.99755859376,0.633,0.4843130598037063
2026-03-19 18:36:05.960684299,106959.99755859376,0.633,0.48431306478650676
2026-03-19 18:36:06.046714783,106959.99755859376,0.633,0.4843130585924402
2026-03-19 18:36:06.090005398,106959.99755859376,0.633,0.48431306406907887
2026-03-19 18:36:06.133643389,106959.99755859376,0.633,0.48431306266092977
2026-03-19 18:36:06.176407099,106879.99267578124,0.633,0.47541945209545217
2026-03-19 18:36:06.261065006,106879.99267578124,0.633,0.4754194518339988
2026-03-19 18:36:06.304626942,106879.99267578124,0.633,0.4754194516290839
2026-03-19 18:36:06.348227501,106879.99267578124,0.633,0.4754194543922006
2026-03-19 18:36:06.419827700,106879.99267578124,0.633,0.47541945187817686
2026-03-19 18:36:06.476178169,106879.99267578124,0.633,0.47541945176158457
2026-03-19 18:36:06.520802498,106879.99267578124,0.633,0.4754194548334903
2026-03-19 18:36:06.563209772,106879.99267578124,0.633,0.475419452311281
2026-03-19 18:36:06.648436308,106879.99267578124,0.633,0.4754194495948116
2026-03-19 18:36:06.691969395,106879.99267578124,0.633,0.47541945343588426
2026-03-19 18:36:06.736210585,106879.99267578124,0.633,0.47541944981702855
2026-03-19 18:36:06.780707598,106879.99267578124,0.633,0.47541945027782945
2026-03-19 18:36:06.864620924,106879.99267578124,0.633,0.4754194497099194
2026-03-19 18:36:06.909340858,106879.99267578124,0.633,0.47541945119182133
2026-03-19 18:36:06.952894688,106879.99267578124,0.633,0.4754194492369817
2026-03-19 18:36:07.037349939,106879.99267578124,0.633,0.475419450362855
2026-03-19 18:36:07.081096888,106879.99267578124,0.633,0.47541945084179177
2026-03-19 18:36:07.127638102,106879.99267578124,0.633,0.4754194511157691
2026-03-19 18:36:07.209625244,106879.99267578124,0.633,0.4754194495488075
2026-03-19 18:36:07.253289700,106879.99267578124,0.633,0.4754194525784984
2026-03-19 18:36:07.297318697,106879.99267578124,0.633,0.4754194502470515
2026-03-19 18:36:07.382600307,106879.99267578124,0.633,0.4754194507712629
2026-03-19 18:36:07.425416708,106879.99267578124,0.633,0.4754194517146333
2026-03-19 18:36:07.468827486,106879.99267578124,0.633,0.4754194505690611
2026-03-19 18:36:07.512876034,106879.99267578124,0.633,0.4754194503263592
2026-03-19 18:36:07.598136187,106879.99267578124,0.633,0.4754194500850615
2026-03-19 18:36:07.641465425,106879.99267578124,0.633,0.47541945015903087
2026-03-19 18:36:07.686889887,106879.99267578124,0.633,0.4754194496596843
2026-03-19 18:36:07.727945805,106879.99267578124,0.633,0.47541944914939493
2026-03-19 18:36:07.813318491,106879.99267578124,0.633,0.47541945024373544
2026-03-19 18:36:07.857846022,106879.99267578124,0.633,0.47541945012481773
2026-03-19 18:36:07.901193142,106879.99267578124,0.633,0.4754194499017457
2026-03-19 18:36:07.986708641,106879.99267578124,0.633,0.47541945070872277
2026-03-19 18:36:08.029695034,106879.99267578124,0.633,0.4754194506309016
2026-03-19 18:36:08.073938608,106879.99267578124,0.633,0.4754194508613472
2026-03-19 18:36:08.139874458,106919.9951171875,0.633,0.4798662565125345
2026-03-19 18:36:08.202625036,106919.9951171875,0.633,0.47986625616754774
2026-03-19 18:36:08.245854855,106919.9951171875,0.633,0.4798662568141943
2026-03-19 18:36:08.289232731,106919.9951171875,0.633,0.4798662562730497
2026-03-19 18:36:08.357959509,106919.9951171875,0.633,0.47986625618774137
2026-03-19 18:36:08.417210579,106919.9951171875,0.633,0.47986625694650314
2026-03-19 18:36:08.461315155,106919.9951171875,0.633,0.47986625660086146
2026-03-19 18:36:08.504612207,106919.9951171875,0.633,0.47986625642919534
2026-03-19 18:36:08.589293957,106919.9951171875,0.633,0.4798662568573932
2026-03-19 18:36:08.634131908,106919.9951171875,0.633,0.479866256789337
2026-03-19 18:36:08.676808119,106919.9951171875,0.633,0.4798662564066492
2026-03-19 18:36:08.721670628,106919.9951171875,0.633,0.4798662567365627
2026-03-19 18:36:08.807490587,106919.9951171875,0.633,0.47986625708364894
2026-03-19 18:36:08.848853111,106919.9951171875,0.633,0.4798662562575395
2026-03-19 18:36:08.934997797,106919.9951171875,0.633,0.47986625674458916
2026-03-19 18:36:08.977811575,106919.9951171875,0.633,0.4798662567831583
2026-03-19 18:36:09.021241665,106919.9951171875,0.633,0.4798662564451287
2026-03-19 18:36:09.065672636,106919.9951171875,0.633,0.47986625515330295
2026-03-19 18:36:09.150929928,106919.9951171875,0.633,0.479866259273152
2026-03-19 18:36:09.193455219,106919.9951171875,0.633,0.4798662549608331
2026-03-19 18:36:09.237872601,106919.9951171875,0.633,0.4798662578466636
2026-03-19 18:36:09.322792053,106919.9951171875,0.633,0.47986625813330636
2026-03-19 18:36:09.365257025,106919.9951171875,0.633,0.4798662571451117
2026-03-19 18:36:09.409854889,106919.9951171875,0.633,0.479866257517019
2026-03-19 18:36:09.454221010,106919.9951171875,0.633,0.47986625630757085
2026-03-19 18:36:09.537794828,106919.9951171875,0.633,0.4798662593502011
2026-03-19 18:36:09.582770586,106919.9951171875,0.633,0.4798662554025238
2026-03-19 18:36:09.626731634,106919.9951171875,0.633,0.47986625804904554
2026-03-19 18:36:09.670565844,106919.9951171875,0.633,0.4798662580495694
2026-03-19 18:36:09.754003525,106919.9951171875,0.633,0.47986625682010436
2026-03-19 18:36:09.797839403,106919.9951171875,0.633,0.47986625693843854
2026-03-19 18:36:09.883617640,106919.9951171875,0.633,0.479866259321495
2026-03-19 18:36:09.927019358,106919.9951171875,0.633,0.47986625584324616
2026-03-19 18:36:09.970384836,106919.9951171875,0.633,0.47986625728792864
2026-03-19 18:36:10.015253305,106919.9951171875,0.633,0.47986625988536785
2026-03-19 18:36:10.100903988,106919.9951171875,0.633,0.4798662576086227
2026-03-19 18:36:10.142695904,106929.99267578124,0.633,0.48097762078407036
2026-03-19 18:36:10.185961246,106929.99267578124,0.633,0.4809776199189011
2026-03-19 18:36:10.229818583,106929.99267578124,0.633,0.4809776232228191
2026-03-19 18:36:10.302796602,106929.99267578124,0.633,0.4809776192939338
2026-03-19 18:36:10.358984470,106929.99267578124,0.633,0.4809776194760723
2026-03-19 18:36:10.401748419,106929.99267578124,0.633,0.4809776220772669
2026-03-19 18:36:10.447306156,106929.99267578124,0.633,0.4809776193756642
2026-03-19 18:36:10.531724930,106929.99267578124,0.633,0.4809776195866375
2026-03-19 18:36:10.574855804,106929.99267578124,0.633,0.4809776190612426
2026-03-19 18:36:10.618328094,106929.99267578124,0.633,0.48097762181309456
2026-03-19 18:36:10.703078985,106929.99267578124,0.633,0.48097761628789026
2026-03-19 18:36:10.746869087,106929.99267578124,0.633,0.48097762287214063
2026-03-19 18:36:10.789848089,106929.99267578124,0.633,0.48097762075924716
2026-03-19 18:36:10.875813484,106929.99267578124,0.633,0.48097762164964764
2026-03-19 18:36:10.919412374,106929.99267578124,0.633,0.48097762092499236
2026-03-19 18:36:10.961823225,106929.99267578124,0.633,0.48097761936002825
2026-03-19 18:36:11.006567717,106929.99267578124,0.633,0.4809776255607462
2026-03-19 18:36:11.090908289,106929.99267578124,0.633,0.48097761711958337
2026-03-19 18:36:11.135397911,106929.99267578124,0.633,0.4809776220657157
2026-03-19 18:36:11.179848909,106929.99267578124,0.633,0.4809776216069489
2026-03-19 18:36:11.264025927,106929.99267578124,0.633,0.48097762047878473
2026-03-19 18:36:11.306564093,106929.99267578124,0.633,0.48097762060848576
2026-03-19 18:36:11.351801395,106929.99267578124,0.633,0.4809776206592886
2026-03-19 18:36:11.396036386,106929.99267578124,0.633,0.4809776220506143
2026-03-19 18:36:11.479364634,106929.99267578124,0.633,0.4809776202628732
2026-03-19 18:36:11.523357630,106929.99267578124,0.633,0.48097762145927825
2026-03-19 18:36:11.567481279,106929.99267578124,0.633,0.4809776208813131
2026-03-19 18:36:11.651318789,106929.99267578124,0.633,0.48097762134429767
2026-03-19 18:36:11.695630550,106929.99267578124,0.633,0.480977619852976
2026-03-19 18:36:11.739987373,106929.99267578124,0.633,0.48097762174938463
2026-03-19 18:36:11.823901892,106929.99267578124,0.633,0.48097761971101405
2026-03-19 18:36:11.868128777,106929.99267578124,0.633,0.48097762113937503
2026-03-19 18:36:11.911626101,106929.99267578124,0.633,0.48097762016588563
2026-03-19 18:36:11.956560612,106929.99267578124,0.633,0.4809776195002384
2026-03-19 18:36:12.042031765,106929.99267578124,0.633,0.4809776214018375
2026-03-19 18:36:12.083449602,106929.99267578124,0.633,0.48097762015509693
2026-03-19 18:36:12.127920389,106929.99267578124,0.633,0.48097762137927547
2026-03-19 18:36:12.171252728,106909.99755859376,0.633,0.4787548964525094
2026-03-19 18:36:12.242109060,106909.99755859376,0.633,0.4787548961637559
2026-03-19 18:36:12.300733089,106909.99755859376,0.633,0.4787548991157239
2026-03-19 18:36:12.342867374,106909.99755859376,0.633,0.47875489565362744
2026-03-19 18:36:12.428788185,106909.99755859376,0.633,0.4787548965127277
2026-03-19 18:36:12.472214699,106909.99755859376,0.633,0.47875489780050884
2026-03-19 18:36:12.515425920,106909.99755859376,0.633,0.4787548962028646
2026-03-19 18:36:12.564685106,106909.99755859376,0.633,0.47875489649525566
2026-03-19 18:36:12.643554926,106909.99755859376,0.633,0.47875489684902256
2026-03-19 18:36:12.687516212,106909.99755859376,0.633,0.47875489678526884
2026-03-19 18:36:12.730154753,106909.99755859376,0.633,0.47875489565838736
2026-03-19 18:36:12.815958500,106909.99755859376,0.633,0.478754898214187
2026-03-19 18:36:12.859814882,106909.99755859376,0.633,0.47875489606922567
2026-03-19 18:36:12.902408361,106909.99755859376,0.633,0.47875489445626157
2026-03-19 18:36:12.947403669,106909.99755859376,0.633,0.478754898601396
2026-03-19 18:36:13.033144236,106909.99755859376,0.633,0.47875489709077723
2026-03-19 18:36:13.075029373,106909.99755859376,0.633,0.47875489652321307
2026-03-19 18:36:13.119265318,106909.99755859376,0.633,0.47875489630255197
2026-03-19 18:36:13.204811811,106909.99755859376,0.633,0.4787548999862499
2026-03-19 18:36:13.248092175,106909.99755859376,0.632,0.47984540621905547
2026-03-19 18:36:13.290666103,106909.99755859376,0.632,0.4798454097621786
2026-03-19 18:36:13.334854364,106909.99755859376,0.632,0.4798454093127734
2026-03-19 18:36:13.421765089,106909.99755859376,0.632,0.47984540879519555
2026-03-19 18:36:13.464332581,106909.99755859376,0.632,0.4798454073083048
2026-03-19 18:36:13.538935661,106909.99755859376,0.632,0.4798454078606775
2026-03-19 18:36:13.592399836,106909.99755859376,0.632,0.4798454124142497
2026-03-19 18:36:13.636411905,106909.99755859376,0.632,0.4798454064542618
2026-03-19 18:36:13.680949211,106909.99755859376,0.632,0.4798454121482981
2026-03-19 18:36:13.764651060,106909.99755859376,0.632,0.47984540959948097
2026-03-19 18:36:13.809454918,106909.99755859376,0.632,0.47984541111676365
2026-03-19 18:36:13.854077816,106909.99755859376,0.632,0.479845410089547
2026-03-19 18:36:13.896857977,106909.99755859376,0.632,0.47984541073049103
2026-03-19 18:36:13.980983496,106909.99755859376,0.632,0.47984540993383024
2026-03-19 18:36:14.024679422,106909.99755859376,0.632,0.47984541009134724
2026-03-19 18:36:14.068998098,106909.99755859376,0.632,0.47984540803114484
2026-03-19 18:36:14.139043093,106900.0,0.632,0.4787340464988848
2026-03-19 18:36:14.196990490,106900.0,0.632,0.47873404620503257
2026-03-19 18:36:14.241977692,106900.0,0.632,0.47873404525931534
2026-03-19 18:36:14.283699751,106900.0,0.632,0.47873404618863036
2026-03-19 18:36:14.368521214,106900.0,0.632,0.4787340452166023
2026-03-19 18:36:14.413053036,106900.0,0.632,0.4787340470460172
2026-03-19 18:36:14.459284306,106900.0,0.632,0.47873404724740526
2026-03-19 18:36:14.512999058,106900.0,0.632,0.4787340471369226
2026-03-19 18:36:14.585127354,106900.0,0.632,0.47873404805535935
2026-03-19 18:36:14.628190994,106900.0,0.632,0.47873404742882414
2026-03-19 18:36:14.672753811,106900.0,0.632,0.47873404772991934
2026-03-19 18:36:14.757201195,106900.0,0.632,0.47873404696683275
2026-03-19 18:36:14.801851988,106900.0,0.632,0.478734047024152
2026-03-19 18:36:14.845433950,106900.0,0.632,0.4787340468761571
2026-03-19 18:36:14.887905121,106900.0,0.633,0.4776435336834673
2026-03-19 18:36:14.972722054,106900.0,0.633,0.47764353397566733
2026-03-19 18:36:15.017328501,106900.0,0.633,0.4776435333905713
2026-03-19 18:36:15.060650587,106900.0,0.633,0.477643534182698
2026-03-19 18:36:15.149179697,106900.0,0.633,0.47764353410330956
2026-03-19 18:36:15.188937664,106900.0,0.633,0.47764353474971877
2026-03-19 18:36:15.232749939,106900.0,0.633,0.47764353504056006
2026-03-19 18:36:15.317751884,106900.0,0.633,0.4776435357799449
2026-03-19 18:36:15.364200830,106900.0,0.633,0.47764353514910923
2026-03-19 18:36:15.405869007,106900.0,0.633,0.47764353593937564
2026-03-19 18:36:15.483157396,106900.0,0.632,0.47873404810600223
2026-03-19 18:36:15.533123255,106900.0,0.632,0.4787340477828302
2026-03-19 18:36:15.577425003,106900.0,0.632,0.4787340474499161
2026-03-19 18:36:15.620964766,106900.0,0.632,0.4787340471708904
2026-03-19 18:36:15.706733227,106900.0,0.632,0.47873404657900476
2026-03-19 18:36:15.749882698,106900.0,0.632,0.47873404611027787
2026-03-19 18:36:15.793661594,106900.0,0.632,0.47873404667238784
2026-03-19 18:36:15.837630510,106900.0,0.632,0.47873404647211426
2026-03-19 18:36:15.921536684,106900.0,0.632,0.4787340469463147
2026-03-19 18:36:15.965553761,106900.0,0.632,0.4787340472299829
2026-03-19 18:36:16.009730577,106900.0,0.632,0.47873404744156994
2026-03-19 18:36:16.094755411,106900.0,0.632,0.47873404732578023
2026-03-19 18:36:16.138890982,106900.0,0.632,0.47873404759573196
2026-03-19 18:36:16.183272839,106900.0,0.632,0.4787340474041438
2026-03-19 18:36:16.224227667,106900.0,0.632,0.4787340469862515
2026-03-19 18:36:16.309784889,106900.0,0.632,0.47873404710809825
2026-03-19 18:36:16.354153633,106900.0,0.632,0.4787340471825545
2026-03-19 18:36:16.397993803,106900.0,0.632,0.4787340472654125
2026-03-19 18:36:16.454502344,106900.0,0.632,0.4787340471881467
2026-03-19 18:36:16.524981021,106900.0,0.632,0.47873404770980194
2026-03-19 18:36:16.569132566,106900.0,0.632,0.47873404762781624
2026-03-19 18:36:16.614015102,106900.0,0.632,0.4787340477248518
2026-03-19 18:36:16.697864294,106900.0,0.632,0.47873404772768835
2026-03-19 18:36:16.745406866,106900.0,0.632,0.4787340476974345
2026-03-19 18:36:16.786312342,106900.0,0.632,0.4787340475217868
2026-03-19 18:36:16.828783751,106900.0,0.632,0.4787340475455149
2026-03-19 18:36:16.914211512,106900.0,0.632,0.47873404743903447
2026-03-19 18:36:16.957399368,106900.0,0.632,0.4787340475792955
2026-03-19 18:36:17.001083612,106900.0,0.632,0.478734047755642
2026-03-19 18:36:17.087901592,106900.0,0.632,0.47873404791234786
2026-03-19 18:36:17.131235123,106900.0,0.631,0.4798245603505583
2026-03-19 18:36:17.172966003,106900.0,0.631,0.47982456039741456
2026-03-19 18:36:17.258229494,106900.0,0.631,0.4798245604192966
2026-03-19 18:36:17.302524567,106900.0,0.631,0.4798245605750202
2026-03-19 18:36:17.347607613,106900.0,0.631,0.4798245604203095
2026-03-19 18:36:17.428358555,106900.0,0.631,0.4798245605701851
2026-03-19 18:36:17.474129200,106900.0,0.631,0.4798245602789474
2026-03-19 18:36:17.517921447,106900.0,0.631,0.47982456036506715
2026-03-19 18:36:17.562708855,106900.0,0.631,0.479824560319912
2026-03-19 18:36:17.647183418,106900.0,0.631,0.47982456045813177
2026-03-19 18:36:17.691558838,106900.0,0.631,0.4798245608288131
2026-03-19 18:36:17.734601498,106900.0,0.631,0.4798245608052542
2026-03-19 18:36:17.777229071,106900.0,0.631,0.47982456106552873
2026-03-19 18:36:17.862827778,106900.0,0.631,0.479824561209126
2026-03-19 18:36:17.909411430,106900.0,0.631,0.4798245610278072
2026-03-19 18:36:17.950629950,106900.0,0.631,0.47982456084908814
2026-03-19 18:36:18.037070513,106900.0,0.631,0.4798245606520616
2026-03-19 18:36:18.079304934,106900.0,0.631,0.47982456038459337
2026-03-19 18:36:18.123526812,106900.0,0.631,0.4798245602141194
2026-03-19 18:36:18.165762901,106929.99267578124,0.631,0.48315864671767933
2026-03-19 18:36:18.250551224,106929.99267578124,0.631,0.48315864704653827
2026-03-19 18:36:18.294080973,106929.99267578124,0.631,0.48315864718800305
2026-03-19 18:36:18.339019060,106929.99267578124,0.631,0.4831586473066806
2026-03-19 18:36:18.403026819,106929.99267578124,0.631,0.48315864744536263
2026-03-19 18:36:18.466481924,106929.99267578124,0.631,0.48315864751288934
2026-03-19 18:36:18.509922504,106929.99267578124,0.631,0.48315864737389097
2026-03-19 18:36:18.555179119,106929.99267578124,0.631,0.48315864742303866
2026-03-19 18:36:18.639309168,106929.99267578124,0.631,0.4831586473828085
2026-03-19 18:36:18.684411764,106929.99267578124,0.631,0.4831586473923559
2026-03-19 18:36:18.726479769,106929.99267578124,0.631,0.48315864753376353
2026-03-19 18:36:18.810692310,106929.99267578124,0.631,0.483158647626569
2026-03-19 18:36:18.856584311,106929.99267578124,0.631,0.483158647814532
2026-03-19 18:36:18.899779081,106929.99267578124,0.631,0.4831586478448009
2026-03-19 18:36:18.983393908,106929.99267578124,0.631,0.48315864787529567
2026-03-19 18:36:19.027496099,106929.99267578124,0.631,0.48315864791702273
2026-03-19 18:36:19.070022821,106929.99267578124,0.631,0.4831586479510215
2026-03-19 18:36:19.113845110,106929.99267578124,0.631,0.48315864803196185
2026-03-19 18:36:19.199646711,106929.99267578124,0.631,0.4831586479340604
2026-03-19 18:36:19.242782354,106929.99267578124,0.631,0.4831586478409546
2026-03-19 18:36:19.286812782,106929.99267578124,0.631,0.48315864786396834
2026-03-19 18:36:19.372064352,106929.99267578124,0.631,0.4831586477594311
2026-03-19 18:36:19.415424585,106929.99267578124,0.631,0.48315864766312583
2026-03-19 18:36:19.461092472,106929.99267578124,0.631,0.4831586477129464
2026-03-19 18:36:19.503514290,106929.99267578124,0.631,0.48315864764766353
2026-03-19 18:36:19.587428570,106929.99267578124,0.631,0.4831586476551613
2026-03-19 18:36:19.631955147,106929.99267578124,0.631,0.4831586477630352
2026-03-19 18:36:19.675760508,106929.99267578124,0.631,0.48315864782570334
2026-03-19 18:36:19.759792089,106929.99267578124,0.63,0.4842491601664159
2026-03-19 18:36:19.806756973,106929.99267578124,0.63,0.484249160214543
2026-03-19 18:36:19.847753048,106929.99267578124,0.63,0.4842491600996802
2026-03-19 18:36:19.933115482,106929.99267578124,0.63,0.4842491601466235
2026-03-19 18:36:19.976393938,106929.99267578124,0.63,0.48424916004935176
2026-03-19 18:36:20.019294500,106929.99267578124,0.63,0.48424916001118706
2026-03-19 18:36:20.063168287,106929.99267578124,0.63,0.48424916007168256
2026-03-19 18:36:20.139120579,106929.99267578124,0.63,0.48424916000791984
2026-03-19 18:36:20.191312075,106929.99267578124,0.63,0.4842491599801213
2026-03-19 18:36:20.234978437,106929.99267578124,0.63,0.4842491599802515
2026-03-19 18:36:20.277946949,106929.99267578124,0.63,0.4842491599765986
2026-03-19 18:36:20.343159199,106929.99267578124,0.63,0.48424916001811985
2026-03-19 18:36:20.409771919,106929.99267578124,0.63,0.4842491599960095
2026-03-19 18:36:20.453091383,106929.99267578124,0.63,0.4842491600713057
2026-03-19 18:36:20.494916916,106929.99267578124,0.63,0.4842491601269595
2026-03-19 18:36:20.580357313,106929.99267578124,0.63,0.48424916005334045
2026-03-19 18:36:20.623258114,106929.99267578124,0.63,0.4842491600674183
2026-03-19 18:36:20.668522835,106929.99267578124,0.63,0.4842491600567346
2026-03-19 18:36:20.751969814,106929.99267578124,0.63,0.48424916001051266
2026-03-19 18:36:20.795919180,106929.99267578124,0.63,0.48424916010662145
2026-03-19 18:36:20.840169430,106929.99267578124,0.63,0.4842491600591896
2026-03-19 18:36:20.924162388,106929.99267578124,0.63,0.4842491600682483
2026-03-19 18:36:20.968406916,106929.99267578124,0.63,0.4842491600154208
2026-03-19 18:36:21.012878180,106929.99267578124,0.629,0.48533967226629576
2026-03-19 18:36:21.059158564,106929.99267578124,0.629,0.4853396722863692
2026-03-19 18:36:21.141204834,106929.99267578124,0.629,0.48533967227114305
2026-03-19 18:36:21.183793068,106929.99267578124,0.629,0.48533967227693
2026-03-19 18:36:21.228716850,106929.99267578124,0.629,0.485339672244045
2026-03-19 18:36:21.312764168,106929.99267578124,0.629,0.48533967222799146
2026-03-19 18:36:21.357673168,106929.99267578124,0.629,0.48533967229570346
2026-03-19 18:36:21.399548054,106929.99267578124,0.629,0.48533967230029007
2026-03-19 18:36:21.443499088,106929.99267578124,0.629,0.4853396723162051
2026-03-19 18:36:21.528944492,106929.99267578124,0.629,0.48533967227769376
2026-03-19 18:36:21.572511196,106929.99267578124,0.629,0.48533967224640623
2026-03-19 18:36:21.615715504,106929.99267578124,0.629,0.48533967220699975
2026-03-19 18:36:21.702406406,106929.99267578124,0.63,0.48424915950913744
2026-03-19 18:36:21.744505882,106929.99267578124,0.63,0.4842491595428789
2026-03-19 18:36:21.787527084,106929.99267578124,0.63,0.48424915950323744
2026-03-19 18:36:21.873533249,106929.99267578124,0.63,0.48424915952840397
2026-03-19 18:36:21.916771889,106929.99267578124,0.63,0.4842491595309266
2026-03-19 18:36:21.961079836,106929.99267578124,0.63,0.48424915950753555
2026-03-19 18:36:22.006919384,106929.99267578124,0.63,0.48424915952185316
2026-03-19 18:36:22.089171886,106929.99267578124,0.63,0.4842491595417998
2026-03-19 18:36:22.133331060,106929.99267578124,0.63,0.4842491595473711
2026-03-19 18:36:22.176810980,106959.99755859376,0.63,0.4875846031121833
2026-03-19 18:36:22.219738960,106959.99755859376,0.63,0.4875846031514507
2026-03-19 18:36:22.289236784,106959.99755859376,0.63,0.4875846032138457
2026-03-19 18:36:22.348319054,106959.99755859376,0.63,0.48758460325800584
2026-03-19 18:36:22.392088413,106959.99755859376,0.63,0.48758460321923075
2026-03-19 18:36:22.478158236,106959.99755859376,0.63,0.4875846032966546
2026-03-19 18:36:22.520842075,106959.99755859376,0.63,0.4875846033479709
2026-03-19 18:36:22.565666199,106959.99755859376,0.63,0.4875846033910499
2026-03-19 18:36:22.610405684,106959.99755859376,0.63,0.48758460341545934
2026-03-19 18:36:22.693135023,106959.99755859376,0.63,0.48758460339923193
2026-03-19 18:36:22.737129211,106959.99755859376,0.63,0.4875846034926106
2026-03-19 18:36:22.781052828,106959.99755859376,0.63,0.4875846034827414
2026-03-19 18:36:22.865163088,106959.99755859376,0.63,0.48758460347882876
2026-03-19 18:36:22.909265757,106959.99755859376,0.63,0.4875846035670452
2026-03-19 18:36:22.952628613,106959.99755859376,0.63,0.4875846034926898
2026-03-19 18:36:22.998506308,106959.99755859376,0.63,0.4875846035137361
2026-03-19 18:36:23.080343485,106959.99755859376,0.63,0.48758460349217103
2026-03-19 18:36:23.125420332,106959.99755859376,0.63,0.4875846033891701
2026-03-19 18:36:23.168616772,106959.99755859376,0.63,0.48758460348707006
2026-03-19 18:36:23.253655909,106959.99755859376,0.63,0.48758460349793087
2026-03-19 18:36:23.297640800,106959.99755859376,0.63,0.4875846033569386
2026-03-19 18:36:23.340771675,106959.99755859376,0.63,0.48758460321030406
2026-03-19 18:36:23.425488710,106959.99755859376,0.63,0.48758460304905715
2026-03-19 18:36:23.469324112,106959.99755859376,0.63,0.4875846034047874
2026-03-19 18:36:23.514453888,106959.99755859376,0.63,0.4875846036294865
2026-03-19 18:36:23.576873779,106959.99755859376,0.63,0.4875846037176014
2026-03-19 18:36:23.641866207,106959.99755859376,0.63,0.48758460373302465
2026-03-19 18:36:23.685465813,106959.99755859376,0.63,0.487584603933647
2026-03-19 18:36:23.728791237,106959.99755859376,0.63,0.4875846036851162
2026-03-19 18:36:23.813607693,106959.99755859376,0.63,0.4875846034638987
2026-03-19 18:36:23.857750893,106959.99755859376,0.63,0.4875846032052361
2026-03-19 18:36:23.903646469,106959.99755859376,0.63,0.48758460309367807
2026-03-19 18:36:23.945029974,106959.99755859376,0.63,0.487584603107688
2026-03-19 18:36:24.029431105,106959.99755859376,0.63,0.48758460333285436
2026-03-19 18:36:24.074532032,106959.99755859376,0.63,0.48758460344692056
2026-03-19 18:36:24.118378162,106959.99755859376,0.63,0.4875846039823689
2026-03-19 18:36:24.161272764,106940.00244140624,0.63,0.4853618795368906
2026-03-19 18:36:24.245255709,106940.00244140624,0.63,0.4853618795219312
2026-03-19 18:36:24.289320707,106940.00244140624,0.63,0.4853618793119268
2026-03-19 18:36:24.333918333,106940.00244140624,0.63,0.4853618790108605
2026-03-19 18:36:24.417589188,106940.00244140624,0.63,0.48536187894359945
2026-03-19 18:36:24.461151838,106940.00244140624,0.63,0.48536187884270393
2026-03-19 18:36:24.506364346,106940.00244140624,0.63,0.485361878822287
2026-03-19 18:36:24.549733400,106940.00244140624,0.63,0.48536187894452
2026-03-19 18:36:24.633653402,106940.00244140624,0.63,0.48536187904181743
2026-03-19 18:36:24.676984072,106940.00244140624,0.63,0.4853618790848486
2026-03-19 18:36:24.721401691,106940.00244140624,0.63,0.4853618791467191
2026-03-19 18:36:24.806572437,106940.00244140624,0.63,0.48536187912908035
2026-03-19 18:36:24.849637270,106940.00244140624,0.63,0.4853618788366212
2026-03-19 18:36:24.892928839,106940.00244140624,0.63,0.4853618788216056
2026-03-19 18:36:24.938710928,106940.00244140624,0.63,0.4853618787844331
2026-03-19 18:36:25.021578789,106940.00244140624,0.63,0.48536187874255576
2026-03-19 18:36:25.065350771,106940.00244140624,0.63,0.48536187894337457
2026-03-19 18:36:25.111390829,106940.00244140624,0.63,0.48536187886159626
2026-03-19 18:36:25.194380283,106940.00244140624,0.63,0.48536187895049765
2026-03-19 18:36:25.238557100,106940.00244140624,0.63,0.48536187894398214
2026-03-19 18:36:25.282512426,106940.00244140624,0.63,0.4853618788530176
2026-03-19 18:36:25.366889715,106940.00244140624,0.63,0.4853618789517546
2026-03-19 18:36:25.410490513,106940.00244140624,0.63,0.4853618789396276
2026-03-19 18:36:25.456199884,106940.00244140624,0.63,0.4853618790055274
2026-03-19 18:36:25.528841495,106940.00244140624,0.63,0.4853618790525285
2026-03-19 18:36:25.582830906,106940.00244140624,0.63,0.48536187907998485
2026-03-19 18:36:25.625617266,106940.00244140624,0.63,0.4853618791801412
2026-03-19 18:36:25.670445442,106940.00244140624,0.63,0.4853618792386505
2026-03-19 18:36:25.757545710,106940.00244140624,0.63,0.4853618792269338
2026-03-19 18:36:25.798911572,106940.00244140624,0.63,0.4853618792164026
2026-03-19 18:36:25.844199896,106940.00244140624,0.63,0.48536187914679974
2026-03-19 18:36:25.888028383,106940.00244140624,0.629,0.48645239140385144
2026-03-19 18:36:25.971056461,106940.00244140624,0.629,0.48645239113484934
2026-03-19 18:36:26.014630795,106940.00244140624,0.629,0.4864523910748853
2026-03-19 18:36:26.057676077,106940.00244140624,0.629,0.48645239098889026
2026-03-19 18:36:26.143707752,106909.99755859376,0.629,0.4831169473421966
2026-03-19 18:36:26.186086178,106909.99755859376,0.629,0.4831169474258796
2026-03-19 18:36:26.229088306,106909.99755859376,0.629,0.48311694760401397
2026-03-19 18:36:26.273456097,106909.99755859376,0.629,0.48311694764121427
2026-03-19 18:36:26.359924316,106909.99755859376,0.629,0.48311694766159774
2026-03-19 18:36:26.402971029,106909.99755859376,0.629,0.4831169475325198
2026-03-19 18:36:26.445178509,106909.99755859376,0.629,0.48311694742103056
2026-03-19 18:36:26.501589060,106909.99755859376,0.629,0.48311694737794497
2026-03-19 18:36:26.573730946,106909.99755859376,0.629,0.48311694741460376
2026-03-19 18:36:26.618343830,106909.99755859376,0.629,0.4831169476414157
2026-03-19 18:36:26.661971807,106909.99755859376,0.629,0.48311694779551195
2026-03-19 18:36:26.746223688,106909.99755859376,0.629,0.4831169479612494
2026-03-19 18:36:26.790046692,106909.99755859376,0.629,0.4831169480685251
2026-03-19 18:36:26.833824158,106909.99755859376,0.629,0.4831169480576464
2026-03-19 18:36:26.878562450,106909.99755859376,0.629,0.48311694786737774
2026-03-19 18:36:26.962955713,106909.99755859376,0.629,0.48311694767814767
2026-03-19 18:36:27.006772757,106909.99755859376,0.629,0.48311694746548206
2026-03-19 18:36:27.091956377,106909.99755859376,0.629,0.4831169473803159
2026-03-19 18:36:27.136430502,106909.99755859376,0.629,0.4831169473136978
2026-03-19 18:36:27.178160906,106909.99755859376,0.629,0.4831169472812959
2026-03-19 18:36:27.222176313,106909.99755859376,0.629,0.4831169473095037
2026-03-19 18:36:27.307725668,106909.99755859376,0.629,0.4831169473821627
2026-03-19 18:36:27.351666451,106909.99755859376,0.629,0.48311694740198996
2026-03-19 18:36:27.395015001,106909.99755859376,0.629,0.48311694734172433
2026-03-19 18:36:27.468050480,106909.99755859376,0.63,0.4820264349987578
2026-03-19 18:36:27.522867679,106909.99755859376,0.63,0.4820264349636609
2026-03-19 18:36:27.568149090,106909.99755859376,0.63,0.4820264349525374
2026-03-19 18:36:27.611345291,106909.99755859376,0.63,0.482026435036779
2026-03-19 18:36:27.696738720,106909.99755859376,0.63,0.4820264350818599
2026-03-19 18:36:27.740063190,106909.99755859376,0.63,0.4820264352710781
2026-03-19 18:36:27.783039570,106909.99755859376,0.63,0.4820264353605368
2026-03-19 18:36:27.826394081,106909.99755859376,0.63,0.4820264353719276
2026-03-19 18:36:27.912700891,106909.99755859376,0.63,0.48202643546350066
2026-03-19 18:36:27.957151890,106909.99755859376,0.63,0.48202643549788965
2026-03-19 18:36:27.998909712,106909.99755859376,0.63,0.4820264354584975
2026-03-19 18:36:28.085056067,106909.99755859376,0.63,0.48202643544177587
2026-03-19 18:36:28.127515792,106909.99755859376,0.63,0.48202643542849344
2026-03-19 18:36:28.171422005,106940.00244140624,0.63,0.48536187892710037
2026-03-19 18:36:28.215419292,106940.00244140624,0.63,0.48536187889980087
2026-03-19 18:36:28.299815178,106940.00244140624,0.63,0.4853618789812404
2026-03-19 18:36:28.342689991,106940.00244140624,0.63,0.48536187899320976
2026-03-19 18:36:28.387218714,106940.00244140624,0.63,0.4853618790196651
2026-03-19 18:36:28.445065498,106940.00244140624,0.63,0.4853618789806294
2026-03-19 18:36:28.515407801,106940.00244140624,0.63,0.4853618789083778
2026-03-19 18:36:28.559143782,106940.00244140624,0.63,0.4853618788816417
2026-03-19 18:36:28.602872849,106940.00244140624,0.63,0.4853618788477015
2026-03-19 18:36:28.687953711,106940.00244140624,0.63,0.4853618787534633
2026-03-19 18:36:28.731940508,106940.00244140624,0.63,0.4853618787367743
2026-03-19 18:36:28.774911642,106940.00244140624,0.63,0.4853618788324343
2026-03-19 18:36:28.860118389,106940.00244140624,0.63,0.4853618788513527
2026-03-19 18:36:28.906294107,106940.00244140624,0.63,0.48536187883938864
2026-03-19 18:36:28.947849512,106940.00244140624,0.63,0.4853618788334255
2026-03-19 18:36:29.032382250,106940.00244140624,0.63,0.48536187880938425
2026-03-19 18:36:29.077903032,106940.00244140624,0.63,0.4853618788706435
2026-03-19 18:36:29.120412588,106940.00244140624,0.63,0.4853618790152372
2026-03-19 18:36:29.163361073,106940.00244140624,0.63,0.4853618790300764
2026-03-19 18:36:29.248807192,106940.00244140624,0.63,0.4853618790662797
2026-03-19 18:36:29.291816711,106940.00244140624,0.63,0.48536187902248357
2026-03-19 18:36:29.337678432,106940.00244140624,0.63,0.4853618788636616
2026-03-19 18:36:29.410667181,106940.00244140624,0.63,0.48536187897079003
2026-03-19 18:36:29.465566635,106940.00244140624,0.63,0.4853618789994007
2026-03-19 18:36:29.509608030,106940.00244140624,0.63,0.4853618790151421
2026-03-19 18:36:29.551461220,106940.00244140624,0.63,0.4853618790847361
2026-03-19 18:36:29.640322447,106940.00244140624,0.63,0.48536187901903594
2026-03-19 18:36:29.682106495,106940.00244140624,0.63,0.4853618789908453
2026-03-19 18:36:29.724674463,106940.00244140624,0.63,0.48536187895684746
2026-03-19 18:36:29.808763266,106940.00244140624,0.63,0.4853618789036265
2026-03-19 18:36:29.854237795,106940.00244140624,0.63,0.48536187886813303
2026-03-19 18:36:29.898725510,106940.00244140624,0.63,0.4853618788639008
2026-03-19 18:36:29.982482433,106940.00244140624,0.63,0.4853618788760881
2026-03-19 18:36:30.026223421,106940.00244140624,0.63,0.4853618789331159
2026-03-19 18:36:30.068163157,106940.00244140624,0.63,0.48536187891691734
2026-03-19 18:36:30.138617754,106940.00244140624,0.63,0.4853618788864853
2026-03-19 18:36:30.157283068,106929.99267578124,0.63,0.4842491596897203
2026-03-19 18:36:30.240458488,106929.99267578124,0.63,0.48424915968375
2026-03-19 18:36:30.285217047,106929.99267578124,0.63,0.48424915981286576
2026-03-19 18:36:30.328737497,106929.99267578124,0.63,0.4842491599272874
2026-03-19 18:36:30.381468296,106929.99267578124,0.63,0.4842491600119592
2026-03-19 18:36:30.457002401,106929.99267578124,0.63,0.4842491601163155
2026-03-19 18:36:30.502451658,106929.99267578124,0.63,0.48424916012047536
2026-03-19 18:36:30.544827700,106929.99267578124,0.63,0.4842491600768494
2026-03-19 18:36:30.629929066,106929.99267578124,0.63,0.4842491599731689
2026-03-19 18:36:30.673563004,106929.99267578124,0.63,0.48424915988474515
2026-03-19 18:36:30.715641499,106929.99267578124,0.63,0.48424915993219747
2026-03-19 18:36:30.800743580,106929.99267578124,0.63,0.4842491600361939
2026-03-19 18:36:30.845213890,106929.99267578124,0.63,0.48424916010648045
2026-03-19 18:36:30.887983561,106929.99267578124,0.63,0.4842491602434415
2026-03-19 18:36:30.973370314,106929.99267578124,0.63,0.48424916020382797
2026-03-19 18:36:31.016855001,106929.99267578124,0.63,0.48424916017058783
2026-03-19 18:36:31.061268091,106929.99267578124,0.63,0.48424916003186513
2026-03-19 18:36:31.106528997,106929.99267578124,0.63,0.48424915984217803
2026-03-19 18:36:31.189512014,106929.99267578124,0.63,0.48424915988151856
2026-03-19 18:36:31.235213995,106929.99267578124,0.63,0.4842491599514037
2026-03-19 18:36:31.276262283,106929.99267578124,0.63,0.4842491602093199
2026-03-19 18:36:31.357264042,106929.99267578124,0.63,0.4842491604819058
2026-03-19 18:36:31.406445503,106929.99267578124,0.63,0.4842491606433334
2026-03-19 18:36:31.449581623,106929.99267578124,0.63,0.48424916057606954
2026-03-19 18:36:31.493178844,106929.99267578124,0.63,0.48424916066158635
2026-03-19 18:36:31.577796459,106929.99267578124,0.63,0.48424916030685317
2026-03-19 18:36:31.621153831,106929.99267578124,0.63,0.4842491602964893
2026-03-19 18:36:31.665212870,106929.99267578124,0.63,0.48424916012575603
2026-03-19 18:36:31.752009630,106929.99267578124,0.63,0.4842491601715221
2026-03-19 18:36:31.793234110,106929.99267578124,0.63,0.4842491607216961
2026-03-19 18:36:31.837130308,106929.99267578124,0.63,0.48424916056958656
2026-03-19 18:36:31.922243595,106929.99267578124,0.63,0.484249161198018
2026-03-19 18:36:31.965790033,106929.99267578124,0.63,0.4842491611132771
2026-03-19 18:36:32.009102106,106929.99267578124,0.63,0.4842491612087752
2026-03-19 18:36:32.053769350,106929.99267578124,0.63,0.48424916100048704
2026-03-19 18:36:32.138275623,106929.99267578124,0.63,0.4842491606266654
2026-03-19 18:36:32.180848598,106940.00244140624,0.63,0.48536187979768136
2026-03-19 18:36:32.225039482,106940.00244140624,0.63,0.4853618798528821
2026-03-19 18:36:32.269870281,106940.00244140624,0.63,0.4853618798291549
2026-03-19 18:36:32.353663445,106940.00244140624,0.631,0.48427136751969774
2026-03-19 18:36:32.397907972,106940.00244140624,0.631,0.48427136788491076
2026-03-19 18:36:32.441999912,106940.00244140624,0.631,0.4842713678490935
2026-03-19 18:36:32.527900218,106940.00244140624,0.631,0.48427136779816127
2026-03-19 18:36:32.570060492,106940.00244140624,0.631,0.48427136764502715
2026-03-19 18:36:32.613908052,106940.00244140624,0.631,0.48427136723275327
2026-03-19 18:36:32.659067154,106940.00244140624,0.631,0.48427136714947977
2026-03-19 18:36:32.741852760,106940.00244140624,0.631,0.48427136725421516
2026-03-19 18:36:32.785652399,106940.00244140624,0.631,0.4842713671209464
2026-03-19 18:36:32.829116583,106940.00244140624,0.631,0.4842713676092378
2026-03-19 18:36:32.914476395,106940.00244140624,0.631,0.4842713676173137
2026-03-19 18:36:32.959779024,106940.00244140624,0.631,0.4842713675422574
2026-03-19 18:36:33.001518250,106940.00244140624,0.631,0.4842713676553516
2026-03-19 18:36:33.044953108,106940.00244140624,0.631,0.48427136754866973
2026-03-19 18:36:33.130013704,106940.00244140624,0.631,0.48427136745512334
2026-03-19 18:36:33.174619198,106940.00244140624,0.631,0.4842713674650596
2026-03-19 18:36:33.217592001,106940.00244140624,0.631,0.484271367604459
2026-03-19 18:36:33.306543589,106940.00244140624,0.632,0.48318085538407507
2026-03-19 18:36:33.345535517,106940.00244140624,0.632,0.48318085552442785
2026-03-19 18:36:33.389849424,106940.00244140624,0.632,0.4831808554611769
2026-03-19 18:36:33.474797249,106940.00244140624,0.632,0.4831808556407767
2026-03-19 18:36:33.518716574,106940.00244140624,0.632,0.4831808556797791
2026-03-19 18:36:33.561482430,106940.00244140624,0.632,0.48318085557537366
2026-03-19 18:36:33.621399641,106940.00244140624,0.632,0.4831808555706639
2026-03-19 18:36:33.690694094,106940.00244140624,0.632,0.48318085541724387
2026-03-19 18:36:33.735249758,106940.00244140624,0.632,0.48318085510221964
2026-03-19 18:36:33.777183771,106940.00244140624,0.632,0.48318085498454205
2026-03-19 18:36:33.864084482,106940.00244140624,0.632,0.483180854893672
2026-03-19 18:36:33.907836914,106940.00244140624,0.632,0.4831808549600683
2026-03-19 18:36:33.951053143,106940.00244140624,0.632,0.4831808551102952
2026-03-19 18:36:33.993786335,106940.00244140624,0.632,0.4831808551818047
2026-03-19 18:36:34.078719378,106940.00244140624,0.632,0.4831808553390561
2026-03-19 18:36:34.122231007,106940.00244140624,0.632,0.4831808554664509
2026-03-19 18:36:34.166226625,106900.0,0.632,0.47873404983728823
2026-03-19 18:36:34.210033178,106900.0,0.632,0.478734049814134
2026-03-19 18:36:34.294286728,106900.0,0.632,0.47873404978088274
2026-03-19 18:36:34.338344812,106900.0,0.632,0.4787340497145717
2026-03-19 18:36:34.382537842,106900.0,0.632,0.4787340496719847
2026-03-19 18:36:34.467322111,106900.0,0.632,0.4787340497947725
2026-03-19 18:36:34.510535717,106900.0,0.632,0.4787340498373888
2026-03-19 18:36:34.554537535,106900.0,0.632,0.4787340500472612
2026-03-19 18:36:34.599271774,106900.0,0.631,0.4798245625301962
2026-03-19 18:36:34.682807684,106900.0,0.631,0.4798245626599319
2026-03-19 18:36:34.726311207,106900.0,0.631,0.47982456288784264
2026-03-19 18:36:34.770315170,106900.0,0.631,0.47982456306722976
2026-03-19 18:36:34.860359192,106900.0,0.631,0.47982456323678185
2026-03-19 18:36:34.899911642,106900.0,0.631,0.47982456339771645
2026-03-19 18:36:34.943440914,106900.0,0.631,0.4798245634714915
2026-03-19 18:36:34.986892939,106900.0,0.631,0.4798245635458049
2026-03-19 18:36:35.071748734,106900.0,0.631,0.4798245634950415
2026-03-19 18:36:35.115450621,106900.0,0.631,0.47982456349951813
2026-03-19 18:36:35.160308838,106900.0,0.631,0.47982456331395845
2026-03-19 18:36:35.245352745,106900.0,0.631,0.4798245631163973
2026-03-19 18:36:35.287629843,106900.0,0.631,0.47982456279233754
2026-03-19 18:36:35.331435204,106900.0,0.631,0.47982456233157056
2026-03-19 18:36:35.415307283,106900.0,0.631,0.4798245619807753
2026-03-19 18:36:35.459928751,106900.0,0.631,0.47982456178928506
2026-03-19 18:36:35.506188392,106900.0,0.631,0.4798245618385966
2026-03-19 18:36:35.564733267,106900.0,0.631,0.4798245620112411
2026-03-19 18:36:35.631623268,106900.0,0.631,0.47982456229363907
2026-03-19 18:36:35.675129890,106900.0,0.631,0.4798245625484652
2026-03-19 18:36:35.719549656,106900.0,0.631,0.47982456290152675
2026-03-19 18:36:35.806394339,106900.0,0.631,0.47982456290993836
2026-03-19 18:36:35.849015236,106900.0,0.631,0.47982456305816257
2026-03-19 18:36:35.892577887,106900.0,0.631,0.4798245630648862
2026-03-19 18:36:35.935886860,106900.0,0.631,0.4798245629220029
2026-03-19 18:36:36.020270586,106900.0,0.631,0.47982456274472024
2026-03-19 18:36:36.064789295,106900.0,0.631,0.4798245623114366
2026-03-19 18:36:36.108841419,106900.0,0.631,0.4798245621399345
2026-03-19 18:36:36.192164898,106950.0,0.631,0.48538273006453575
2026-03-19 18:36:36.236235619,106950.0,0.631,0.4853827301107563
2026-03-19 18:36:36.279124498,106950.0,0.631,0.4853827301512731
2026-03-19 18:36:36.322475672,106950.0,0.631,0.48538273038156304
2026-03-19 18:36:36.408662796,106950.0,0.631,0.48538273047726826
2026-03-19 18:36:36.452442646,106950.0,0.631,0.48538273032964274
2026-03-19 18:36:36.496840000,106950.0,0.631,0.48538273010380967
2026-03-19 18:36:36.540452480,106950.0,0.631,0.485382729976272
2026-03-19 18:36:36.624165058,106950.0,0.631,0.48538272991797354
2026-03-19 18:36:36.668596029,106950.0,0.631,0.4853827299154797
2026-03-19 18:36:36.710712910,106950.0,0.631,0.4853827299347091
2026-03-19 18:36:36.796205521,106950.0,0.631,0.4853827300356495
2026-03-19 18:36:36.841738701,106950.0,0.631,0.48538273013401667
2026-03-19 18:36:36.884909153,106950.0,0.631,0.48538273011364574
2026-03-19 18:36:36.967718601,106950.0,0.631,0.4853827299844481
2026-03-19 18:36:37.012213945,106950.0,0.631,0.4853827299971314
2026-03-19 18:36:37.055719376,106950.0,0.631,0.485382729935072
2026-03-19 18:36:37.141257048,106950.0,0.631,0.4853827300008529
2026-03-19 18:36:37.184661150,106950.0,0.631,0.48538273013666366
2026-03-19 18:36:37.227791548,106950.0,0.631,0.4853827301852644
2026-03-19 18:36:37.271087408,106950.0,0.631,0.4853827302353756
2026-03-19 18:36:37.357683659,106950.0,0.631,0.4853827301823296
2026-03-19 18:36:37.403041124,106950.0,0.631,0.4853827300447101
2026-03-19 18:36:37.445630789,106950.0,0.631,0.4853827299601244
2026-03-19 18:36:37.506250858,106950.0,0.63,0.4864732421567458
2026-03-19 18:36:37.572470427,106950.0,0.63,0.48647324217097254
2026-03-19 18:36:37.617018700,106950.0,0.63,0.48647324236677303
2026-03-19 18:36:37.661458015,106950.0,0.63,0.486473242573474
2026-03-19 18:36:37.744839191,106950.0,0.63,0.4864732425997984
2026-03-19 18:36:37.789441586,106950.0,0.63,0.4864732425427603
2026-03-19 18:36:37.833904505,106950.0,0.63,0.4864732424424364
2026-03-19 18:36:37.876494646,106950.0,0.63,0.486473242268975
2026-03-19 18:36:37.960801125,106950.0,0.63,0.4864732422022554
2026-03-19 18:36:38.006901979,106950.0,0.63,0.48647324236004
2026-03-19 18:36:38.090465069,106950.0,0.63,0.48647324252529833
2026-03-19 18:36:38.133926152,106950.0,0.63,0.4864732427902398
2026-03-19 18:36:38.176217556,106959.99755859376,0.63,0.48758460513613744
2026-03-19 18:36:38.220995903,106959.99755859376,0.63,0.4875846052609734
2026-03-19 18:36:38.264555931,106959.99755859376,0.63,0.4875846053993906
2026-03-19 18:36:38.348532915,106959.99755859376,0.63,0.4875846054088149
2026-03-19 18:36:38.392696381,106959.99755859376,0.63,0.48758460526616854
2026-03-19 18:36:38.436424494,106959.99755859376,0.63,0.4875846051036417
2026-03-19 18:36:38.480061293,106959.99755859376,0.63,0.4875846050380822
2026-03-19 18:36:38.565817595,106959.99755859376,0.63,0.4875846050367525
2026-03-19 18:36:38.608805180,106959.99755859376,0.63,0.4875846050355686
2026-03-19 18:36:38.652757168,106959.99755859376,0.63,0.4875846051657839
2026-03-19 18:36:38.737133503,106959.99755859376,0.63,0.4875846052753011
2026-03-19 18:36:38.780533791,106959.99755859376,0.63,0.4875846052765338
2026-03-19 18:36:38.823814869,106959.99755859376,0.629,0.4886751174599614
2026-03-19 18:36:38.909093142,106959.99755859376,0.629,0.4886751173378365
2026-03-19 18:36:38.953281641,106959.99755859376,0.629,0.48867511718298595
2026-03-19 18:36:38.997325182,106959.99755859376,0.629,0.488675117047431
2026-03-19 18:36:39.082145691,106959.99755859376,0.629,0.4886751170666835
2026-03-19 18:36:39.125258207,106959.99755859376,0.629,0.4886751171992082
2026-03-19 18:36:39.169469595,106959.99755859376,0.629,0.48867511730287677
2026-03-19 18:36:39.211979151,106959.99755859376,0.629,0.4886751174418381
2026-03-19 18:36:39.298352480,106959.99755859376,0.629,0.48867511749031206
2026-03-19 18:36:39.341194391,106959.99755859376,0.629,0.4886751173925089
2026-03-19 18:36:39.385792494,106959.99755859376,0.629,0.4886751172716615
2026-03-19 18:36:39.451894999,106959.99755859376,0.629,0.48867511712970896
2026-03-19 18:36:39.512860298,106959.99755859376,0.629,0.48867511710455735
2026-03-19 18:36:39.558091402,106959.99755859376,0.629,0.48867511722892326
2026-03-19 18:36:39.600284100,106959.99755859376,0.629,0.4886751173931702
2026-03-19 18:36:39.686181307,106959.99755859376,0.629,0.4886751175433848
2026-03-19 18:36:39.729162455,106959.99755859376,0.629,0.48867511766395005
2026-03-19 18:36:39.772665262,106959.99755859376,0.629,0.48867511759534965
2026-03-19 18:36:39.858234882,106959.99755859376,0.628,0.48976562978755167
2026-03-19 18:36:39.901365042,106959.99755859376,0.628,0.48976562968723286
2026-03-19 18:36:39.946209192,106959.99755859376,0.628,0.48976562961572584
2026-03-19 18:36:40.030262709,106959.99755859376,0.628,0.489765629678088
2026-03-19 18:36:40.074314356,106959.99755859376,0.628,0.48976562980626465
2026-03-19 18:36:40.117081165,106959.99755859376,0.628,0.48976562992665323
2026-03-19 18:36:40.161828041,106950.0,0.628,0.4886542679056302
2026-03-19 18:36:40.206950426,106950.0,0.628,0.4886542680033654
2026-03-19 18:36:40.288946867,106950.0,0.628,0.488654267885794
2026-03-19 18:36:40.333991289,106950.0,0.628,0.4886542677814931
2026-03-19 18:36:40.379590511,106950.0,0.628,0.4886542676433955
2026-03-19 18:36:40.426647425,106950.0,0.628,0.48865426757068553
2026-03-19 18:36:40.505605936,106950.0,0.628,0.4886542675562508
2026-03-19 18:36:40.549946308,106950.0,0.628,0.4886542676862595
2026-03-19 18:36:40.634261131,106950.0,0.628,0.4886542678987863
2026-03-19 18:36:40.678086281,106950.0,0.628,0.48865426787363425
2026-03-19 18:36:40.725106716,106950.0,0.628,0.48865426793310873
2026-03-19 18:36:40.765783548,106950.0,0.628,0.4886542678593031
2026-03-19 18:36:40.850296736,106950.0,0.628,0.48865426766625625
2026-03-19 18:36:40.894598484,106950.0,0.628,0.4886542677702737
2026-03-19 18:36:40.941586494,106950.0,0.628,0.4886542677124431
2026-03-19 18:36:41.023911953,106950.0,0.628,0.4886542678211756
2026-03-19 18:36:41.067977905,106950.0,0.628,0.4886542678957998
2026-03-19 18:36:41.111189842,106950.0,0.627,0.4897447801745661
2026-03-19 18:36:41.158436775,106950.0,0.627,0.48974478020878687
2026-03-19 18:36:41.237890244,106950.0,0.627,0.48974478023365003
2026-03-19 18:36:41.282639503,106950.0,0.627,0.4897447801404489
2026-03-19 18:36:41.325645924,106950.0,0.627,0.48974478015864836
2026-03-19 18:36:41.392462015,106950.0,0.627,0.48974478010525724
2026-03-19 18:36:41.454536915,106950.0,0.627,0.4897447801683798
2026-03-19 18:36:41.497509718,106950.0,0.627,0.489744780250326
2026-03-19 18:36:41.543143034,106950.0,0.627,0.4897447802725802
2026-03-19 18:36:41.627030611,106950.0,0.627,0.48974478029430357
2026-03-19 18:36:41.671317101,106950.0,0.627,0.4897447802217009
2026-03-19 18:36:41.715387106,106950.0,0.628,0.4886542678725233
2026-03-19 18:36:41.799612999,106950.0,0.628,0.48865426781953103
2026-03-19 18:36:41.842580795,106950.0,0.628,0.4886542679098159
2026-03-19 18:36:41.886232376,106950.0,0.628,0.48865426799782546
2026-03-19 18:36:41.971520424,106950.0,0.628,0.48865426808102524
2026-03-19 18:36:42.015147448,106950.0,0.628,0.48865426806061596
2026-03-19 18:36:42.058084488,106950.0,0.627,0.48974478031343543
2026-03-19 18:36:42.102788687,106950.0,0.627,0.4897447802685526
2026-03-19 18:36:42.146796703,106940.00244140624,0.627,0.4886334180380796
2026-03-19 18:36:42.232414722,106940.00244140624,0.627,0.48863341804373145
2026-03-19 18:36:42.274491072,106940.00244140624,0.627,0.4886334181474327
2026-03-19 18:36:42.318053484,106940.00244140624,0.627,0.48863341822261175
2026-03-19 18:36:42.402065754,106940.00244140624,0.627,0.4886334182666388
2026-03-19 18:36:42.446741104,106940.00244140624,0.627,0.4886334182710648
2026-03-19 18:36:42.491328001,106940.00244140624,0.627,0.48863341829420637
2026-03-19 18:36:42.575505018,106940.00244140624,0.627,0.48863341824475154
2026-03-19 18:36:42.619915485,106940.00244140624,0.627,0.4886334181915668
2026-03-19 18:36:42.662088394,106940.00244140624,0.627,0.4886334182096
2026-03-19 18:36:42.708859444,106940.00244140624,0.627,0.48863341820832246
2026-03-19 18:36:42.790862799,106940.00244140624,0.627,0.48863341828350393
2026-03-19 18:36:42.836504698,106940.00244140624,0.627,0.4886334183650102
2026-03-19 18:36:42.880009890,106940.00244140624,0.627,0.4886334183919134
2026-03-19 18:36:42.963258028,106940.00244140624,0.627,0.48863341829326423
2026-03-19 18:36:43.007362366,106940.00244140624,0.627,0.4886334181337566
2026-03-19 18:36:43.051498890,106940.00244140624,0.627,0.48863341803582955
2026-03-19 18:36:43.093918562,106940.00244140624,0.627,0.48863341797055304
2026-03-19 18:36:43.179404497,106940.00244140624,0.627,0.4886334180185914
2026-03-19 18:36:43.223502874,106940.00244140624,0.627,0.4886334181558463
2026-03-19 18:36:43.267846346,106940.00244140624,0.627,0.4886334182231735
2026-03-19 18:36:43.351922750,106940.00244140624,0.627,0.4886334182826962
2026-03-19 18:36:43.395149231,106940.00244140624,0.627,0.488633418329319
2026-03-19 18:36:43.440378189,106940.00244140624,0.627,0.4886334183078983
2026-03-19 18:36:43.524372339,106940.00244140624,0.627,0.4886334182357011
2026-03-19 18:36:43.567217112,106940.00244140624,0.627,0.48863341820161643
2026-03-19 18:36:43.611179113,106940.00244140624,0.627,0.4886334181767743
2026-03-19 18:36:43.660047293,106940.00244140624,0.627,0.48863341825074486
2026-03-19 18:36:43.739765167,106940.00244140624,0.627,0.48863341838356844
2026-03-19 18:36:43.783063173,106940.00244140624,0.627,0.4886334186243809
2026-03-19 18:36:43.827778101,106940.00244140624,0.627,0.48863341873788724
2026-03-19 18:36:43.912417650,106940.00244140624,0.627,0.4886334187593655
2026-03-19 18:36:43.957103014,106940.00244140624,0.627,0.48863341872081273
2026-03-19 18:36:44.002125263,106940.00244140624,0.627,0.48863341862678256
2026-03-19 18:36:44.044693708,106940.00244140624,0.627,0.48863341851029624
2026-03-19 18:36:44.127318382,106940.00244140624,0.627,0.4886334184903503
2026-03-19 18:36:44.171775818,106940.00244140624,0.627,0.48863341850944314
2026-03-19 18:36:44.214850903,106940.00244140624,0.627,0.48863341864103765
2026-03-19 18:36:44.300274372,106940.00244140624,0.627,0.4886334187695305
2026-03-19 18:36:44.343927145,106940.00244140624,0.627,0.4886334189304878
2026-03-19 18:36:44.387293577,106940.00244140624,0.627,0.4886334190239712
2026-03-19 18:36:44.431024790,106940.00244140624,0.627,0.48863341903641394
2026-03-19 18:36:44.515869141,106940.00244140624,0.627,0.48863341896913065
2026-03-19 18:36:44.559269905,106940.00244140624,0.627,0.4886334188543461
2026-03-19 18:36:44.602935553,106940.00244140624,0.627,0.488633418741439
2026-03-19 18:36:44.647601366,106940.00244140624,0.627,0.48863341874323385
2026-03-19 18:36:44.731270552,106940.00244140624,0.627,0.4886334187478445
2026-03-19 18:36:44.775490284,106940.00244140624,0.627,0.48863341894045537
2026-03-19 18:36:44.821175814,106940.00244140624,0.627,0.4886334190906864
2026-03-19 18:36:44.905525446,106940.00244140624,0.627,0.48863341915625486
2026-03-19 18:36:44.948278189,106940.00244140624,0.627,0.488633419247386
2026-03-19 18:36:44.992064476,106940.00244140624,0.627,0.4886334192685048
2026-03-19 18:36:45.035927296,106940.00244140624,0.627,0.4886334191733121
2026-03-19 18:36:45.120441437,106940.00244140624,0.627,0.48863341910948027
2026-03-19 18:36:45.163782835,106940.00244140624,0.627,0.48863341904969226
2026-03-19 18:36:45.208244324,106940.00244140624,0.627,0.4886334190818443
2026-03-19 18:36:45.292025805,106940.00244140624,0.627,0.4886334191704788
2026-03-19 18:36:45.335732222,106940.00244140624,0.627,0.4886334192681027
2026-03-19 18:36:45.380162477,106940.00244140624,0.627,0.48863341934015125
2026-03-19 18:36:45.465411663,106940.00244140624,0.627,0.4886334193000814
2026-03-19 18:36:45.508226870,106940.00244140624,0.627,0.4886334191864965
2026-03-19 18:36:45.553593636,106940.00244140624,0.627,0.48863341907968677
2026-03-19 18:36:45.602309704,106940.00244140624,0.627,0.48863341899467466
2026-03-19 18:36:45.680842638,106940.00244140624,0.627,0.48863341894783413
2026-03-19 18:36:45.724439144,106940.00244140624,0.627,0.48863341895529455
2026-03-19 18:36:45.767940283,106940.00244140624,0.627,0.48863341904420865
2026-03-19 18:36:45.852993488,106940.00244140624,0.627,0.4886334192286282
2026-03-19 18:36:45.897286892,106940.00244140624,0.627,0.4886334192950009
2026-03-19 18:36:45.940090895,106940.00244140624,0.627,0.48863341935187316
2026-03-19 18:36:45.983700514,106940.00244140624,0.627,0.48863341941457133
2026-03-19 18:36:46.069231987,106940.00244140624,0.627,0.4886334194325697
2026-03-19 18:36:46.112530231,106940.00244140624,0.627,0.48863341941185423
2026-03-19 18:36:46.157576799,106940.00244140624,0.627,0.4886334194211796
2026-03-19 18:36:46.241061449,106940.00244140624,0.627,0.4886334194597551
2026-03-19 18:36:46.284255505,106940.00244140624,0.627,0.48863341952406275
2026-03-19 18:36:46.328012228,106940.00244140624,0.627,0.48863341963849016
2026-03-19 18:36:46.374370098,106940.00244140624,0.627,0.4886334197447874
2026-03-19 18:36:46.456893444,106940.00244140624,0.627,0.48863341983486697
2026-03-19 18:36:46.500956774,106940.00244140624,0.627,0.48863341983344716
2026-03-19 18:36:46.545035124,106940.00244140624,0.627,0.4886334198066505
2026-03-19 18:36:46.589229822,106940.00244140624,0.627,0.4886334198740586
2026-03-19 18:36:46.672764301,106940.00244140624,0.627,0.4886334196495622
2026-03-19 18:36:46.717672586,106940.00244140624,0.627,0.48863341957832207
2026-03-19 18:36:46.761202097,106940.00244140624,0.627,0.4886334195144036
2026-03-19 18:36:46.847784758,106940.00244140624,0.627,0.4886334193816156
2026-03-19 18:36:46.891306639,106940.00244140624,0.627,0.4886334195793249
2026-03-19 18:36:46.932920933,106940.00244140624,0.627,0.4886334196083916
2026-03-19 18:36:47.017641544,106940.00244140624,0.627,0.4886334196675312
2026-03-19 18:36:47.062125683,106940.00244140624,0.627,0.4886334196495108
2026-03-19 18:36:47.106707096,106940.00244140624,0.627,0.48863341964122425
2026-03-19 18:36:47.189984560,106940.00244140624,0.627,0.4886334195091416
2026-03-19 18:36:47.233769655,106940.00244140624,0.626,0.48972393178904966
2026-03-19 18:36:47.276900291,106940.00244140624,0.626,0.48972393179743806
2026-03-19 18:36:47.320842028,106940.00244140624,0.626,0.48972393172632506
2026-03-19 18:36:47.405793905,106940.00244140624,0.626,0.48972393199299274
2026-03-19 18:36:47.449317694,106940.00244140624,0.626,0.48972393211665927
2026-03-19 18:36:47.493277311,106940.00244140624,0.626,0.48972393212382304
2026-03-19 18:36:47.544408083,106940.00244140624,0.626,0.48972393224361915
2026-03-19 18:36:47.621655941,106940.00244140624,0.626,0.4897239321086345
2026-03-19 18:36:47.666820288,106940.00244140624,0.626,0.4897239320536488
2026-03-19 18:36:47.710371017,106940.00244140624,0.626,0.4897239321579662
2026-03-19 18:36:47.794265985,106940.00244140624,0.626,0.4897239320099144
2026-03-19 18:36:47.840579271,106940.00244140624,0.626,0.48972393228117694
2026-03-19 18:36:47.880706787,106940.00244140624,0.626,0.48972393231107136
2026-03-19 18:36:47.966251612,106940.00244140624,0.626,0.4897239322358536
2026-03-19 18:36:48.011877537,106940.00244140624,0.626,0.4897239324426986
2026-03-19 18:36:48.058315277,106940.00244140624,0.626,0.48972393231738276
2026-03-19 18:36:48.139117718,106940.00244140624,0.626,0.48972393230013345
2026-03-19 18:36:48.181670904,106950.0,0.626,0.49083529446223906
2026-03-19 18:36:48.225085497,106950.0,0.626,0.490835294330178
2026-03-19 18:36:48.268965483,106950.0,0.626,0.4908352944043581
2026-03-19 18:36:48.313384295,106950.0,0.626,0.4908352946263342
2026-03-19 18:36:48.396956682,106950.0,0.626,0.4908352947469035
2026-03-19 18:36:48.442238092,106950.0,0.626,0.49083529491392597
2026-03-19 18:36:48.486475945,106950.0,0.626,0.4908352949001729
2026-03-19 18:36:48.528909206,106950.0,0.626,0.4908352948485978
2026-03-19 18:36:48.613941669,106950.0,0.626,0.4908352947135626
2026-03-19 18:36:48.658525705,106950.0,0.626,0.4908352946557409
2026-03-19 18:36:48.701460361,106950.0,0.626,0.49083529467794623
2026-03-19 18:36:48.786132812,106950.0,0.626,0.4908352948101502
2026-03-19 18:36:48.829623699,106950.0,0.626,0.4908352949834101
2026-03-19 18:36:48.872658730,106950.0,0.626,0.4908352951850255
2026-03-19 18:36:48.958235025,106950.0,0.626,0.49083529526070624
2026-03-19 18:36:49.002000093,106950.0,0.626,0.4908352952094182
2026-03-19 18:36:49.045439959,106950.0,0.626,0.4908352950736808
2026-03-19 18:36:49.131234407,106950.0,0.626,0.4908352948730521
2026-03-19 18:36:49.173779488,106950.0,0.626,0.490835294694945
2026-03-19 18:36:49.218627691,106950.0,0.626,0.4908352946139975
2026-03-19 18:36:49.261604308,106950.0,0.626,0.4908352946070382
2026-03-19 18:36:49.347357512,106950.0,0.626,0.49083529462144654
2026-03-19 18:36:49.389711142,106950.0,0.626,0.4908352946457862
2026-03-19 18:36:49.433892488,106950.0,0.626,0.4908352946800068
2026-03-19 18:36:49.490163088,106950.0,0.626,0.4908352945913597
2026-03-19 18:36:49.563096762,106950.0,0.626,0.4908352944569392
2026-03-19 18:36:49.607208490,106950.0,0.626,0.49083529439275764
2026-03-19 18:36:49.650722504,106950.0,0.626,0.49083529438459306
2026-03-19 18:36:49.734548092,106950.0,0.626,0.4908352944055796
2026-03-19 18:36:49.779559612,106950.0,0.626,0.49083529443830876
2026-03-19 18:36:49.822295189,106950.0,0.626,0.4908352945263715
2026-03-19 18:36:49.907867908,106950.0,0.626,0.49083529454918756
2026-03-19 18:36:49.950429916,106950.0,0.626,0.49083529459192404
2026-03-19 18:36:49.995170116,106950.0,0.626,0.49083529453804997
2026-03-19 18:36:50.080088854,106950.0,0.626,0.4908352945714847
2026-03-19 18:36:50.125796556,106950.0,0.626,0.4908352946466343
2026-03-19 18:36:50.166034460,106940.00244140624,0.626,0.48972393249814555
2026-03-19 18:36:50.210484505,106940.00244140624,0.626,0.4897239325344036
2026-03-19 18:36:50.255105972,106940.00244140624,0.626,0.48972393261303787
2026-03-19 18:36:50.338321447,106940.00244140624,0.626,0.48972393254138646
2026-03-19 18:36:50.382765055,106940.00244140624,0.626,0.4897239324822285
2026-03-19 18:36:50.426016092,106940.00244140624,0.626,0.48972393242626244
2026-03-19 18:36:50.510562897,106940.00244140624,0.626,0.4897239323748666
2026-03-19 18:36:50.558241129,106940.00244140624,0.626,0.48972393239582956
2026-03-19 18:36:50.599042416,106940.00244140624,0.626,0.4897239323925614
2026-03-19 18:36:50.682894230,106940.00244140624,0.626,0.4897239323751142
2026-03-19 18:36:50.727049828,106940.00244140624,0.626,0.4897239323894169
2026-03-19 18:36:50.770674944,106940.00244140624,0.626,0.48972393222944033
2026-03-19 18:36:50.813613892,106940.00244140624,0.626,0.4897239321159843
2026-03-19 18:36:50.899455786,106940.00244140624,0.626,0.489723931999407
2026-03-19 18:36:50.942857504,106940.00244140624,0.626,0.4897239318268447
2026-03-19 18:36:50.987897635,106940.00244140624,0.626,0.4897239317976147
2026-03-19 18:36:51.071331978,106940.00244140624,0.626,0.489723931881675
2026-03-19 18:36:51.114842415,106940.00244140624,0.626,0.48972393187557267
2026-03-19 18:36:51.160937309,106940.00244140624,0.626,0.48972393195214925
2026-03-19 18:36:51.202981710,106940.00244140624,0.626,0.48972393195486713
2026-03-19 18:36:51.287261963,106940.00244140624,0.626,0.48972393179462215
2026-03-19 18:36:51.332465410,106940.00244140624,0.626,0.4897239316632847
2026-03-19 18:36:51.374908447,106940.00244140624,0.626,0.48972393159541244
2026-03-19 18:36:51.435715199,106940.00244140624,0.626,0.48972393148104043
2026-03-19 18:36:51.503091812,106940.00244140624,0.626,0.4897239315772634
2026-03-19 18:36:51.547542095,106940.00244140624,0.626,0.48972393167761735
2026-03-19 18:36:51.631726980,106940.00244140624,0.626,0.4897239318006209
2026-03-19 18:36:51.675829411,106940.00244140624,0.626,0.4897239319020305
2026-03-19 18:36:51.720023394,106940.00244140624,0.626,0.4897239318127865
2026-03-19 18:36:51.763424158,106940.00244140624,0.626,0.48972393170653006
2026-03-19 18:36:51.848203182,106940.00244140624,0.626,0.48972393145763027
2026-03-19 18:36:51.891873598,106940.00244140624,0.626,0.48972393130849107
2026-03-19 18:36:51.936060905,106940.00244140624,0.626,0.48972393123083807
2026-03-19 18:36:52.020737410,106940.00244140624,0.626,0.48972393120219565
2026-03-19 18:36:52.064510583,106940.00244140624,0.626,0.4897239312242011
2026-03-19 18:36:52.109013557,106940.00244140624,0.626,0.4897239313265188
2026-03-19 18:36:52.150203705,106940.00244140624,0.626,0.4897239313675493
2026-03-19 18:36:52.195904970,106940.00244140624,0.626,0.48972393138329134
2026-03-19 18:36:52.280096292,106940.00244140624,0.626,0.4897239314174489
2026-03-19 18:36:52.323171377,106940.00244140624,0.626,0.4897239313095623
2026-03-19 18:36:52.367060423,106940.00244140624,0.626,0.4897239311927166
2026-03-19 18:36:52.452087641,106940.00244140624,0.626,0.4897239311822231
2026-03-19 18:36:52.494590998,106940.00244140624,0.626,0.48972393120991914
2026-03-19 18:36:52.540750504,106940.00244140624,0.626,0.48972393134149356
2026-03-19 18:36:52.623735905,106940.00244140624,0.626,0.48972393142261295
2026-03-19 18:36:52.668497086,106940.00244140624,0.626,0.4897239314684306
2026-03-19 18:36:52.711521626,106940.00244140624,0.626,0.4897239314657102
2026-03-19 18:36:52.754788637,106940.00244140624,0.626,0.4897239314160855
2026-03-19 18:36:52.840148926,106940.00244140624,0.626,0.4897239312614464
2026-03-19 18:36:52.883298397,106940.00244140624,0.626,0.48972393127183994
2026-03-19 18:36:52.927772999,106940.00244140624,0.626,0.4897239310660499
2026-03-19 18:36:53.014120102,106940.00244140624,0.626,0.48972393094733313
2026-03-19 18:36:53.060452461,106940.00244140624,0.625,0.4908144433024169
2026-03-19 18:36:53.100996017,106940.00244140624,0.625,0.49081444317010087
2026-03-19 18:36:53.143243790,106940.00244140624,0.625,0.4908144431529964
2026-03-19 18:36:53.229369402,106940.00244140624,0.625,0.49081444315227035
2026-03-19 18:36:53.272477150,106940.00244140624,0.625,0.49081444304192046
2026-03-19 18:36:53.315989256,106940.00244140624,0.625,0.49081444303936445
2026-03-19 18:36:53.400739670,106940.00244140624,0.625,0.4908144429177939
2026-03-19 18:36:53.443924189,106940.00244140624,0.625,0.49081444278927133
2026-03-19 18:36:53.487618446,106940.00244140624,0.625,0.49081444278299213
2026-03-19 18:36:53.573002338,106940.00244140624,0.625,0.4908144427475385
2026-03-19 18:36:53.616559267,106940.00244140624,0.625,0.4908144427748094
2026-03-19 18:36:53.659894466,106940.00244140624,0.625,0.4908144428057424
2026-03-19 18:36:53.707758904,106940.00244140624,0.626,0.4897239305584218
2026-03-19 18:36:53.789082050,106940.00244140624,0.626,0.48972393047401225
2026-03-19 18:36:53.832864046,106940.00244140624,0.626,0.4897239304988385
2026-03-19 18:36:53.876232862,106940.00244140624,0.626,0.4897239304319865
2026-03-19 18:36:53.961316109,106940.00244140624,0.626,0.48972393034289047
2026-03-19 18:36:54.005808592,106940.00244140624,0.626,0.4897239304758743
2026-03-19 18:36:54.048346281,106940.00244140624,0.626,0.4897239305041531
2026-03-19 18:36:54.092473507,106940.00244140624,0.626,0.48972393059132285
2026-03-19 18:36:54.177247524,106940.00244140624,0.626,0.4897239308072321
2026-03-19 18:36:54.221212387,106940.00244140624,0.626,0.48972393067936854
2026-03-19 18:36:54.265606165,106940.00244140624,0.626,0.48972393070094145
2026-03-19 18:36:54.349578857,106940.00244140624,0.626,0.48972393044503204
2026-03-19 18:36:54.392794847,106940.00244140624,0.626,0.48972393031289696
2026-03-19 18:36:54.438411713,106940.00244140624,0.626,0.48972393022723676
2026-03-19 18:36:54.522151708,106940.00244140624,0.626,0.48972393012512083
2026-03-19 18:36:54.565834761,106940.00244140624,0.626,0.4897239301407515
2026-03-19 18:36:54.608657837,106940.00244140624,0.626,0.48972393005165327
2026-03-19 18:36:54.672599077,106940.00244140624,0.626,0.48972393010448767
2026-03-19 18:36:54.737075090,106940.00244140624,0.626,0.48972393004166503
2026-03-19 18:36:54.781366110,106940.00244140624,0.626,0.4897239299285265
2026-03-19 18:36:54.825314283,106940.00244140624,0.626,0.4897239298710398
2026-03-19 18:36:54.909894705,106940.00244140624,0.626,0.4897239295810808
2026-03-19 18:36:54.955480576,106940.00244140624,0.626,0.4897239295252814
2026-03-19 18:36:54.997663498,106940.00244140624,0.626,0.48972392956561955
2026-03-19 18:36:55.041374922,106940.00244140624,0.626,0.4897239295441322
2026-03-19 18:36:55.125975370,106940.00244140624,0.626,0.4897239296366684
2026-03-19 18:36:55.169569492,106940.00244140624,0.626,0.48972392971221823
2026-03-19 18:36:55.213900805,106940.00244140624,0.626,0.48972392965858635
2026-03-19 18:36:55.298302412,106940.00244140624,0.626,0.4897239296907137
2026-03-19 18:36:55.342615366,106940.00244140624,0.626,0.4897239296448863
2026-03-19 18:36:55.385807514,106940.00244140624,0.626,0.48972392965018186
2026-03-19 18:36:55.470100164,106940.00244140624,0.626,0.4897239296217504
2026-03-19 18:36:55.513933659,106940.00244140624,0.626,0.48972392956463845
2026-03-19 18:36:55.561489582,106940.00244140624,0.626,0.4897239295595979
2026-03-19 18:36:55.643240929,106940.00244140624,0.626,0.48972392966329814
2026-03-19 18:36:55.685901165,106940.00244140624,0.627,0.48863341746748756
2026-03-19 18:36:55.730374098,106940.00244140624,0.627,0.4886334175047112
2026-03-19 18:36:55.776088238,106940.00244140624,0.627,0.4886334175287443
2026-03-19 18:36:55.859937191,106940.00244140624,0.627,0.4886334173373609
2026-03-19 18:36:55.902814388,106940.00244140624,0.627,0.488633417217541
2026-03-19 18:36:55.948979139,106940.00244140624,0.627,0.48863341711149316
2026-03-19 18:36:55.989822626,106940.00244140624,0.627,0.4886334170433301
2026-03-19 18:36:56.075905561,106940.00244140624,0.627,0.48863341706299107
2026-03-19 18:36:56.119833708,106940.00244140624,0.627,0.48863341708356495
2026-03-19 18:36:56.162196159,106909.99755859376,0.627,0.4852979735250051
2026-03-19 18:36:56.246909618,106909.99755859376,0.627,0.4852979736386946
2026-03-19 18:36:56.291553497,106909.99755859376,0.627,0.48529797366505645
2026-03-19 18:36:56.334753752,106909.99755859376,0.627,0.48529797369540484
2026-03-19 18:36:56.377822876,106909.99755859376,0.627,0.48529797367341687
2026-03-19 18:36:56.464611769,106909.99755859376,0.627,0.4852979734908214
2026-03-19 18:36:56.507503510,106909.99755859376,0.627,0.48529797332987534
2026-03-19 18:36:56.550402403,106909.99755859376,0.627,0.48529797321217344
2026-03-19 18:36:56.619882584,106909.99755859376,0.627,0.4852979731662385
2026-03-19 18:36:56.678236008,106909.99755859376,0.627,0.48529797327416513
2026-03-19 18:36:56.722306013,106909.99755859376,0.627,0.4852979733935908
2026-03-19 18:36:56.767928600,106909.99755859376,0.627,0.4852979733983341
2026-03-19 18:36:56.851334572,106909.99755859376,0.627,0.4852979732628481
2026-03-19 18:36:56.895708799,106909.99755859376,0.627,0.4852979730877582
2026-03-19 18:36:56.939625978,106909.99755859376,0.627,0.4852979728677178
2026-03-19 18:36:56.982100964,106909.99755859376,0.627,0.48529797268407326
2026-03-19 18:36:57.067823172,106909.99755859376,0.627,0.4852979724750242
2026-03-19 18:36:57.110908508,106909.99755859376,0.627,0.48529797231573685
2026-03-19 18:36:57.158132553,106909.99755859376,0.627,0.48529797225998117
2026-03-19 18:36:57.239666939,106909.99755859376,0.627,0.4852979723267415
2026-03-19 18:36:57.283048391,106909.99755859376,0.627,0.4852979723354865
2026-03-19 18:36:57.327297449,106909.99755859376,0.627,0.48529797237961536
2026-03-19 18:36:57.411749601,106909.99755859376,0.627,0.4852979723923702
2026-03-19 18:36:57.455810070,106909.99755859376,0.627,0.4852979724142983
2026-03-19 18:36:57.498256922,106909.99755859376,0.627,0.4852979722525221
2026-03-19 18:36:57.584044218,106909.99755859376,0.627,0.4852979721065117
2026-03-19 18:36:57.628304958,106909.99755859376,0.627,0.4852979720201327
2026-03-19 18:36:57.672516108,106909.99755859376,0.627,0.4852979718693999
2026-03-19 18:36:57.717255354,106909.99755859376,0.627,0.48529797189629376
2026-03-19 18:36:57.799762487,106909.99755859376,0.627,0.48529797206455566
2026-03-19 18:36:57.843856096,106909.99755859376,0.627,0.48529797220425314
2026-03-19 18:36:57.887791157,106909.99755859376,0.627,0.48529797236903
2026-03-19 18:36:57.930174828,106909.99755859376,0.627,0.48529797232374655
2026-03-19 18:36:58.015945673,106909.99755859376,0.627,0.48529797228816773
2026-03-19 18:36:58.060070515,106909.99755859376,0.627,0.4852979722185501
2026-03-19 18:36:58.106458187,106909.99755859376,0.627,0.48529797202208175
2026-03-19 18:36:58.188783884,106909.99755859376,0.627,0.4852979718102086
2026-03-19 18:36:58.231904507,106909.99755859376,0.627,0.4852979716987698
2026-03-19 18:36:58.275735378,106909.99755859376,0.628,0.4842074594449271
2026-03-19 18:36:58.360216856,106909.99755859376,0.628,0.48420745949280747
2026-03-19 18:36:58.404168844,106909.99755859376,0.628,0.4842074595606335
2026-03-19 18:36:58.450241089,106909.99755859376,0.628,0.4842074596031702
2026-03-19 18:36:58.533117771,106909.99755859376,0.628,0.48420745952348415
2026-03-19 18:36:58.576094627,106909.99755859376,0.628,0.4842074593621329
2026-03-19 18:36:58.620145082,106909.99755859376,0.628,0.48420745919238295
2026-03-19 18:36:58.664026499,106909.99755859376,0.628,0.4842074591005094
2026-03-19 18:36:58.748213530,106909.99755859376,0.628,0.484207459021772
2026-03-19 18:36:58.792573214,106909.99755859376,0.628,0.48420745903898765
2026-03-19 18:36:58.836313486,106909.99755859376,0.628,0.484207459158618
2026-03-19 18:36:58.884336948,106909.99755859376,0.628,0.4842074592482882
2026-03-19 18:36:58.965499640,106909.99755859376,0.628,0.4842074593419501
2026-03-19 18:36:59.010176420,106909.99755859376,0.628,0.48420745937353166
2026-03-19 18:36:59.052063704,106909.99755859376,0.628,0.4842074593483666
2026-03-19 18:36:59.137766361,106909.99755859376,0.628,0.48420745929376147
2026-03-19 18:36:59.181212902,106909.99755859376,0.628,0.4842074592054516
2026-03-19 18:36:59.224989891,106909.99755859376,0.628,0.4842074591482669
2026-03-19 18:36:59.309471846,106909.99755859376,0.628,0.48420745909715823
2026-03-19 18:36:59.354316473,106909.99755859376,0.628,0.48420745914304597
2026-03-19 18:36:59.397501945,106909.99755859376,0.628,0.48420745922025105
2026-03-19 18:36:59.482804298,106909.99755859376,0.628,0.48420745914343094
2026-03-19 18:36:59.524586201,106909.99755859376,0.628,0.4842074591706766
2026-03-19 18:36:59.569061756,106909.99755859376,0.628,0.48420745902755213
2026-03-19 18:36:59.612365007,106909.99755859376,0.628,0.48420745874452126
2026-03-19 18:36:59.699473381,106909.99755859376,0.628,0.4842074586808911
2026-03-19 18:36:59.740330935,106909.99755859376,0.628,0.4842074585166701
2026-03-19 18:36:59.784245968,106909.99755859376,0.628,0.4842074585443661
2026-03-19 18:36:59.852532864,106909.99755859376,0.628,0.4842074586776076
2026-03-19 18:36:59.913712502,106909.99755859376,0.628,0.48420745851155844
2026-03-19 18:36:59.956583023,106909.99755859376,0.628,0.4842074585546911
2026-03-19 18:37:00.002531290,106909.99755859376,0.628,0.48420745850521374
2026-03-19 18:37:00.086018562,106909.99755859376,0.628,0.484207458368342
2026-03-19 18:37:00.131328344,106909.99755859376,0.628,0.48420745837877904
2026-03-19 18:37:00.173799276,106950.0,0.628,0.48865426405726875
2026-03-19 18:37:00.216132879,106950.0,0.628,0.4886542640544897
2026-03-19 18:37:00.301438093,106950.0,0.628,0.4886542641809039
2026-03-19 18:37:00.345128775,106950.0,0.628,0.4886542642717749
2026-03-19 18:37:00.388188839,106950.0,0.628,0.48865426431686276
2026-03-19 18:37:00.473006487,106950.0,0.628,0.4886542643384798
2026-03-19 18:37:00.516213655,106950.0,0.628,0.48865426425750613
2026-03-19 18:37:00.562488794,106950.0,0.628,0.4886542640460166
2026-03-19 18:37:00.607546568,106950.0,0.628,0.48865426403936324
2026-03-19 18:37:00.688961506,106950.0,0.628,0.48865426397011974
2026-03-19 18:37:00.733757019,106950.0,0.628,0.4886542638919718
2026-03-19 18:37:00.777594090,106950.0,0.628,0.48865426395901845
2026-03-19 18:37:00.832013369,106950.0,0.628,0.4886542639162102
2026-03-19 18:37:00.907370090,106950.0,0.628,0.48865426388222744
2026-03-19 18:37:00.949014902,106950.0,0.628,0.4886542638626081
2026-03-19 18:37:01.034835100,106950.0,0.628,0.48865426383810806
2026-03-19 18:37:01.079358816,106950.0,0.628,0.4886542637546836
2026-03-19 18:37:01.122421265,106950.0,0.628,0.4886542636471238
2026-03-19 18:37:01.166018009,106950.0,0.628,0.4886542635665687
2026-03-19 18:37:01.250674962,106950.0,0.628,0.4886542635657315
2026-03-19 18:37:01.294445515,106950.0,0.628,0.4886542636474534
2026-03-19 18:37:01.337413073,106950.0,0.628,0.4886542636662417
2026-03-19 18:37:01.422989845,106950.0,0.628,0.48865426385471117
2026-03-19 18:37:01.466617107,106950.0,0.628,0.4886542638502077
2026-03-19 18:37:01.510097979,106950.0,0.629,0.4875637514530013
2026-03-19 18:37:01.561538935,106950.0,0.629,0.4875637515373889
2026-03-19 18:37:01.639073849,106950.0,0.629,0.4875637514240171
2026-03-19 18:37:01.682589054,106950.0,0.629,0.48756375141756725
2026-03-19 18:37:01.726824284,106950.0,0.629,0.4875637515130108
2026-03-19 18:37:01.802475691,106950.0,0.629,0.4875637514759799
2026-03-19 18:37:01.855666637,106950.0,0.629,0.4875637515585581
2026-03-19 18:37:01.897988796,106950.0,0.629,0.48756375160846643
2026-03-19 18:37:01.982815027,106950.0,0.629,0.4875637514888086
2026-03-19 18:37:02.027100325,106950.0,0.629,0.48756375152283077
2026-03-19 18:37:02.070685625,106950.0,0.629,0.48756375136642266
2026-03-19 18:37:02.125307798,106950.0,0.629,0.4875637513200595
2026-03-19 18:37:02.158662319,106919.9951171875,0.629,0.48422830773436926
2026-03-19 18:37:02.242398977,106919.9951171875,0.629,0.4842283076842203
2026-03-19 18:37:02.285396099,106919.9951171875,0.629,0.48422830762420405
2026-03-19 18:37:02.331079960,106919.9951171875,0.629,0.4842283076390555
2026-03-19 18:37:02.415076971,106919.9951171875,0.629,0.48422830765968117
2026-03-19 18:37:02.458186865,106919.9951171875,0.629,0.48422830776065234
2026-03-19 18:37:02.501534461,106919.9951171875,0.629,0.48422830776877335
2026-03-19 18:37:02.547699690,106919.9951171875,0.629,0.4842283077757361
2026-03-19 18:37:02.630064249,106919.9951171875,0.629,0.4842283077620806
2026-03-19 18:37:02.673794508,106919.9951171875,0.629,0.4842283077114354
2026-03-19 18:37:02.718858957,106919.9951171875,0.629,0.48422830777481435
2026-03-19 18:37:02.803210497,106919.9951171875,0.63,0.4831377954519518
2026-03-19 18:37:02.847958088,106919.9951171875,0.63,0.4831377954861379
2026-03-19 18:37:02.890379667,106919.9951171875,0.63,0.48313779553781344
2026-03-19 18:37:02.975102901,106919.9951171875,0.63,0.4831377954857497
2026-03-19 18:37:03.019315004,106919.9951171875,0.63,0.4831377954804449
2026-03-19 18:37:03.063370943,106919.9951171875,0.63,0.4831377953931985
2026-03-19 18:37:03.107241154,106919.9951171875,0.63,0.4831377954363392
2026-03-19 18:37:03.190494061,106919.9951171875,0.63,0.4831377953632688
2026-03-19 18:37:03.234965086,106919.9951171875,0.63,0.4831377951875006
2026-03-19 18:37:03.278042555,106919.9951171875,0.63,0.48313779513750604
2026-03-19 18:37:03.363591433,106919.9951171875,0.63,0.4831377949555658
2026-03-19 18:37:03.409677505,106919.9951171875,0.63,0.48313779498017895
2026-03-19 18:37:03.451228619,106919.9951171875,0.63,0.4831377950749344
2026-03-19 18:37:03.494045973,106919.9951171875,0.63,0.4831377950854942
2026-03-19 18:37:03.579411983,106919.9951171875,0.63,0.48313779490370373
2026-03-19 18:37:03.622617960,106919.9951171875,0.63,0.4831377949367289
2026-03-19 18:37:03.668871641,106919.9951171875,0.63,0.48313779479297136
2026-03-19 18:37:03.753544569,106919.9951171875,0.63,0.48313779464753553
2026-03-19 18:37:03.795814991,106919.9951171875,0.63,0.48313779470414725
2026-03-19 18:37:03.839046955,106919.9951171875,0.63,0.4831377947105875
2026-03-19 18:37:03.923382282,106919.9951171875,0.63,0.48313779472811014
2026-03-19 18:37:03.967854500,106919.9951171875,0.63,0.4831377948243956
2026-03-19 18:37:04.011984587,106919.9951171875,0.63,0.4831377947852262
2026-03-19 18:37:04.068014860,106919.9951171875,0.631,0.4820472825343926
2026-03-19 18:37:04.139246464,106929.99267578124,0.631,0.48315864481751286
2026-03-19 18:37:04.183273315,106929.99267578124,0.631,0.48315864478336534
2026-03-19 18:37:04.226873159,106929.99267578124,0.631,0.48315864489972304
2026-03-19 18:37:04.270925522,106929.99267578124,0.631,0.4831586447631392
2026-03-19 18:37:04.356247187,106929.99267578124,0.631,0.48315864485151644
2026-03-19 18:37:04.399089575,106929.99267578124,0.632,0.48206813255403774
2026-03-19 18:37:04.442316771,106929.99267578124,0.632,0.48206813255874253
2026-03-19 18:37:04.487472296,106929.99267578124,0.632,0.48206813265550064
2026-03-19 18:37:04.571045637,106929.99267578124,0.632,0.4820681325751185
2026-03-19 18:37:04.614559889,106929.99267578124,0.632,0.4820681325062003
2026-03-19 18:37:04.700282335,106929.99267578124,0.632,0.48206813250006736
2026-03-19 18:37:04.743020773,106929.99267578124,0.632,0.4820681323795236
2026-03-19 18:37:04.787350893,106929.99267578124,0.632,0.4820681323589513
2026-03-19 18:37:04.830918789,106929.99267578124,0.632,0.48206813238781654
2026-03-19 18:37:04.916101933,106929.99267578124,0.632,0.48206813236146956
2026-03-19 18:37:04.959632635,106929.99267578124,0.632,0.48206813240531277
2026-03-19 18:37:05.004373789,106929.99267578124,0.632,0.48206813242026725
2026-03-19 18:37:05.048614979,106929.99267578124,0.632,0.4820681324112462
2026-03-19 18:37:05.131852865,106929.99267578124,0.632,0.48206813243472496
2026-03-19 18:37:05.176107883,106929.99267578124,0.632,0.48206813247917385
2026-03-19 18:37:05.220142365,106929.99267578124,0.632,0.48206813239117663
2026-03-19 18:37:05.305122375,106929.99267578124,0.632,0.4820681324624263
2026-03-19 18:37:05.349730968,106929.99267578124,0.632,0.4820681324723689
2026-03-19 18:37:05.391532898,106929.99267578124,0.632,0.48206813253794334
2026-03-19 18:37:05.435121536,106929.99267578124,0.632,0.4820681327277651
2026-03-19 18:37:05.521363258,106929.99267578124,0.632,0.48206813263969583
2026-03-19 18:37:05.565861940,106929.99267578124,0.632,0.48206813254536085
2026-03-19 18:37:05.649191141,106929.99267578124,0.632,0.48206813236434326
2026-03-19 18:37:05.693248987,106929.99267578124,0.633,0.480977619834943
2026-03-19 18:37:05.735973835,106929.99267578124,0.633,0.4809776198242216
2026-03-19 18:37:05.780364513,106929.99267578124,0.633,0.48097761999220845
2026-03-19 18:37:05.864526510,106929.99267578124,0.633,0.4809776200715205
2026-03-19 18:37:05.908775091,106929.99267578124,0.633,0.4809776202833478
2026-03-19 18:37:05.952020168,106929.99267578124,0.633,0.48097762012343187
2026-03-19 18:37:06.012491703,106929.99267578124,0.633,0.4809776200423984
2026-03-19 18:37:06.081124067,106929.99267578124,0.633,0.4809776202124412
2026-03-19 18:37:06.123652697,106929.99267578124,0.633,0.48097762001502664
2026-03-19 18:37:06.166910887,106929.99267578124,0.633,0.48097761998168764
2026-03-19 18:37:06.211648226,106929.99267578124,0.633,0.4809776200741996
2026-03-19 18:37:06.297099829,106929.99267578124,0.633,0.48097762003325595
2026-03-19 18:37:06.340823174,106929.99267578124,0.634,0.4798871077073824
2026-03-19 18:37:06.384121895,106929.99267578124,0.634,0.4798871078744144
2026-03-19 18:37:06.468478203,106929.99267578124,0.634,0.4798871078218416
2026-03-19 18:37:06.512447357,106929.99267578124,0.634,0.47988710810900287
2026-03-19 18:37:06.558019638,106929.99267578124,0.634,0.4798871080536741
2026-03-19 18:37:06.641714811,106929.99267578124,0.634,0.47988710797969913
2026-03-19 18:37:06.684376717,106929.99267578124,0.634,0.47988710793439215
2026-03-19 18:37:06.727753401,106929.99267578124,0.634,0.4798871078619255
2026-03-19 18:37:06.771654844,106929.99267578124,0.634,0.4798871078177402
2026-03-19 18:37:06.858261824,106929.99267578124,0.634,0.4798871077154123
2026-03-19 18:37:06.900714159,106929.99267578124,0.634,0.4798871077473362
2026-03-19 18:37:06.946102381,106929.99267578124,0.634,0.479887107680083
2026-03-19 18:37:06.989145041,106929.99267578124,0.634,0.4798871077150623
2026-03-19 18:37:07.071883678,106929.99267578124,0.634,0.47988710760192876
2026-03-19 18:37:07.116687059,106929.99267578124,0.634,0.47988710769800197
2026-03-19 18:37:07.161559105,106929.99267578124,0.634,0.47988710745321034
2026-03-19 18:37:07.248406410,106929.99267578124,0.634,0.4798871076881199
2026-03-19 18:37:07.288955927,106929.99267578124,0.634,0.479887107344739
2026-03-19 18:37:07.333401680,106929.99267578124,0.639,0.4744345460271022
2026-03-19 18:37:07.418600559,106929.99267578124,0.639,0.4744345460840592
2026-03-19 18:37:07.461730480,106929.99267578124,0.639,0.4744345459013753
2026-03-19 18:37:07.507530212,106929.99267578124,0.639,0.4744345458418008
2026-03-19 18:37:07.589821100,106929.99267578124,0.639,0.47443454590587975
2026-03-19 18:37:07.638236046,106929.99267578124,0.639,0.4744345456073401
2026-03-19 18:37:07.677822113,106929.99267578124,0.639,0.47443454564173726
2026-03-19 18:37:07.721501350,106929.99267578124,0.639,0.4744345458653455
2026-03-19 18:37:07.806329250,106929.99267578124,0.639,0.4744345458741326
2026-03-19 18:37:07.849796295,106929.99267578124,0.639,0.47443454598043155
2026-03-19 18:37:07.893864632,106929.99267578124,0.639,0.4744345461083276
2026-03-19 18:37:07.956409693,106929.99267578124,0.639,0.47443454601180085
2026-03-19 18:37:08.021644354,106929.99267578124,0.639,0.47443454606343144
2026-03-19 18:37:08.065990686,106929.99267578124,0.639,0.47443454601323437
2026-03-19 18:37:08.109076023,106929.99267578124,0.639,0.4744345460374878
2026-03-19 18:37:08.153185606,106950.0,0.639,0.47665862756322297
2026-03-19 18:37:08.237850904,106950.0,0.639,0.4766586274635397
2026-03-19 18:37:08.283551693,106950.0,0.639,0.4766586275844045
2026-03-19 18:37:08.324069262,106950.0,0.639,0.47665862762703287
2026-03-19 18:37:08.409056902,106950.0,0.639,0.4766586275972832
2026-03-19 18:37:08.452953815,106950.0,0.639,0.47665862765586997
2026-03-19 18:37:08.497943163,106950.0,0.639,0.4766586275726216
2026-03-19 18:37:08.582578897,106950.0,0.639,0.47665862750447163
2026-03-19 18:37:08.624993086,106950.0,0.639,0.4766586273671139
2026-03-19 18:37:08.669673920,106950.0,0.639,0.4766586271826624
2026-03-19 18:37:08.713145494,106950.0,0.639,0.4766586271566843
2026-03-19 18:37:08.798165083,106950.0,0.639,0.4766586270508059
2026-03-19 18:37:08.842263222,106950.0,0.639,0.4766586271239391
2026-03-19 18:37:08.885877848,106950.0,0.639,0.4766586270248929
2026-03-19 18:37:08.935192823,106950.0,0.638,0.4777491393042928
2026-03-19 18:37:09.013382912,106950.0,0.638,0.47774913938424574
2026-03-19 18:37:09.058808088,106950.0,0.638,0.4777491394180471
2026-03-19 18:37:09.100828171,106950.0,0.638,0.47774913936918034
2026-03-19 18:37:09.187772512,106950.0,0.638,0.47774913932964597
2026-03-19 18:37:09.229801178,106950.0,0.638,0.4777491392971189
2026-03-19 18:37:09.272597790,106950.0,0.639,0.47665862688089555
2026-03-19 18:37:09.359071970,106950.0,0.639,0.47665862685906063
2026-03-19 18:37:09.403455973,106950.0,0.639,0.47665862684604254
2026-03-19 18:37:09.445321083,106950.0,0.639,0.47665862687729005
2026-03-19 18:37:09.530776739,106950.0,0.639,0.47665862684701266
2026-03-19 18:37:09.576193810,106950.0,0.639,0.4766586268186998
2026-03-19 18:37:09.617768764,106950.0,0.639,0.4766586267770083
2026-03-19 18:37:09.662288904,106950.0,0.639,0.47665862677036613
2026-03-19 18:37:09.748694897,106950.0,0.639,0.4766586267551095
2026-03-19 18:37:09.791438103,106950.0,0.639,0.4766586271212678
2026-03-19 18:37:09.834570885,106950.0,0.639,0.47665862836300066
2026-03-19 18:37:09.896474838,106950.0,0.638,0.47774914206291447
2026-03-19 18:37:09.962505817,106950.0,0.638,0.4777491433899931
2026-03-19 18:37:10.007275820,106950.0,0.638,0.4777491449485176
2026-03-19 18:37:10.051060438,106950.0,0.638,0.47774914588019124
2026-03-19 18:37:10.135643959,106950.0,0.638,0.47774914695841114
2026-03-19 18:37:10.179910183,106909.99755859376,0.638,0.4733023420635532
2026-03-19 18:37:10.222117186,106909.99755859376,0.639,0.4722118303070041
2026-03-19 18:37:10.265298605,106909.99755859376,0.639,0.4722118311323149
2026-03-19 18:37:10.349995136,106909.99755859376,0.639,0.4722118318717077
2026-03-19 18:37:10.393929243,106909.99755859376,0.639,0.47221183255369253
2026-03-19 18:37:10.437808037,106909.99755859376,0.639,0.4722118336146427
2026-03-19 18:37:10.523371696,106909.99755859376,0.639,0.47221183459397564
2026-03-19 18:37:10.565583229,106909.99755859376,0.638,0.4733023477197477
2026-03-19 18:37:10.610030174,106909.99755859376,0.638,0.47330234851065567
2026-03-19 18:37:10.656238079,106909.99755859376,0.638,0.4733023492385558
2026-03-19 18:37:10.738181114,106909.99755859376,0.638,0.4733023495621942
2026-03-19 18:37:10.782664299,106909.99755859376,0.638,0.47330234988260006
2026-03-19 18:37:10.825879097,106909.99755859376,0.638,0.47330235076731975
2026-03-19 18:37:10.910457373,106909.99755859376,0.638,0.4733023518149455
2026-03-19 18:37:10.956163168,106909.99755859376,0.638,0.47330235222524863
2026-03-19 18:37:10.999040842,106909.99755859376,0.638,0.4733023526280519
2026-03-19 18:37:11.083708286,106909.99755859376,0.638,0.47330235299582707
2026-03-19 18:37:11.127649546,106909.99755859376,0.638,0.47330235272672894
2026-03-19 18:37:11.170847654,106909.99755859376,0.638,0.4733023523967124
2026-03-19 18:37:11.214325190,106909.99755859376,0.638,0.4733023518610002
2026-03-19 18:37:11.299094439,106909.99755859376,0.638,0.4733023508200425
2026-03-19 18:37:11.343861103,106909.99755859376,0.638,0.4733023494772125
2026-03-19 18:37:11.387149096,106909.99755859376,0.638,0.4733023481541866
2026-03-19 18:37:11.471398354,106909.99755859376,0.638,0.47330234633030627
2026-03-19 18:37:11.514776468,106909.99755859376,0.638,0.4733023443773162
2026-03-19 18:37:11.560326576,106909.99755859376,0.638,0.47330234247426656
2026-03-19 18:37:11.603494167,106909.99755859376,0.638,0.4733023405190213
2026-03-19 18:37:11.687027216,106909.99755859376,0.638,0.47330233822101647
2026-03-19 18:37:11.733641148,106909.99755859376,0.638,0.4733023357722851
2026-03-19 18:37:11.775000095,106909.99755859376,0.638,0.4733023333352723
2026-03-19 18:37:11.843816042,106909.99755859376,0.638,0.4733023319494815
2026-03-19 18:37:11.903301716,106909.99755859376,0.638,0.47330233104077385
2026-03-19 18:37:11.948522568,106909.99755859376,0.638,0.47330233117249076
2026-03-19 18:37:12.031969786,106909.99755859376,0.638,0.4733023320702918
2026-03-19 18:37:12.076616287,106909.99755859376,0.638,0.4733023332478626
2026-03-19 18:37:12.120503426,106909.99755859376,0.638,0.4733023344299357
2026-03-19 18:37:12.162692308,106919.9951171875,0.638,0.4744136977852973
2026-03-19 18:37:12.207994699,106919.9951171875,0.638,0.4744136988229477
2026-03-19 18:37:12.290602684,106919.9951171875,0.638,0.4744136998956646
2026-03-19 18:37:12.335143566,106919.9951171875,0.638,0.4744137010068209
2026-03-19 18:37:12.378951311,106919.9951171875,0.638,0.474413701984736
2026-03-19 18:37:12.463192225,106919.9951171875,0.638,0.47441370286760964
2026-03-19 18:37:12.508603096,106919.9951171875,0.637,0.4755042156589592
2026-03-19 18:37:12.550793409,106919.9951171875,0.637,0.47550421619871414
2026-03-19 18:37:12.594327688,106919.9951171875,0.637,0.4755042165426166
2026-03-19 18:37:12.680847406,106919.9951171875,0.637,0.47550421670465837
2026-03-19 18:37:12.723639250,106919.9951171875,0.637,0.4755042166164177
2026-03-19 18:37:12.766427994,106919.9951171875,0.637,0.475504216456948
2026-03-19 18:37:12.852297544,106919.9951171875,0.637,0.4755042160906267
2026-03-19 18:37:12.895382643,106919.9951171875,0.637,0.4755042154660213
2026-03-19 18:37:12.938700914,106919.9951171875,0.637,0.475504214942417
2026-03-19 18:37:13.024572849,106919.9951171875,0.637,0.47550421394616826
2026-03-19 18:37:13.067754030,106919.9951171875,0.637,0.47550421282375605
2026-03-19 18:37:13.112035513,106919.9951171875,0.637,0.4755042115614043
2026-03-19 18:37:13.157132387,106919.9951171875,0.636,0.47659472290521665
2026-03-19 18:37:13.239672899,106919.9951171875,0.636,0.4765947214454231
2026-03-19 18:37:13.283262730,106919.9951171875,0.636,0.4765947198464082
2026-03-19 18:37:13.328721523,106919.9951171875,0.636,0.4765947183189869
2026-03-19 18:37:13.412948608,106919.9951171875,0.636,0.47659471746889964
2026-03-19 18:37:13.458356380,106919.9951171875,0.636,0.4765947173375603
2026-03-19 18:37:13.500092506,106919.9951171875,0.636,0.47659471769067985
2026-03-19 18:37:13.543687105,106919.9951171875,0.636,0.47659471865216324
2026-03-19 18:37:13.628139019,106919.9951171875,0.636,0.4765947196122508
2026-03-19 18:37:13.672365904,106919.9951171875,0.636,0.47659472069310427
2026-03-19 18:37:13.716165066,106919.9951171875,0.636,0.47659472166352107
2026-03-19 18:37:13.800605536,106919.9951171875,0.632,0.48095677155233185
2026-03-19 18:37:13.844770908,106919.9951171875,0.632,0.480956772213986
2026-03-19 18:37:13.887982845,106919.9951171875,0.632,0.4809567728610095
2026-03-19 18:37:13.973501444,106919.9951171875,0.632,0.4809567733059328
2026-03-19 18:37:14.017296791,106919.9951171875,0.632,0.4809567735935223
2026-03-19 18:37:14.061602831,106919.9951171875,0.632,0.4809567737114293
2026-03-19 18:37:14.111686468,106919.9951171875,0.633,0.4798662614258051
2026-03-19 18:37:14.148051023,106909.99755859376,0.633,0.4787548991384337
2026-03-19 18:37:14.232446909,106909.99755859376,0.633,0.47875489896584783
2026-03-19 18:37:14.275284290,106909.99755859376,0.633,0.4787548985757522
2026-03-19 18:37:14.319927931,106909.99755859376,0.633,0.47875489801636
2026-03-19 18:37:14.407330513,106909.99755859376,0.633,0.4787548975742101
2026-03-19 18:37:14.448581696,106909.99755859376,0.633,0.47875489678166355
2026-03-19 18:37:14.491305590,106909.99755859376,0.633,0.47875489617897415
2026-03-19 18:37:14.576694012,106909.99755859376,0.633,0.4787548954552319
2026-03-19 18:37:14.619826794,106909.99755859376,0.633,0.47875489428259016
2026-03-19 18:37:14.663980961,106909.99755859376,0.633,0.4787548932256791
2026-03-19 18:37:14.749871492,106909.99755859376,0.633,0.47875489255000697
2026-03-19 18:37:14.793436289,106909.99755859376,0.638,0.47330233071618677
2026-03-19 18:37:14.837759256,106909.99755859376,0.638,0.47330233099969454
2026-03-19 18:37:14.880698919,106909.99755859376,0.638,0.4733023316840176
2026-03-19 18:37:14.964702368,106909.99755859376,0.638,0.47330233229597485
2026-03-19 18:37:15.008430243,106909.99755859376,0.638,0.4733023330557783
2026-03-19 18:37:15.056734324,106909.99755859376,0.638,0.47330233353816104
2026-03-19 18:37:15.097813368,106909.99755859376,0.638,0.4733023338382077
2026-03-19 18:37:15.180370569,106909.99755859376,0.638,0.473302334214794
2026-03-19 18:37:15.224696398,106909.99755859376,0.638,0.4733023342784825
2026-03-19 18:37:15.269445419,106909.99755859376,0.638,0.47330233422817997
2026-03-19 18:37:15.353166103,106909.99755859376,0.638,0.4733023340418828
2026-03-19 18:37:15.397886753,106909.99755859376,0.638,0.4733023337078086
2026-03-19 18:37:15.441198587,106909.99755859376,0.638,0.47330233350759243
2026-03-19 18:37:15.525285244,106909.99755859376,0.638,0.4733023330304369
2026-03-19 18:37:15.569119692,106909.99755859376,0.638,0.4733023323961633
2026-03-19 18:37:15.614619970,106909.99755859376,0.638,0.47330233172028086
2026-03-19 18:37:15.698560715,106909.99755859376,0.638,0.47330233113686737
2026-03-19 18:37:15.741410732,106909.99755859376,0.638,0.47330233087504453
2026-03-19 18:37:15.785367489,106909.99755859376,0.638,0.47330233087592827
2026-03-19 18:37:15.828542471,106909.99755859376,0.638,0.473302331326916
2026-03-19 18:37:15.913529396,106909.99755859376,0.638,0.47330233175472225
2026-03-19 18:37:15.958530188,106909.99755859376,0.638,0.4733023321496092
2026-03-19 18:37:16.000778437,106909.99755859376,0.638,0.47330233247775877
2026-03-19 18:37:16.052252293,106909.99755859376,0.637,0.4743928449056191
2026-03-19 18:37:16.130106449,106909.99755859376,0.637,0.4743928449021366
2026-03-19 18:37:16.174407005,106909.99755859376,0.637,0.47439284483140476
2026-03-19 18:37:16.217235088,106909.99755859376,0.637,0.4743928446129147
2026-03-19 18:37:16.302377701,106909.99755859376,0.637,0.4743928442616918
2026-03-19 18:37:16.346671820,106909.99755859376,0.637,0.47439284380699964
2026-03-19 18:37:16.390924931,106909.99755859376,0.638,0.47330233113652814
2026-03-19 18:37:16.434558153,106909.99755859376,0.638,0.4733023309937025
2026-03-19 18:37:16.518167496,106909.99755859376,0.638,0.4733023310007322
2026-03-19 18:37:16.562675238,106909.99755859376,0.638,0.4733023310836384
2026-03-19 18:37:16.646782637,106909.99755859376,0.638,0.4733023313489345
2026-03-19 18:37:16.690793753,106909.99755859376,0.638,0.4733023315744403
2026-03-19 18:37:16.734010220,106909.99755859376,0.638,0.4733023317044445
2026-03-19 18:37:16.778644323,106909.99755859376,0.638,0.4733023317710447
2026-03-19 18:37:16.862524033,106909.99755859376,0.638,0.47330233175731107
2026-03-19 18:37:16.907499790,106909.99755859376,0.638,0.47330233159741497
2026-03-19 18:37:16.950156927,106909.99755859376,0.638,0.4733023312683951
2026-03-19 18:37:17.025178909,106909.99755859376,0.638,0.47330233110749514
2026-03-19 18:37:17.078992844,106909.99755859376,0.638,0.47330233090846446
2026-03-19 18:37:17.122791052,106909.99755859376,0.638,0.4733023309083438
2026-03-19 18:37:17.167946339,106909.99755859376,0.638,0.4733023311334619
2026-03-19 18:37:17.251357794,106909.99755859376,0.638,0.4733023308799788
2026-03-19 18:37:17.295235157,106909.99755859376,0.638,0.4733023315221662
2026-03-19 18:37:17.339121819,106909.99755859376,0.638,0.4733023310998351
2026-03-19 18:37:17.381976604,106909.99755859376,0.638,0.4733023313968692
2026-03-19 18:37:17.466787100,106909.99755859376,0.638,0.47330233141497097
2026-03-19 18:37:17.510341167,106909.99755859376,0.638,0.47330233101257746
2026-03-19 18:37:17.556937218,106909.99755859376,0.638,0.47330233111880726
2026-03-19 18:37:17.639727831,106909.99755859376,0.638,0.4733023309000408
2026-03-19 18:37:17.683726788,106909.99755859376,0.638,0.4733023307552446
2026-03-19 18:37:17.726348162,106909.99755859376,0.638,0.4733023309012148
2026-03-19 18:37:17.811552286,106909.99755859376,0.638,0.4733023307907882
2026-03-19 18:37:17.857428312,106909.99755859376,0.638,0.4733023308053926
2026-03-19 18:37:17.899688244,106909.99755859376,0.638,0.47330233084814366
2026-03-19 18:37:17.983998775,106909.99755859376,0.638,0.4733023308530935
2026-03-19 18:37:18.027649164,106909.99755859376,0.638,0.4733023308010387
2026-03-19 18:37:18.071310759,106909.99755859376,0.638,0.47330233080890793
2026-03-19 18:37:18.115005493,106909.99755859376,0.638,0.4733023306221401
2026-03-19 18:37:18.159822941,106909.99755859376,0.638,0.47330233048499154
2026-03-19 18:37:18.243636847,106909.99755859376,0.638,0.47330233052088133
2026-03-19 18:37:18.287141085,106909.99755859376,0.638,0.4733023304910235
2026-03-19 18:37:18.330648899,106909.99755859376,0.638,0.4733023304991371
2026-03-19 18:37:18.415266991,106909.99755859376,0.638,0.4733023306794976
2026-03-19 18:37:18.459409714,106909.99755859376,0.638,0.47330233071433425
2026-03-19 18:37:18.503553390,106909.99755859376,0.638,0.473302330871245
2026-03-19 18:37:18.588320017,106909.99755859376,0.638,0.4733023308672984
2026-03-19 18:37:18.632049799,106909.99755859376,0.638,0.47330233084175277
2026-03-19 18:37:18.675163507,106909.99755859376,0.638,0.4733023307168534
2026-03-19 18:37:18.718847513,106909.99755859376,0.638,0.47330233070424493
2026-03-19 18:37:18.804123402,106909.99755859376,0.638,0.47330233064035165
2026-03-19 18:37:18.848001719,106909.99755859376,0.638,0.4733023306076239
2026-03-19 18:37:18.891453505,106909.99755859376,0.638,0.47330233075107697
2026-03-19 18:37:18.966973782,106909.99755859376,0.638,0.4733023307946118
2026-03-19 18:37:19.019457817,106909.99755859376,0.638,0.4733023307190927
2026-03-19 18:37:19.063977957,106909.99755859376,0.638,0.473302330760492
2026-03-19 18:37:19.107071161,106909.99755859376,0.638,0.47330233064744026
2026-03-19 18:37:19.192337513,106909.99755859376,0.638,0.4733023305393387
2026-03-19 18:37:19.235995293,106909.99755859376,0.638,0.47330233043144243
2026-03-19 18:37:19.279560089,106909.99755859376,0.638,0.4733023303577469
2026-03-19 18:37:19.364165068,106909.99755859376,0.638,0.4733023303731462
2026-03-19 18:37:19.408588171,106909.99755859376,0.638,0.4733023304284325
2026-03-19 18:37:19.454517841,106909.99755859376,0.638,0.4733023303644392
2026-03-19 18:37:19.537099361,106909.99755859376,0.638,0.4733023304143007
2026-03-19 18:37:19.579998732,106909.99755859376,0.638,0.47330233045085485
2026-03-19 18:37:19.623181820,106909.99755859376,0.638,0.4733023302802125
2026-03-19 18:37:19.668540001,106909.99755859376,0.638,0.47330233018369394
2026-03-19 18:37:19.752319574,106909.99755859376,0.638,0.4733023302098899
2026-03-19 18:37:19.798542023,106909.99755859376,0.638,0.47330233011568523
2026-03-19 18:37:19.839997292,106909.99755859376,0.638,0.4733023300624043
2026-03-19 18:37:19.925057888,106909.99755859376,0.638,0.4733023300664791
2026-03-19 18:37:19.969066858,106909.99755859376,0.652,0.45803515780590903
2026-03-19 18:37:20.011775017,106909.99755859376,0.652,0.45803515786526766
2026-03-19 18:37:20.057535172,106909.99755859376,0.652,0.45803515786516913
2026-03-19 18:37:20.139282942,106950.0,0.652,0.4624819636004279
2026-03-19 18:37:20.183856487,106950.0,0.652,0.46248196349487186
2026-03-19 18:37:20.227488041,106950.0,0.652,0.46248196341209197
2026-03-19 18:37:20.271339655,106950.0,0.651,0.4635724755984312
2026-03-19 18:37:20.356294155,106950.0,0.651,0.46357247557007636
2026-03-19 18:37:20.399807692,106950.0,0.651,0.4635724756661176
2026-03-19 18:37:20.443387508,106950.0,0.651,0.4635724756720451
2026-03-19 18:37:20.529131174,106950.0,0.651,0.46357247568077425
2026-03-19 18:37:20.571871758,106950.0,0.651,0.46357247575152954
2026-03-19 18:37:20.615910769,106950.0,0.651,0.463572475773702
2026-03-19 18:37:20.660732508,106950.0,0.651,0.46357247565168036
2026-03-19 18:37:20.743952513,106950.0,0.651,0.4635724755625681
2026-03-19 18:37:20.787615061,106950.0,0.651,0.46357247553032804
2026-03-19 18:37:20.834124804,106950.0,0.651,0.4635724754996618
2026-03-19 18:37:20.917228460,106950.0,0.65,0.464662987922751
2026-03-19 18:37:20.961175442,106950.0,0.65,0.4646629880091895
2026-03-19 18:37:21.006094933,106950.0,0.65,0.46466298813118095
2026-03-19 18:37:21.048288107,106950.0,0.65,0.46466298825183144
2026-03-19 18:37:21.132799625,106950.0,0.65,0.4646629880837329
2026-03-19 18:37:21.176973104,106950.0,0.65,0.4646629880437582
2026-03-19 18:37:21.236307621,106950.0,0.646,0.4690250371190376
2026-03-19 18:37:21.305989981,106950.0,0.646,0.46902503698072573
2026-03-19 18:37:21.348530293,106950.0,0.646,0.46902503694726055
2026-03-19 18:37:21.393104076,106950.0,0.646,0.46902503692006287
2026-03-19 18:37:21.478069544,106950.0,0.646,0.46902503691060443
2026-03-19 18:37:21.521032095,106950.0,0.646,0.46902503695823367
2026-03-19 18:37:21.565502882,106950.0,0.645,0.47011554923993504
2026-03-19 18:37:21.608704805,106950.0,0.645,0.4701155492033908
2026-03-19 18:37:21.693507910,106950.0,0.645,0.47011554909665854
2026-03-19 18:37:21.736417055,106950.0,0.645,0.4701155489519128
2026-03-19 18:37:21.781345606,106950.0,0.645,0.47011554884450824
2026-03-19 18:37:21.865842342,106950.0,0.645,0.4701155488215374
2026-03-19 18:37:21.909046173,106950.0,0.645,0.4701155488502097
2026-03-19 18:37:21.953494072,106950.0,0.645,0.47011554886798934
2026-03-19 18:37:21.997467756,106950.0,0.645,0.47011554890420393
2026-03-19 18:37:22.082338572,106950.0,0.645,0.47011554896592234
2026-03-19 18:37:22.125426054,106950.0,0.645,0.4701155488075918
2026-03-19 18:37:22.170212746,106950.0,0.645,0.4701155488290782
2026-03-19 18:37:22.255763531,106950.0,0.645,0.47011554897196595
2026-03-19 18:37:22.299174309,106950.0,0.645,0.47011554890245755
2026-03-19 18:37:22.342336416,106950.0,0.645,0.4701155491178
2026-03-19 18:37:22.426280499,106950.0,0.645,0.4701155492551874
2026-03-19 18:37:22.470315933,106950.0,0.645,0.47011554930172383
2026-03-19 18:37:22.513295650,106950.0,0.645,0.4701155494688634
2026-03-19 18:37:22.559425592,106950.0,0.645,0.4701155495290292
2026-03-19 18:37:22.642182827,106950.0,0.645,0.4701155494533187
2026-03-19 18:37:22.685290098,106950.0,0.645,0.47011554962279845
2026-03-19 18:37:22.730055809,106950.0,0.645,0.4701155495084382
2026-03-19 18:37:22.814638615,106950.0,0.645,0.47011554949846496
2026-03-19 18:37:22.860583544,106950.0,0.645,0.4701155494919656
2026-03-19 18:37:22.900840998,106950.0,0.645,0.4701155493083118
2026-03-19 18:37:22.945009708,106950.0,0.645,0.47011554914512843
2026-03-19 18:37:23.033079624,106950.0,0.645,0.47011554876315564
2026-03-19 18:37:23.074511051,106950.0,0.645,0.47011554868376765
2026-03-19 18:37:23.120208979,106950.0,0.645,0.470115548674679
2026-03-19 18:37:23.202680111,106950.0,0.645,0.4701155486338936
2026-03-19 18:37:23.249029398,106950.0,0.645,0.47011554876561107
2026-03-19 18:37:23.290462494,106950.0,0.645,0.4701155489480873
2026-03-19 18:37:23.375886440,106950.0,0.645,0.47011554888626933
2026-03-19 18:37:23.419317484,106950.0,0.645,0.4701155488743913
2026-03-19 18:37:23.463135242,106950.0,0.645,0.470115548910521
2026-03-19 18:37:23.509581089,106950.0,0.644,0.47120606113786784
2026-03-19 18:37:23.591292620,106950.0,0.644,0.4712060610755328
2026-03-19 18:37:23.634248495,106950.0,0.644,0.4712060610973951
2026-03-19 18:37:23.678596497,106950.0,0.644,0.4712060611135086
2026-03-19 18:37:23.763163805,106950.0,0.644,0.4712060612769833
2026-03-19 18:37:23.810135603,106950.0,0.644,0.47120606134933096
2026-03-19 18:37:23.851111174,106950.0,0.644,0.4712060613604412
2026-03-19 18:37:23.894474030,106950.0,0.644,0.4712060613978936
2026-03-19 18:37:23.979400635,106950.0,0.644,0.47120606133637966
2026-03-19 18:37:24.022950172,106950.0,0.644,0.4712060613251163
2026-03-19 18:37:24.066704988,106950.0,0.644,0.47120606119702807
2026-03-19 18:37:24.151702881,106940.00244140624,0.644,0.4700946989333878
2026-03-19 18:37:24.195925951,106940.00244140624,0.644,0.4700946988823396
2026-03-19 18:37:24.238663673,106940.00244140624,0.644,0.470094698767945
2026-03-19 18:37:24.282079697,106940.00244140624,0.644,0.4700946987914701
2026-03-19 18:37:24.367509127,106940.00244140624,0.644,0.4700946988558123
2026-03-19 18:37:24.411271095,106940.00244140624,0.644,0.47009469901694767
2026-03-19 18:37:24.458194017,106940.00244140624,0.644,0.4700946989903705
2026-03-19 18:37:24.499446154,106940.00244140624,0.644,0.47009469903303763
2026-03-19 18:37:24.583875179,106940.00244140624,0.644,0.47009469904270884
2026-03-19 18:37:24.627696037,106940.00244140624,0.644,0.47009469901319106
2026-03-19 18:37:24.670365810,106940.00244140624,0.644,0.4700946989534422
2026-03-19 18:37:24.755666018,106940.00244140624,0.644,0.4700946989978182
2026-03-19 18:37:24.802570105,106940.00244140624,0.643,0.47118521133971175
2026-03-19 18:37:24.843416214,106940.00244140624,0.643,0.47118521134157193
2026-03-19 18:37:24.928122282,106940.00244140624,0.643,0.4711852113748556
2026-03-19 18:37:24.971641779,106940.00244140624,0.643,0.47118521141651254
2026-03-19 18:37:25.014795303,106940.00244140624,0.643,0.47118521131884633
2026-03-19 18:37:25.100433826,106940.00244140624,0.643,0.4711852112210492
2026-03-19 18:37:25.143328190,106940.00244140624,0.643,0.47118521122848783
2026-03-19 18:37:25.188284636,106940.00244140624,0.643,0.47118521113524126
2026-03-19 18:37:25.231046915,106940.00244140624,0.643,0.4711852110876784
2026-03-19 18:37:25.316506624,106940.00244140624,0.643,0.4711852111010971
2026-03-19 18:37:25.361368418,106940.00244140624,0.643,0.47118521105252814
2026-03-19 18:37:25.404434443,106940.00244140624,0.643,0.47118521104343186
2026-03-19 18:37:25.447759628,106940.00244140624,0.643,0.4711852109958294
2026-03-19 18:37:25.531726598,106940.00244140624,0.643,0.4711852109334186
2026-03-19 18:37:25.576592922,106940.00244140624,0.643,0.4711852109612321
2026-03-19 18:37:25.621583700,106940.00244140624,0.643,0.47118521098485666
2026-03-19 18:37:25.703629255,106940.00244140624,0.643,0.4711852109862754
2026-03-19 18:37:25.748601675,106940.00244140624,0.643,0.47118521110189726
2026-03-19 18:37:25.791860104,106940.00244140624,0.643,0.47118521111628886
2026-03-19 18:37:25.835786819,106940.00244140624,0.643,0.47118521117531376
2026-03-19 18:37:25.920736074,106940.00244140624,0.643,0.4711852111166671
2026-03-19 18:37:25.964374304,106940.00244140624,0.643,0.4711852111501805
2026-03-19 18:37:26.048969030,106940.00244140624,0.643,0.47118521117636286
2026-03-19 18:37:26.092471600,106940.00244140624,0.643,0.47118521121994306
2026-03-19 18:37:26.136697769,106940.00244140624,0.643,0.471185211284508
2026-03-19 18:37:26.182503700,106940.00244140624,0.643,0.47118521132938584
2026-03-19 18:37:26.229074717,106940.00244140624,0.643,0.4711852113677722
2026-03-19 18:37:26.307619095,106940.00244140624,0.643,0.4711852113243568
2026-03-19 18:37:26.351478815,106940.00244140624,0.643,0.47118521131016916
2026-03-19 18:37:26.395874500,106940.00244140624,0.643,0.4711852112875321
2026-03-19 18:37:26.438461304,106940.00244140624,0.632,0.4831808466467207
2026-03-19 18:37:26.524081707,106940.00244140624,0.632,0.48318084669591516
2026-03-19 18:37:26.567222357,106940.00244140624,0.632,0.4831808466086642
2026-03-19 18:37:26.610231638,106940.00244140624,0.632,0.4831808465866944
2026-03-19 18:37:26.695954800,106940.00244140624,0.632,0.48318084651390153
2026-03-19 18:37:26.740404367,106940.00244140624,0.632,0.48318084641456527
2026-03-19 18:37:26.783472300,106940.00244140624,0.633,0.48209033401738316
2026-03-19 18:37:26.868013382,106940.00244140624,0.633,0.48209033398346784
2026-03-19 18:37:26.912853956,106940.00244140624,0.633,0.48209033395482254
2026-03-19 18:37:26.957611084,106940.00244140624,0.633,0.48209033388098455
2026-03-19 18:37:27.041212320,106940.00244140624,0.633,0.48209033390231504
2026-03-19 18:37:27.084115267,106940.00244140624,0.633,0.4820903339808068
2026-03-19 18:37:27.128152846,106940.00244140624,0.633,0.4820903339374148
2026-03-19 18:37:27.171969891,106940.00244140624,0.633,0.4820903339105049
2026-03-19 18:37:27.256736517,106940.00244140624,0.633,0.48209033388186645
2026-03-19 18:37:27.300438643,106940.00244140624,0.633,0.4820903338502768
2026-03-19 18:37:27.346117496,106940.00244140624,0.633,0.4820903337889664
2026-03-19 18:37:27.393953800,106940.00244140624,0.633,0.4820903337581357
2026-03-19 18:37:27.472352505,106940.00244140624,0.633,0.4820903337993564
2026-03-19 18:37:27.516468048,106940.00244140624,0.633,0.48209033378770183
2026-03-19 18:37:27.559857607,106940.00244140624,0.633,0.4820903338398237
2026-03-19 18:37:27.646135092,106940.00244140624,0.633,0.4820903337906742
2026-03-19 18:37:27.689485312,106940.00244140624,0.633,0.4820903338022376
2026-03-19 18:37:27.731934786,106940.00244140624,0.639,0.4755472598174614
2026-03-19 18:37:27.817554474,106940.00244140624,0.639,0.47554725973539425
2026-03-19 18:37:27.860983372,106940.00244140624,0.639,0.4755472596569369
2026-03-19 18:37:27.913373709,106940.00244140624,0.639,0.4755472597169128
2026-03-19 18:37:27.991510868,106940.00244140624,0.639,0.47554725981508184
2026-03-19 18:37:28.035289764,106940.00244140624,0.639,0.47554725990336766
2026-03-19 18:37:28.076389790,106940.00244140624,0.64,0.4744567476542293
2026-03-19 18:37:28.121944904,106940.00244140624,0.64,0.4744567476080389
2026-03-19 18:37:28.165731907,106869.9951171875,0.64,0.46667449825575524
2026-03-19 18:37:28.248771191,106869.9951171875,0.64,0.4666744981114211
2026-03-19 18:37:28.293248177,106869.9951171875,0.64,0.4666744979391051
2026-03-19 18:37:28.337104082,106869.9951171875,0.64,0.4666744978929508
2026-03-19 18:37:28.379555702,106869.9951171875,0.647,0.4590409117090529
2026-03-19 18:37:28.464941978,106869.9951171875,0.647,0.45904091172850653
2026-03-19 18:37:28.509076834,106869.9951171875,0.647,0.45904091186678814
2026-03-19 18:37:28.593698502,106869.9951171875,0.647,0.4590409120376144
2026-03-19 18:37:28.637332916,106869.9951171875,0.647,0.4590409121005065
2026-03-19 18:37:28.683422565,106869.9951171875,0.647,0.45904091215792153
2026-03-19 18:37:28.724234104,106869.9951171875,0.655,0.45031681375844484
2026-03-19 18:37:28.809373379,106869.9951171875,0.655,0.45031681373613264
2026-03-19 18:37:28.855820179,106869.9951171875,0.655,0.4503168136091512
2026-03-19 18:37:28.897341967,106869.9951171875,0.655,0.4503168135698429
2026-03-19 18:37:28.981705189,106869.9951171875,0.655,0.45031681346446506
2026-03-19 18:37:29.024649143,106869.9951171875,0.658,0.4470452765152128
2026-03-19 18:37:29.069248915,106869.9951171875,0.658,0.44704527646065473
2026-03-19 18:37:29.113066435,106869.9951171875,0.658,0.4470452765162389
2026-03-19 18:37:29.197263241,106869.9951171875,0.658,0.44704527656274284
2026-03-19 18:37:29.242226839,106869.9951171875,0.658,0.4470452767074491
2026-03-19 18:37:29.285452843,106869.9951171875,0.658,0.44704527661135895
2026-03-19 18:37:29.331942320,106869.9951171875,0.658,0.44704527662207894
2026-03-19 18:37:29.413511753,106869.9951171875,0.658,0.44704527645920006
2026-03-19 18:37:29.458206892,106869.9951171875,0.658,0.44704527639766395
2026-03-19 18:37:29.500703095,106869.9951171875,0.658,0.4470452762070432
2026-03-19 18:37:29.585705519,106869.9951171875,0.658,0.44704527614199785
2026-03-19 18:37:29.630502224,106869.9951171875,0.658,0.44704527621426116
2026-03-19 18:37:29.674696207,106869.9951171875,0.659,0.4459547641138518
2026-03-19 18:37:29.758310795,106869.9951171875,0.659,0.44595476404287965
2026-03-19 18:37:29.803370714,106869.9951171875,0.659,0.4459547640171364
2026-03-19 18:37:29.846395493,106869.9951171875,0.659,0.4459547639831267
2026-03-19 18:37:29.931352854,106869.9951171875,0.659,0.4459547639720094
2026-03-19 18:37:29.975474358,106869.9951171875,0.659,0.44595476398604145
2026-03-19 18:37:30.017549753,106869.9951171875,0.659,0.4459547640093289
2026-03-19 18:37:30.062594891,106869.9951171875,0.659,0.44595476407130785
2026-03-19 18:37:30.139479160,106940.00244140624,0.659,0.4537370133352128
2026-03-19 18:37:30.189885139,106940.00244140624,0.659,0.4537370133360956
2026-03-19 18:37:30.233714581,106940.00244140624,0.659,0.4537370135013573
2026-03-19 18:37:30.277827501,106940.00244140624,0.659,0.4537370134945772
2026-03-19 18:37:30.363831520,106940.00244140624,0.673,0.4384698412231065
2026-03-19 18:37:30.407265663,106940.00244140624,0.673,0.43846984114542986
2026-03-19 18:37:30.453211308,106940.00244140624,0.673,0.43846984104327336
2026-03-19 18:37:30.534235001,106940.00244140624,0.673,0.4384698409799486
2026-03-19 18:37:30.578072786,106940.00244140624,0.673,0.4384698408051068
2026-03-19 18:37:30.622050047,106940.00244140624,0.673,0.4384698406920482
2026-03-19 18:37:30.665655375,106940.00244140624,0.672,0.4395603529868849
2026-03-19 18:37:30.750446796,106940.00244140624,0.672,0.439560352962213
2026-03-19 18:37:30.794421911,106940.00244140624,0.672,0.4395603531208356
2026-03-19 18:37:30.839053631,106940.00244140624,0.672,0.43956035317063025
2026-03-19 18:37:30.923014402,106940.00244140624,0.672,0.43956035324893
2026-03-19 18:37:30.966279507,106940.00244140624,0.672,0.4395603532229354
2026-03-19 18:37:31.010529757,106940.00244140624,0.672,0.43956035308099817
2026-03-19 18:37:31.055540085,106940.00244140624,0.672,0.4395603529871542
2026-03-19 18:37:31.138597488,106940.00244140624,0.672,0.4395603529018257
2026-03-19 18:37:31.182879686,106940.00244140624,0.672,0.4395603528606634
2026-03-19 18:37:31.227874517,106940.00244140624,0.672,0.4395603528708628
2026-03-19 18:37:31.310848475,106940.00244140624,0.672,0.4395603528703331
2026-03-19 18:37:31.356719255,106940.00244140624,0.672,0.43956035301138674
2026-03-19 18:37:31.398619890,106940.00244140624,0.672,0.4395603530256569
2026-03-19 18:37:31.483666182,106940.00244140624,0.672,0.43956035304840463
2026-03-19 18:37:31.527428627,106940.00244140624,0.672,0.4395603530149542
2026-03-19 18:37:31.571611643,106940.00244140624,0.672,0.43956035296608587
2026-03-19 18:37:31.614298582,106940.00244140624,0.671,0.44065086522815256
2026-03-19 18:37:31.699730635,106940.00244140624,0.671,0.44065086521155894
2026-03-19 18:37:31.742945433,106940.00244140624,0.671,0.4406508659114713
2026-03-19 18:37:31.786993027,106940.00244140624,0.671,0.44065086639502893
2026-03-19 18:37:31.871914625,106940.00244140624,0.671,0.44065086705039264
2026-03-19 18:37:31.914885044,106940.00244140624,0.671,0.44065086777073487
2026-03-19 18:37:31.958769560,106940.00244140624,0.67,0.4417413802445225
2026-03-19 18:37:32.005333900,106940.00244140624,0.67,0.4417413806326638
2026-03-19 18:37:32.086797237,106940.00244140624,0.67,0.4417413808724409
2026-03-19 18:37:32.132608175,106940.00244140624,0.67,0.4417413809714765
2026-03-19 18:37:32.174636841,106919.9951171875,0.67,0.4395172997709299
2026-03-19 18:37:32.255935668,106919.9951171875,0.669,0.4406078121284422
2026-03-19 18:37:32.303428173,106919.9951171875,0.669,0.4406078118976572
2026-03-19 18:37:32.346640348,106919.9951171875,0.669,0.44060781240346564
2026-03-19 18:37:32.390779018,106919.9951171875,0.669,0.44060781325249354
2026-03-19 18:37:32.475430727,106919.9951171875,0.669,0.44060781412768046
2026-03-19 18:37:32.518942118,106919.9951171875,0.669,0.44060781552224176
2026-03-19 18:37:32.562300205,106919.9951171875,0.669,0.4406078165779979
2026-03-19 18:37:32.606719494,106919.9951171875,0.669,0.44060781736102966
2026-03-19 18:37:32.691905499,106919.9951171875,0.669,0.4406078180865542
2026-03-19 18:37:32.735869884,106919.9951171875,0.669,0.44060781859606174
2026-03-19 18:37:32.782042742,106919.9951171875,0.669,0.4406078189275692
2026-03-19 18:37:32.864602804,106919.9951171875,0.669,0.440607819020264
2026-03-19 18:37:32.909592867,106919.9951171875,0.682,0.42643115914256136
2026-03-19 18:37:32.951750040,106919.9951171875,0.682,0.42643115893337813
2026-03-19 18:37:32.994462490,106919.9951171875,0.682,0.42643115862354697
2026-03-19 18:37:33.081895351,106919.9951171875,0.682,0.4264311583290218
2026-03-19 18:37:33.123981714,106919.9951171875,0.682,0.4264311579873218
2026-03-19 18:37:33.166912794,106919.9951171875,0.682,0.4264311578134136
2026-03-19 18:37:33.251126289,106919.9951171875,0.685,0.4231596209787659
2026-03-19 18:37:33.297293663,106919.9951171875,0.685,0.42315962128411755
2026-03-19 18:37:33.341132402,106919.9951171875,0.685,0.4231596218307088
2026-03-19 18:37:33.424290180,106919.9951171875,0.685,0.4231596226834055
2026-03-19 18:37:33.468234777,106919.9951171875,0.685,0.4231596236851593
2026-03-19 18:37:33.511370897,106919.9951171875,0.685,0.42315962482181657
2026-03-19 18:37:33.561000347,106919.9951171875,0.684,0.4242501381256481
2026-03-19 18:37:33.639436245,106919.9951171875,0.684,0.4242501399179243
2026-03-19 18:37:33.683499098,106919.9951171875,0.684,0.42425014206605655
2026-03-19 18:37:33.727757215,106919.9951171875,0.684,0.42425014468466754
2026-03-19 18:37:33.812721491,106919.9951171875,0.684,0.4242501477476915
2026-03-19 18:37:33.857530117,106919.9951171875,0.684,0.4242501508126307
2026-03-19 18:37:33.899120808,106919.9951171875,0.684,0.424250154226462
2026-03-19 18:37:33.942707062,106919.9951171875,0.684,0.42425015878505806
2026-03-19 18:37:34.028652906,106919.9951171875,0.684,0.4242501637534976
2026-03-19 18:37:34.073658943,106919.9951171875,0.684,0.42425016813114663
2026-03-19 18:37:34.116403103,106919.9951171875,0.684,0.4242501735000865
2026-03-19 18:37:34.200843096,106890.00244140624,0.684,0.4209160914725229
2026-03-19 18:37:34.243471622,106890.00244140624,0.692,0.4121919975270373
2026-03-19 18:37:34.287552118,106890.00244140624,0.692,0.4121920036977605
2026-03-19 18:37:34.330071926,106890.00244140624,0.692,0.412192009944859
2026-03-19 18:37:34.416146517,106890.00244140624,0.692,0.412192016664324
2026-03-19 18:37:34.459477901,106890.00244140624,0.692,0.41219202243593783
2026-03-19 18:37:34.506532431,106890.00244140624,0.692,0.41219202966854673
2026-03-19 18:37:34.548553705,106890.00244140624,0.694,0.41001101161800935
2026-03-19 18:37:34.632100105,106890.00244140624,0.694,0.4100110193510591
2026-03-19 18:37:34.676386833,106890.00244140624,0.694,0.41001102609450407
2026-03-19 18:37:34.719160080,106890.00244140624,0.694,0.4100110343491891
2026-03-19 18:37:34.806486607,106890.00244140624,0.694,0.4100110430469002
2026-03-19 18:37:34.848306179,106890.00244140624,0.694,0.4100110521563068
2026-03-19 18:37:34.891947269,106890.00244140624,0.691,0.4132825948670791
2026-03-19 18:37:34.976686239,106890.00244140624,0.691,0.41328260460924904
2026-03-19 18:37:35.021021605,106890.00244140624,0.691,0.4132826141869378
2026-03-19 18:37:35.065270184,106890.00244140624,0.691,0.4132826239743781
2026-03-19 18:37:35.149566889,106890.00244140624,0.691,0.41328263366906726
2026-03-19 18:37:35.193032026,106890.00244140624,0.687,0.41764468828279755
2026-03-19 18:37:35.236160517,106890.00244140624,0.687,0.41764469700933626
2026-03-19 18:37:35.280028820,106890.00244140624,0.687,0.4176447043527772
2026-03-19 18:37:35.365469694,106890.00244140624,0.687,0.4176447105269528
2026-03-19 18:37:35.409043074,106890.00244140624,0.687,0.4176447141930889
2026-03-19 18:37:35.453199625,106890.00244140624,0.687,0.4176447173008597
2026-03-19 18:37:35.503296614,106890.00244140624,0.687,0.4176447188000686
2026-03-19 18:37:35.580951691,106890.00244140624,0.687,0.4176447188520461
2026-03-19 18:37:35.624702215,106890.00244140624,0.687,0.4176447175907243
2026-03-19 18:37:35.668511391,106890.00244140624,0.687,0.4176447146746884
2026-03-19 18:37:35.753890514,106890.00244140624,0.687,0.41764471022002686
2026-03-19 18:37:35.797696352,106890.00244140624,0.687,0.4176447042155153
2026-03-19 18:37:35.841062307,106890.00244140624,0.685,0.41982572356943315
2026-03-19 18:37:35.925295115,106890.00244140624,0.685,0.41982571538786445
2026-03-19 18:37:35.969793081,106890.00244140624,0.685,0.41982570602226044
2026-03-19 18:37:36.014651537,106890.00244140624,0.685,0.41982569567982186
2026-03-19 18:37:36.098577023,106890.00244140624,0.685,0.4198256863544708
2026-03-19 18:37:36.143366337,106890.00244140624,0.685,0.4198256744786258
2026-03-19 18:37:36.185772896,106890.00244140624,0.683,0.4220066882040236
2026-03-19 18:37:36.228296757,106890.00244140624,0.683,0.4220066752529949
2026-03-19 18:37:36.313738108,106890.00244140624,0.683,0.4220066644133209
2026-03-19 18:37:36.357388973,106890.00244140624,0.683,0.4220066512075959
2026-03-19 18:37:36.402554512,106890.00244140624,0.683,0.422006637906314
2026-03-19 18:37:36.471322775,106890.00244140624,0.682,0.4230971392687386
2026-03-19 18:37:36.530488014,106890.00244140624,0.682,0.42309712859208803
2026-03-19 18:37:36.575759172,106890.00244140624,0.682,0.4230971163191886
2026-03-19 18:37:36.618815899,106890.00244140624,0.682,0.4230971043273262
2026-03-19 18:37:36.702273130,106890.00244140624,0.682,0.42309709292215664
2026-03-19 18:37:36.746585608,106890.00244140624,0.682,0.42309708398109075
2026-03-19 18:37:36.789994240,106890.00244140624,0.682,0.42309707368064414
2026-03-19 18:37:36.834565401,106890.00244140624,0.671,0.4350927009446549
2026-03-19 18:37:36.918054104,106890.00244140624,0.671,0.43509269262716627
2026-03-19 18:37:36.962072849,106890.00244140624,0.671,0.43509269009183343
2026-03-19 18:37:37.047489882,106890.00244140624,0.671,0.4350926914729325
2026-03-19 18:37:37.090425253,106890.00244140624,0.671,0.43509269269138456
2026-03-19 18:37:37.134298563,106890.00244140624,0.67,0.43618320715579356
2026-03-19 18:37:37.177422285,106890.00244140624,0.67,0.43618321309121744
2026-03-19 18:37:37.262930632,106890.00244140624,0.67,0.43618321978468316
2026-03-19 18:37:37.306585789,106890.00244140624,0.67,0.4361832242464978
2026-03-19 18:37:37.349687099,106890.00244140624,0.67,0.43618323053145186
2026-03-19 18:37:37.434799910,106890.00244140624,0.67,0.43618323610892984
2026-03-19 18:37:37.478147507,106890.00244140624,0.67,0.4361832390383034
2026-03-19 18:37:37.522247314,106890.00244140624,0.67,0.43618324403837744
2026-03-19 18:37:37.566537380,106890.00244140624,0.67,0.4361832488951724
2026-03-19 18:37:37.652036905,106890.00244140624,0.67,0.4361832525335865
2026-03-19 18:37:37.695445776,106890.00244140624,0.67,0.4361832557682829
2026-03-19 18:37:37.739869118,106890.00244140624,0.67,0.43618325921463874
2026-03-19 18:37:37.783303261,106890.00244140624,0.67,0.4361832614035453
2026-03-19 18:37:37.867057085,106890.00244140624,0.67,0.4361832633434262
2026-03-19 18:37:37.910865545,106890.00244140624,0.67,0.4361832655052691
2026-03-19 18:37:37.995392561,106890.00244140624,0.67,0.4361832669317066
2026-03-19 18:37:38.039382458,106890.00244140624,0.67,0.43618326807893626
2026-03-19 18:37:38.084502459,106890.00244140624,0.67,0.4361832686978879
2026-03-19 18:37:38.126700400,106890.00244140624,0.669,0.4372737810603118
2026-03-19 18:37:38.170271158,106900.0,0.669,0.43838514304209353
2026-03-19 18:37:38.257953643,106900.0,0.669,0.43838514252160626
2026-03-19 18:37:38.298701048,106900.0,0.669,0.43838514165988357
2026-03-19 18:37:38.344195366,106900.0,0.669,0.43838514027230036
2026-03-19 18:37:38.423789024,106900.0,0.669,0.43838513880370106
2026-03-19 18:37:38.471894503,106900.0,0.669,0.4383851366723845
2026-03-19 18:37:38.514706612,106900.0,0.669,0.43838513470132673
2026-03-19 18:37:38.559148073,106900.0,0.669,0.4383851319360433
2026-03-19 18:37:38.643903017,106900.0,0.669,0.4383851288280784
2026-03-19 18:37:38.687387705,106900.0,0.669,0.43838512546881486
2026-03-19 18:37:38.731640577,106900.0,0.669,0.43838512201668933
2026-03-19 18:37:38.814951897,106900.0,0.668,0.4394756318376995
2026-03-19 18:37:38.858668804,106900.0,0.668,0.43947562812487256
2026-03-19 18:37:38.901980162,106900.0,0.668,0.4394756244142758
2026-03-19 18:37:38.988649130,106900.0,0.668,0.4394756206403842
2026-03-19 18:37:39.032099962,106900.0,0.668,0.43947561733444646
2026-03-19 18:37:39.075690746,106900.0,0.668,0.4394756141950609
2026-03-19 18:37:39.118600607,106900.0,0.668,0.43947561042702843
2026-03-19 18:37:39.204516888,106900.0,0.668,0.43947560726972873
2026-03-19 18:37:39.247157574,106900.0,0.668,0.43947560362007426
2026-03-19 18:37:39.292098284,106900.0,0.668,0.43947560009751385
2026-03-19 18:37:39.375630856,106900.0,0.668,0.43947559678148906
2026-03-19 18:37:39.419410706,106900.0,0.658,0.450380717873958
2026-03-19 18:37:39.463256598,106900.0,0.658,0.4503807161726899
2026-03-19 18:37:39.509464025,106900.0,0.658,0.45038071610910074
2026-03-19 18:37:39.592397213,106900.0,0.658,0.45038071728460877
2026-03-19 18:37:39.635477304,106900.0,0.658,0.4503807194720482
2026-03-19 18:37:39.679154873,106900.0,0.658,0.45038072150308106
2026-03-19 18:37:39.764627695,106900.0,0.655,0.45365226033510614
2026-03-19 18:37:39.807383060,106900.0,0.655,0.4536522625271252
2026-03-19 18:37:39.851765633,106900.0,0.655,0.45365226469802755
2026-03-19 18:37:39.937830687,106900.0,0.655,0.453652266356246
2026-03-19 18:37:39.980117083,106900.0,0.655,0.453652268145676
2026-03-19 18:37:40.024702311,106900.0,0.655,0.4536522698333053
2026-03-19 18:37:40.067305565,106900.0,0.655,0.4536522710584978
2026-03-19 18:37:40.140206099,106909.99755859376,0.655,0.45476363406740467
2026-03-19 18:37:40.195723534,106909.99755859376,0.655,0.45476363520188295
2026-03-19 18:37:40.241074085,106909.99755859376,0.655,0.4547636362736373
2026-03-19 18:37:40.284078598,106909.99755859376,0.655,0.45476363699322014
2026-03-19 18:37:40.368251562,106909.99755859376,0.654,0.45585414974068794
2026-03-19 18:37:40.411184788,106909.99755859376,0.654,0.45585415026048953
2026-03-19 18:37:40.456695557,106909.99755859376,0.654,0.45585415072563157
2026-03-19 18:37:40.499436855,106909.99755859376,0.654,0.45585415083525127
2026-03-19 18:37:40.584605694,106909.99755859376,0.654,0.45585415114572725
2026-03-19 18:37:40.629022598,106909.99755859376,0.654,0.4558541512430021
2026-03-19 18:37:40.696901560,106909.99755859376,0.644,0.4667592740011502
2026-03-19 18:37:40.757201910,106909.99755859376,0.644,0.46675927401282313
2026-03-19 18:37:40.799330950,106909.99755859376,0.644,0.4667592738778146
2026-03-19 18:37:40.843031883,106909.99755859376,0.644,0.4667592734982902
2026-03-19 18:37:40.928302288,106909.99755859376,0.644,0.46675927310345483
2026-03-19 18:37:40.973568916,106909.99755859376,0.644,0.46675927246934595
2026-03-19 18:37:41.016777754,106909.99755859376,0.644,0.4667592718093475
2026-03-19 18:37:41.060246944,106909.99755859376,0.642,0.46894029569614654
2026-03-19 18:37:41.144783974,106909.99755859376,0.642,0.46894029467641646
2026-03-19 18:37:41.188290596,106909.99755859376,0.642,0.46894029364457546
2026-03-19 18:37:41.232765198,106909.99755859376,0.642,0.4689402926409469
2026-03-19 18:37:41.316682100,106909.99755859376,0.642,0.4689402912664341
2026-03-19 18:37:41.361056328,106909.99755859376,0.639,0.47221182676508267
2026-03-19 18:37:41.406385183,106909.99755859376,0.639,0.472211825221502
2026-03-19 18:37:41.450322390,106909.99755859376,0.639,0.47221182395069117
2026-03-19 18:37:41.533398390,106909.99755859376,0.639,0.4722118222321731
2026-03-19 18:37:41.577806234,106909.99755859376,0.639,0.47221182060857914
2026-03-19 18:37:41.662004232,106909.99755859376,0.637,0.4743928438737392
2026-03-19 18:37:41.705630302,106909.99755859376,0.637,0.4743928424544698
2026-03-19 18:37:41.748418331,106909.99755859376,0.637,0.4743928408676266
2026-03-19 18:37:41.792816162,106909.99755859376,0.637,0.47439283961420153
2026-03-19 18:37:41.878066778,106909.99755859376,0.637,0.47439283885630357
2026-03-19 18:37:41.921295881,106909.99755859376,0.637,0.47439283889601225
2026-03-19 18:37:41.965163231,106909.99755859376,0.637,0.474392839543187
2026-03-19 18:37:42.008288383,106909.99755859376,0.638,0.4733023281765711
2026-03-19 18:37:42.092814207,106909.99755859376,0.638,0.4733023294127434
2026-03-19 18:37:42.139616489,106909.99755859376,0.638,0.4733023303667846
2026-03-19 18:37:42.181733131,106909.99755859376,0.638,0.4733023315355027
2026-03-19 18:37:42.265657663,106909.99755859376,0.638,0.4733023325491335
2026-03-19 18:37:42.309789896,106909.99755859376,0.638,0.47330233359267426
2026-03-19 18:37:42.352618933,106909.99755859376,0.639,0.4722118218811228
2026-03-19 18:37:42.397709131,106909.99755859376,0.639,0.4722118227441293
2026-03-19 18:37:42.482405186,106909.99755859376,0.639,0.47221182358339825
2026-03-19 18:37:42.525890588,106909.99755859376,0.639,0.47221182437704706
2026-03-19 18:37:42.569315195,106909.99755859376,0.639,0.47221182498238967
2026-03-19 18:37:42.656843185,106909.99755859376,0.638,0.4733023378196385
2026-03-19 18:37:42.697752237,106909.99755859376,0.638,0.4733023384074779
2026-03-19 18:37:42.744397640,106909.99755859376,0.638,0.47330233882413575
2026-03-19 18:37:42.826807976,106909.99755859376,0.638,0.473302339170731
2026-03-19 18:37:42.870237112,106909.99755859376,0.638,0.47330233942489824
2026-03-19 18:37:42.913758993,106909.99755859376,0.638,0.47330233956404383
2026-03-19 18:37:42.969202757,106909.99755859376,0.638,0.4733023396568041
2026-03-19 18:37:43.041961908,106909.99755859376,0.638,0.47330233966728197
2026-03-19 18:37:43.086042643,106909.99755859376,0.638,0.4733023396090443
2026-03-19 18:37:43.130008459,106909.99755859376,0.638,0.4733023395005761
2026-03-19 18:37:43.214711905,106909.99755859376,0.638,0.47330233918147135
2026-03-19 18:37:43.259377003,106909.99755859376,0.638,0.4733023388413479
2026-03-19 18:37:43.302035809,106909.99755859376,0.639,0.47221182623266644
2026-03-19 18:37:43.346182346,106909.99755859376,0.639,0.4722118256594561
2026-03-19 18:37:43.430767536,106909.99755859376,0.639,0.47221182494840547
2026-03-19 18:37:43.475093126,106909.99755859376,0.639,0.4722118241585767
2026-03-19 18:37:43.517893076,106909.99755859376,0.639,0.4722118234050634
2026-03-19 18:37:43.603518724,106909.99755859376,0.639,0.4722118223868488
2026-03-19 18:37:43.647357702,106909.99755859376,0.638,0.4733023337712921
2026-03-19 18:37:43.689660311,106909.99755859376,0.638,0.47330233249641596
2026-03-19 18:37:43.776080608,106909.99755859376,0.638,0.4733023315125402
2026-03-19 18:37:43.819423437,106909.99755859376,0.638,0.4733023301715996
2026-03-19 18:37:43.862554789,106909.99755859376,0.638,0.4733023288094009
2026-03-19 18:37:43.936475039,106909.99755859376,0.638,0.4733023279838479
2026-03-19 18:37:43.990533113,106909.99755859376,0.638,0.47330232716443127
2026-03-19 18:37:44.035940170,106909.99755859376,0.638,0.4733023271915423
2026-03-19 18:37:44.079329491,106909.99755859376,0.638,0.473302327843478
2026-03-19 18:37:44.163536310,106909.99755859376,0.638,0.4733023288561887
2026-03-19 18:37:44.208032846,106909.99755859376,0.638,0.4733023297551757
2026-03-19 18:37:44.251310109,106909.99755859376,0.638,0.4733023308135728
2026-03-19 18:37:44.295977116,106909.99755859376,0.638,0.4733023315954482
2026-03-19 18:37:44.379859209,106909.99755859376,0.638,0.473302332508464
2026-03-19 18:37:44.423147678,106909.99755859376,0.638,0.4733023332488841
2026-03-19 18:37:44.466788292,106909.99755859376,0.638,0.4733023340309632
2026-03-19 18:37:44.553429365,106909.99755859376,0.638,0.47330233475300604
2026-03-19 18:37:44.595496893,106909.99755859376,0.637,0.47439284759087935
2026-03-19 18:37:44.639278173,106909.99755859376,0.637,0.4743928481748
2026-03-19 18:37:44.723412752,106909.99755859376,0.637,0.4743928486364871
2026-03-19 18:37:44.768421888,106909.99755859376,0.637,0.4743928490427566
2026-03-19 18:37:44.811528921,106909.99755859376,0.637,0.4743928493403844
2026-03-19 18:37:44.896912813,106909.99755859376,0.637,0.4743928495035303
2026-03-19 18:37:44.940199614,106909.99755859376,0.637,0.4743928495400288
2026-03-19 18:37:44.983170509,106909.99755859376,0.637,0.4743928495042235
2026-03-19 18:37:45.028257132,106909.99755859376,0.637,0.47439284926002195
2026-03-19 18:37:45.111890316,106909.99755859376,0.637,0.47439284900264195
2026-03-19 18:37:45.157713890,106909.99755859376,0.637,0.47439284848707997
2026-03-19 18:37:45.199497938,106909.99755859376,0.637,0.47439284788798675
2026-03-19 18:37:45.244267702,106909.99755859376,0.636,0.47548335950846676
2026-03-19 18:37:45.327950239,106909.99755859376,0.636,0.47548335879402426
2026-03-19 18:37:45.372090816,106909.99755859376,0.636,0.47548335785710005
2026-03-19 18:37:45.415169716,106909.99755859376,0.636,0.4754833566751571
2026-03-19 18:37:45.501219988,106909.99755859376,0.636,0.4754833554822719
2026-03-19 18:37:45.544277191,106909.99755859376,0.636,0.4754833542886785
2026-03-19 18:37:45.588042498,106909.99755859376,0.636,0.47548335345348725
2026-03-19 18:37:45.673135757,106909.99755859376,0.636,0.4754833527155216
2026-03-19 18:37:45.717093945,106909.99755859376,0.636,0.4754833527113051
2026-03-19 18:37:45.760654688,106909.99755859376,0.636,0.4754833532537518
2026-03-19 18:37:45.845095396,106909.99755859376,0.636,0.47548335412633846
2026-03-19 18:37:45.888501167,106909.99755859376,0.635,0.4765738671982868
2026-03-19 18:37:45.932294607,106909.99755859376,0.635,0.47657386824599995
2026-03-19 18:37:45.976618052,106909.99755859376,0.635,0.47657386926066186
2026-03-19 18:37:46.062722206,106909.99755859376,0.635,0.47657386998825674
2026-03-19 18:37:46.106756210,106909.99755859376,0.635,0.47657387087287156
2026-03-19 18:37:46.148242712,106940.00244140624,0.635,0.47990931501206824
2026-03-19 18:37:46.192387104,106940.00244140624,0.635,0.47990931551963245
2026-03-19 18:37:46.235702515,106940.00244140624,0.635,0.47990931598749637
2026-03-19 18:37:46.320674419,106940.00244140624,0.635,0.47990931649606655
2026-03-19 18:37:46.364042282,106940.00244140624,0.635,0.4799093168348524
2026-03-19 18:37:46.448662281,106940.00244140624,0.635,0.47990931693472827
2026-03-19 18:37:46.492774487,106940.00244140624,0.635,0.479909317044357
2026-03-19 18:37:46.536114216,106940.00244140624,0.635,0.4799093170324349
2026-03-19 18:37:46.579357147,106940.00244140624,0.635,0.4799093168702674
2026-03-19 18:37:46.664710760,106940.00244140624,0.635,0.47990931670862536
2026-03-19 18:37:46.708283663,106940.00244140624,0.635,0.47990931633925427
2026-03-19 18:37:46.751417637,106940.00244140624,0.635,0.47990931594132774
2026-03-19 18:37:46.837828636,106940.00244140624,0.635,0.47990931546043547
2026-03-19 18:37:46.880478382,106940.00244140624,0.635,0.4799093150191337
2026-03-19 18:37:46.923645020,106940.00244140624,0.635,0.4799093144126628
2026-03-19 18:37:46.968564510,106940.00244140624,0.635,0.4799093137475535
2026-03-19 18:37:47.054462433,106940.00244140624,0.635,0.4799093129717413
2026-03-19 18:37:47.097546101,106940.00244140624,0.635,0.47990931212745935
2026-03-19 18:37:47.141033888,106940.00244140624,0.635,0.47990931139377185
2026-03-19 18:37:47.183490992,106940.00244140624,0.635,0.47990931071912274
2026-03-19 18:37:47.269461632,106940.00244140624,0.635,0.4799093101307338
2026-03-19 18:37:47.312371492,106940.00244140624,0.635,0.4799093099699878
2026-03-19 18:37:47.399837017,106940.00244140624,0.635,0.47990931011749216
2026-03-19 18:37:47.441623926,106940.00244140624,0.635,0.47990931067340137
2026-03-19 18:37:47.488494873,106940.00244140624,0.635,0.4799093113063829
2026-03-19 18:37:47.528280973,106940.00244140624,0.634,0.4809998239536568
2026-03-19 18:37:47.613734961,106940.00244140624,0.634,0.48099982437806627
2026-03-19 18:37:47.658363581,106940.00244140624,0.634,0.48099982468671143
2026-03-19 18:37:47.700031757,106940.00244140624,0.634,0.48099982480647885
2026-03-19 18:37:47.786647081,106940.00244140624,0.634,0.48099982481297304
2026-03-19 18:37:47.830103636,106940.00244140624,0.634,0.48099982475666947
2026-03-19 18:37:47.873436928,106940.00244140624,0.634,0.48099982458759294
2026-03-19 18:37:47.917411089,106940.00244140624,0.634,0.4809998242720166
2026-03-19 18:37:48.002295494,106940.00244140624,0.634,0.48099982384625245
2026-03-19 18:37:48.048662901,106940.00244140624,0.634,0.48099982348957576
2026-03-19 18:37:48.090022087,106940.00244140624,0.634,0.48099982310145256
2026-03-19 18:37:48.152679205,106940.00244140624,0.634,0.48099982294784016
2026-03-19 18:37:48.218082428,106940.00244140624,0.634,0.4809998230884548
2026-03-19 18:37:48.262566566,106940.00244140624,0.634,0.48099982325198404
2026-03-19 18:37:48.304996490,106940.00244140624,0.634,0.4809998235641747
2026-03-19 18:37:48.390483379,106940.00244140624,0.634,0.4809998238880982
2026-03-19 18:37:48.434128284,106940.00244140624,0.634,0.4809998241220588
2026-03-19 18:37:48.478101015,106940.00244140624,0.631,0.4842713611894567
2026-03-19 18:37:48.562166452,106940.00244140624,0.631,0.4842713613555028
2026-03-19 18:37:48.606941700,106940.00244140624,0.631,0.4842713614015216
2026-03-19 18:37:48.650963783,106940.00244140624,0.631,0.48427136142065624
2026-03-19 18:37:48.734327078,106940.00244140624,0.631,0.4842713613756895
2026-03-19 18:37:48.778605700,106940.00244140624,0.631,0.48427136126380815
2026-03-19 18:37:48.821921587,106940.00244140624,0.631,0.4842713610926922
2026-03-19 18:37:48.867624998,106940.00244140624,0.631,0.48427136079845023
2026-03-19 18:37:48.951194048,106940.00244140624,0.631,0.4842713605023597
2026-03-19 18:37:48.994503021,106940.00244140624,0.631,0.4842713602643386
2026-03-19 18:37:49.040887594,106940.00244140624,0.631,0.4842713601324856
2026-03-19 18:37:49.119985104,106940.00244140624,0.631,0.48427136019620126
2026-03-19 18:37:49.168237209,106940.00244140624,0.631,0.4842713603952594
2026-03-19 18:37:49.210056782,106940.00244140624,0.631,0.4842713605995731
2026-03-19 18:37:49.257544756,106940.00244140624,0.631,0.4842713609025938
2026-03-19 18:37:49.340353251,106940.00244140624,0.631,0.484271361063252
2026-03-19 18:37:49.383102417,106940.00244140624,0.631,0.4842713611796718
2026-03-19 18:37:49.442890644,106940.00244140624,0.631,0.4842713611837767
2026-03-19 18:37:49.511215925,106940.00244140624,0.631,0.48427136116469127
2026-03-19 18:37:49.556512594,106940.00244140624,0.631,0.48427136111479835
2026-03-19 18:37:49.599466801,106940.00244140624,0.631,0.48427136106129515
2026-03-19 18:37:49.683829784,106940.00244140624,0.631,0.48427136097138473
2026-03-19 18:37:49.730366468,106940.00244140624,0.631,0.4842713608673099
2026-03-19 18:37:49.772121906,106940.00244140624,0.631,0.48427136089387873
2026-03-19 18:37:49.815287828,106940.00244140624,0.631,0.4842713608981438
2026-03-19 18:37:49.899956703,106940.00244140624,0.631,0.4842713610487406
2026-03-19 18:37:49.944320917,106940.00244140624,0.631,0.4842713611680554
2026-03-19 18:37:49.987148285,106940.00244140624,0.631,0.4842713613902771
2026-03-19 18:37:50.073146105,106940.00244140624,0.631,0.4842713614612755
2026-03-19 18:37:50.116381884,106940.00244140624,0.631,0.48427136150341854
2026-03-19 18:37:50.158623695,106919.9951171875,0.631,0.4820472801670344
2026-03-19 18:37:50.202551603,106919.9951171875,0.631,0.48204728021899135
2026-03-19 18:37:50.287398577,106919.9951171875,0.631,0.4820472801476614
2026-03-19 18:37:50.331690073,106919.9951171875,0.631,0.48204728010092246
2026-03-19 18:37:50.374657393,106919.9951171875,0.631,0.4820472800045684
2026-03-19 18:37:50.418320894,106919.9951171875,0.63,0.4831377922683442
2026-03-19 18:37:50.503603220,106919.9951171875,0.63,0.4831377923342876
2026-03-19 18:37:50.547289610,106919.9951171875,0.63,0.4831377923514888
2026-03-19 18:37:50.591398239,106919.9951171875,0.63,0.4831377925080616
2026-03-19 18:37:50.675948381,106919.9951171875,0.63,0.4831377926130395
2026-03-19 18:37:50.720172644,106919.9951171875,0.63,0.48313779273506524
2026-03-19 18:37:50.763395786,106919.9951171875,0.631,0.48204728045070455
2026-03-19 18:37:50.808158636,106919.9951171875,0.631,0.48204728059005525
2026-03-19 18:37:50.891984463,106919.9951171875,0.631,0.4820472806513937
2026-03-19 18:37:50.935811043,106919.9951171875,0.631,0.4820472807213939
2026-03-19 18:37:50.979671955,106919.9951171875,0.631,0.4820472807998581
2026-03-19 18:37:51.065356731,106919.9951171875,0.631,0.4820472808467145
2026-03-19 18:37:51.107620239,106919.9951171875,0.631,0.48204728091742866
2026-03-19 18:37:51.152626514,106919.9951171875,0.631,0.4820472810373078
2026-03-19 18:37:51.237428427,106919.9951171875,0.631,0.48204728105156686
2026-03-19 18:37:51.280432701,106919.9951171875,0.631,0.482047281021091
2026-03-19 18:37:51.323768616,106919.9951171875,0.631,0.482047280983176
2026-03-19 18:37:51.390337706,106919.9951171875,0.631,0.48204728090034915
2026-03-19 18:37:51.451715708,106919.9951171875,0.631,0.4820472807998396
2026-03-19 18:37:51.497312784,106919.9951171875,0.631,0.4820472807569798
2026-03-19 18:37:51.539918900,106919.9951171875,0.631,0.482047280750097
2026-03-19 18:37:51.624663830,106919.9951171875,0.631,0.4820472807522952
2026-03-19 18:37:51.668945551,106919.9951171875,0.631,0.48204728083569826
2026-03-19 18:37:51.715458393,106919.9951171875,0.631,0.4820472808715214
2026-03-19 18:37:51.757740974,106919.9951171875,0.631,0.48204728093190696
2026-03-19 18:37:51.841066360,106919.9951171875,0.631,0.48204728104560196
2026-03-19 18:37:51.885114908,106919.9951171875,0.631,0.48204728110030665
2026-03-19 18:37:51.928655148,106919.9951171875,0.631,0.4820472811093665
2026-03-19 18:37:52.012428045,106919.9951171875,0.631,0.4820472811956904
2026-03-19 18:37:52.057067633,106919.9951171875,0.631,0.48204728122345325
2026-03-19 18:37:52.100423813,106919.9951171875,0.631,0.48204728121326984
2026-03-19 18:37:52.143491030,106919.9951171875,0.631,0.4820472813744086
2026-03-19 18:37:52.227863312,106919.9951171875,0.631,0.4820472814065064
2026-03-19 18:37:52.272174597,106919.9951171875,0.631,0.48204728150167175
2026-03-19 18:37:52.316132069,106919.9951171875,0.631,0.4820472816975477
2026-03-19 18:37:52.360812902,106919.9951171875,0.631,0.48204728163799443
2026-03-19 18:37:52.444454193,106919.9951171875,0.631,0.4820472817720703
2026-03-19 18:37:52.487802029,106919.9951171875,0.631,0.4820472818957129
2026-03-19 18:37:52.532335997,106919.9951171875,0.631,0.4820472818857166
2026-03-19 18:37:52.616753817,106919.9951171875,0.631,0.4820472819912
2026-03-19 18:37:52.660887718,106919.9951171875,0.631,0.48204728197290075
2026-03-19 18:37:52.704787016,106919.9951171875,0.631,0.4820472819727746
2026-03-19 18:37:52.749025583,106919.9951171875,0.631,0.48204728199169705
2026-03-19 18:37:52.833041191,106919.9951171875,0.631,0.48204728184514795
2026-03-19 18:37:52.879294157,106919.9951171875,0.631,0.4820472815772633
2026-03-19 18:37:52.932395935,106919.9951171875,0.631,0.48204728137134983
2026-03-19 18:37:53.005863428,106919.9951171875,0.631,0.48204728110112727
2026-03-19 18:37:53.050089359,106919.9951171875,0.631,0.48204728091115695
2026-03-19 18:37:53.091855288,106919.9951171875,0.631,0.48204728094177396
2026-03-19 18:37:53.177961826,106919.9951171875,0.631,0.48204728102598376
2026-03-19 18:37:53.222299099,106919.9951171875,0.631,0.48204728122085133
2026-03-19 18:37:53.265873670,106919.9951171875,0.631,0.4820472814402387
2026-03-19 18:37:53.335004330,106919.9951171875,0.631,0.48204728159709714
2026-03-19 18:37:53.393403292,106919.9951171875,0.631,0.48204728167081773
2026-03-19 18:37:53.437969208,106919.9951171875,0.631,0.4820472817723751
2026-03-19 18:37:53.481614113,106919.9951171875,0.631,0.48204728168850336
2026-03-19 18:37:53.565467834,106919.9951171875,0.631,0.4820472816620652
2026-03-19 18:37:53.610659361,106919.9951171875,0.631,0.482047281489854
2026-03-19 18:37:53.654135704,106919.9951171875,0.631,0.48204728135352753
2026-03-19 18:37:53.697170973,106919.9951171875,0.631,0.48204728129952445
2026-03-19 18:37:53.781103373,106919.9951171875,0.631,0.4820472811130486
2026-03-19 18:37:53.826435089,106919.9951171875,0.631,0.48204728102691385
2026-03-19 18:37:53.868318558,106919.9951171875,0.631,0.4820472810067851
2026-03-19 18:37:53.956053019,106919.9951171875,0.631,0.482047281051208
2026-03-19 18:37:53.998697758,106919.9951171875,0.631,0.48204728111635764
2026-03-19 18:37:54.041511059,106919.9951171875,0.631,0.4820472811939804
2026-03-19 18:37:54.126229048,106919.9951171875,0.631,0.48204728122628243
2026-03-19 18:37:54.169075012,106929.99267578124,0.631,0.483158643477456
2026-03-19 18:37:54.212976933,106929.99267578124,0.631,0.48315864342806625
2026-03-19 18:37:54.259070395,106929.99267578124,0.631,0.4831586433464877
2026-03-19 18:37:54.316620588,106929.99267578124,0.631,0.48315864330485325
2026-03-19 18:37:54.384849310,106929.99267578124,0.631,0.48315864322871727
2026-03-19 18:37:54.429254293,106929.99267578124,0.631,0.4831586432248356
2026-03-19 18:37:54.473309755,106929.99267578124,0.631,0.48315864324600083
2026-03-19 18:37:54.557141781,106929.99267578124,0.631,0.4831586433729694
2026-03-19 18:37:54.601973772,106929.99267578124,0.631,0.4831586435562746
2026-03-19 18:37:54.645745754,106929.99267578124,0.631,0.4831586435470617
2026-03-19 18:37:54.729691029,106929.99267578124,0.631,0.4831586435317045
2026-03-19 18:37:54.774301529,106929.99267578124,0.631,0.48315864342832515
2026-03-19 18:37:54.817681789,106929.99267578124,0.631,0.4831586433003029
2026-03-19 18:37:54.902301550,106929.99267578124,0.631,0.4831586431564311
2026-03-19 18:37:54.946504354,106929.99267578124,0.631,0.4831586430226889
2026-03-19 18:37:54.989016294,106929.99267578124,0.632,0.4820681306863273
2026-03-19 18:37:55.033719301,106929.99267578124,0.632,0.4820681307573126
2026-03-19 18:37:55.117913008,106929.99267578124,0.632,0.48206813092042533
2026-03-19 18:37:55.161477089,106929.99267578124,0.632,0.48206813099202367
2026-03-19 18:37:55.206423521,106929.99267578124,0.632,0.48206813106348645
2026-03-19 18:37:55.276434183,106929.99267578124,0.632,0.4820681310243622
2026-03-19 18:37:55.334145546,106929.99267578124,0.632,0.48206813087218825
2026-03-19 18:37:55.379362583,106929.99267578124,0.632,0.48206813080485944
2026-03-19 18:37:55.421939135,106929.99267578124,0.632,0.4820681308031258
2026-03-19 18:37:55.505632400,106929.99267578124,0.632,0.4820681307616726
2026-03-19 18:37:55.550143957,106929.99267578124,0.632,0.48206813080285327
2026-03-19 18:37:55.594465494,106929.99267578124,0.632,0.48206813096998735
2026-03-19 18:37:55.678642035,106929.99267578124,0.632,0.48206813109845364
2026-03-19 18:37:55.723283291,106929.99267578124,0.632,0.4820681311577328
2026-03-19 18:37:55.766778469,106929.99267578124,0.632,0.4820681310864707
2026-03-19 18:37:55.850584984,106929.99267578124,0.632,0.48206813102626017
2026-03-19 18:37:55.894463301,106929.99267578124,0.632,0.48206813097245016
2026-03-19 18:37:55.940740108,106929.99267578124,0.632,0.4820681308693223
2026-03-19 18:37:55.981654882,106929.99267578124,0.632,0.48206813098931955
2026-03-19 18:37:56.066788912,106929.99267578124,0.632,0.48206813122807735
2026-03-19 18:37:56.111156940,106929.99267578124,0.632,0.48206813141814425
2026-03-19 18:37:56.157102585,106900.0,0.632,0.4787340450090677
2026-03-19 18:37:56.199218988,106900.0,0.632,0.47873404521867635
2026-03-19 18:37:56.248574495,106900.0,0.632,0.4787340452089031
2026-03-19 18:37:56.325997591,106900.0,0.632,0.4787340449124751
2026-03-19 18:37:56.370182991,106900.0,0.632,0.4787340446984637
2026-03-19 18:37:56.414164066,106900.0,0.632,0.4787340444601398
2026-03-19 18:37:56.499147892,106900.0,0.632,0.4787340444795964
2026-03-19 18:37:56.542404890,106900.0,0.632,0.47873404455666413
2026-03-19 18:37:56.585701942,106900.0,0.632,0.47873404465131
2026-03-19 18:37:56.671033621,106900.0,0.632,0.47873404489559135
2026-03-19 18:37:56.714445114,106900.0,0.632,0.4787340451406165
2026-03-19 18:37:56.757771969,106900.0,0.632,0.47873404528392366
2026-03-19 18:37:56.843772411,106900.0,0.632,0.4787340454572308
2026-03-19 18:37:56.887077093,106900.0,0.632,0.4787340454407897
2026-03-19 18:37:56.932200193,106900.0,0.632,0.47873404537836967
2026-03-19 18:37:56.974579573,106900.0,0.632,0.4787340453210085
2026-03-19 18:37:57.058952570,106900.0,0.632,0.4787340451108384
2026-03-19 18:37:57.102766037,106900.0,0.632,0.4787340447736359
2026-03-19 18:37:57.147644281,106900.0,0.632,0.4787340445220741
2026-03-19 18:37:57.223043919,106900.0,0.632,0.4787340443289425
2026-03-19 18:37:57.274644613,106900.0,0.632,0.4787340440931581
2026-03-19 18:37:57.318425655,106900.0,0.632,0.47873404403574316
2026-03-19 18:37:57.362796307,106900.0,0.632,0.4787340442179741
2026-03-19 18:37:57.449434042,106900.0,0.632,0.4787340444867706
2026-03-19 18:37:57.491347551,106900.0,0.632,0.4787340447219428
2026-03-19 18:37:57.534519196,106900.0,0.632,0.47873404481923565
2026-03-19 18:37:57.619308949,106900.0,0.632,0.47873404490421356
2026-03-19 18:37:57.663647652,106900.0,0.632,0.4787340448170539
2026-03-19 18:37:57.710464001,106900.0,0.632,0.47873404479407417
2026-03-19 18:37:57.791877270,106900.0,0.632,0.47873404465412817
2026-03-19 18:37:57.835964918,106900.0,0.632,0.47873404452816665
2026-03-19 18:37:57.878700733,106900.0,0.632,0.4787340446464286
2026-03-19 18:37:57.923672438,106900.0,0.632,0.4787340447016302
2026-03-19 18:37:58.007390022,106900.0,0.632,0.4787340448711332
2026-03-19 18:37:58.050609350,106900.0,0.632,0.4787340452422994
2026-03-19 18:37:58.095212698,106900.0,0.632,0.4787340454735001
2026-03-19 18:37:58.139461040,106890.00244140624,0.632,0.4776226834771905
2026-03-19 18:37:58.192456961,106890.00244140624,0.632,0.4776226839043023
2026-03-19 18:37:58.267494917,106890.00244140624,0.632,0.47762268424036997
2026-03-19 18:37:58.310929537,106890.00244140624,0.632,0.4776226846171027
2026-03-19 18:37:58.396173239,106890.00244140624,0.632,0.47762268521696505
2026-03-19 18:37:58.440164804,106890.00244140624,0.632,0.47762268583232464
2026-03-19 18:37:58.486057043,106890.00244140624,0.632,0.47762268657304013
2026-03-19 18:37:58.526725530,106890.00244140624,0.632,0.4776226870301831
2026-03-19 18:37:58.611043215,106890.00244140624,0.632,0.4776226877654417
2026-03-19 18:37:58.657121897,106890.00244140624,0.632,0.4776226884904538
2026-03-19 18:37:58.700162888,106890.00244140624,0.632,0.47762268919895196
2026-03-19 18:37:58.784214497,106890.00244140624,0.632,0.4776226897395555
2026-03-19 18:37:58.828255415,106890.00244140624,0.632,0.4776226902009968
2026-03-19 18:37:58.872029781,106890.00244140624,0.632,0.4776226905164015
2026-03-19 18:37:58.915297508,106890.00244140624,0.632,0.4776226907499287
2026-03-19 18:37:59.000561953,106890.00244140624,0.632,0.4776226907232347
2026-03-19 18:37:59.044486284,106890.00244140624,0.632,0.4776226905919348
2026-03-19 18:37:59.087042809,106890.00244140624,0.632,0.4776226901745713
2026-03-19 18:37:59.165294647,106890.00244140624,0.632,0.4776226896640265
2026-03-19 18:37:59.216423512,106890.00244140624,0.632,0.47762268912038414
2026-03-19 18:37:59.259734631,106890.00244140624,0.632,0.47762268825481774
2026-03-19 18:37:59.345613956,106890.00244140624,0.632,0.4776226870905697
2026-03-19 18:37:59.388844967,106890.00244140624,0.632,0.4776226858216392
2026-03-19 18:37:59.433022499,106890.00244140624,0.632,0.47762268478623665
2026-03-19 18:37:59.494719505,106890.00244140624,0.632,0.47762268358075965
2026-03-19 18:37:59.560659647,106890.00244140624,0.632,0.4776226822900226
2026-03-19 18:37:59.603737116,106890.00244140624,0.632,0.47762268131387287
2026-03-19 18:37:59.649087667,106890.00244140624,0.632,0.4776226809402879
2026-03-19 18:37:59.733937502,106890.00244140624,0.632,0.4776226813284955
2026-03-19 18:37:59.776583672,106890.00244140624,0.632,0.47762268226682514
2026-03-19 18:37:59.820131779,106890.00244140624,0.631,0.47871319540396406
2026-03-19 18:37:59.863651514,106890.00244140624,0.631,0.4787131964349621
2026-03-19 18:37:59.948965788,106890.00244140624,0.631,0.47871319755258196
2026-03-19 18:37:59.993215561,106890.00244140624,0.631,0.4787131986615548
2026-03-19 18:38:00.036310911,106890.00244140624,0.631,0.4787131997246838
2026-03-19 18:38:00.121001005,106890.00244140624,0.631,0.4787132008092297
2026-03-19 18:38:00.165842295,106919.9951171875,0.63,0.4831378001859202
2026-03-19 18:38:00.209405184,106919.9951171875,0.63,0.4831378011838942
2026-03-19 18:38:00.252944946,106919.9951171875,0.63,0.4831378020867971
2026-03-19 18:38:00.337335825,106919.9951171875,0.63,0.48313780280335256
2026-03-19 18:38:00.380369663,106919.9951171875,0.63,0.4831378034824295
2026-03-19 18:38:00.425764799,106919.9951171875,0.63,0.4831378040915115
2026-03-19 18:38:00.471780777,106919.9951171875,0.63,0.48313780451211474
2026-03-19 18:38:00.552738905,106919.9951171875,0.63,0.4831378048714052
2026-03-19 18:38:00.595976353,106919.9951171875,0.63,0.483137805101135
2026-03-19 18:38:00.640233278,106919.9951171875,0.63,0.4831378053784928
2026-03-19 18:38:00.724622726,106919.9951171875,0.63,0.48313780541407675
2026-03-19 18:38:00.768610716,106919.9951171875,0.63,0.48313780538661444
2026-03-19 18:38:00.811925650,106919.9951171875,0.629,0.48422831759937063
2026-03-19 18:38:00.859694958,106919.9951171875,0.629,0.48422831735297933
2026-03-19 18:38:00.941413403,106919.9951171875,0.629,0.48422831710085457
2026-03-19 18:38:00.984853268,106919.9951171875,0.629,0.4842283168340255
2026-03-19 18:38:01.028467894,106919.9951171875,0.629,0.48422831635453084
2026-03-19 18:38:01.113204002,106919.9951171875,0.629,0.48422831574676656
2026-03-19 18:38:01.156250477,106919.9951171875,0.629,0.4842283150573931
2026-03-19 18:38:01.200817108,106919.9951171875,0.629,0.48422831428188357
2026-03-19 18:38:01.285105228,106919.9951171875,0.629,0.4842283133225951
2026-03-19 18:38:01.329488039,106919.9951171875,0.629,0.4842283121532027
2026-03-19 18:38:01.373051167,106919.9951171875,0.629,0.4842283108830381
2026-03-19 18:38:01.434321165,106919.9951171875,0.629,0.48422830996007166
2026-03-19 18:38:01.501515387,106919.9951171875,0.629,0.4842283083762607
2026-03-19 18:38:01.545887947,106919.9951171875,0.629,0.48422830676446066
2026-03-19 18:38:01.588841915,106919.9951171875,0.629,0.4842283049650652
2026-03-19 18:38:01.676414013,106919.9951171875,0.629,0.48422830389030513
2026-03-19 18:38:01.717731953,106919.9951171875,0.629,0.4842283036005626
2026-03-19 18:38:01.762027502,106919.9951171875,0.629,0.4842283038199819
2026-03-19 18:38:01.804865360,106919.9951171875,0.629,0.48422830498599767
2026-03-19 18:38:01.889293671,106919.9951171875,0.629,0.48422830635691755
2026-03-19 18:38:01.933017969,106919.9951171875,0.629,0.48422830729932714
2026-03-19 18:38:01.977565527,106919.9951171875,0.629,0.4842283086456575
2026-03-19 18:38:02.062530517,106919.9951171875,0.629,0.4842283094274663
2026-03-19 18:38:02.106765509,106919.9951171875,0.628,0.4853188221274821
2026-03-19 18:38:02.148559809,106940.00244140624,0.628,0.4875429041971148
2026-03-19 18:38:02.191767693,106940.00244140624,0.628,0.4875429046564098
2026-03-19 18:38:02.277960062,106940.00244140624,0.628,0.487542904800118
2026-03-19 18:38:02.321133375,106940.00244140624,0.628,0.48754290527621846
2026-03-19 18:38:02.364843607,106940.00244140624,0.628,0.4875429051735526
2026-03-19 18:38:02.412875414,106940.00244140624,0.629,0.48645239278297686
2026-03-19 18:38:02.493590355,106940.00244140624,0.629,0.48645239271717505
2026-03-19 18:38:02.537997484,106940.00244140624,0.629,0.486452392304949
2026-03-19 18:38:02.582656622,106940.00244140624,0.629,0.4864523917700328
2026-03-19 18:38:02.665836096,106940.00244140624,0.629,0.48645239126681555
2026-03-19 18:38:02.709643602,106940.00244140624,0.629,0.4864523903615474
2026-03-19 18:38:02.752506495,106940.00244140624,0.628,0.48754290215387214
2026-03-19 18:38:02.797080517,106940.00244140624,0.628,0.4875429012710228
2026-03-19 18:38:02.882232189,106940.00244140624,0.628,0.4875429001353249
2026-03-19 18:38:02.926515102,106940.00244140624,0.628,0.48754289907194226
2026-03-19 18:38:03.011709690,106940.00244140624,0.628,0.4875428982062554
2026-03-19 18:38:03.055917978,106940.00244140624,0.628,0.487542897734383
2026-03-19 18:38:03.097168446,106940.00244140624,0.628,0.4875428978230426
2026-03-19 18:38:03.140583992,106940.00244140624,0.628,0.48754289841849163
2026-03-19 18:38:03.225856781,106940.00244140624,0.628,0.48754289914669247
2026-03-19 18:38:03.270220757,106940.00244140624,0.628,0.48754289967442815
2026-03-19 18:38:03.313377619,106940.00244140624,0.628,0.48754290000658784
2026-03-19 18:38:03.382674694,106940.00244140624,0.628,0.48754290002480677
2026-03-19 18:38:03.442771196,106940.00244140624,0.628,0.48754289998191075
2026-03-19 18:38:03.486590385,106940.00244140624,0.628,0.4875428997965571
2026-03-19 18:38:03.529753923,106940.00244140624,0.628,0.4875428993769994
2026-03-19 18:38:03.614279270,106940.00244140624,0.628,0.4875428989820877
2026-03-19 18:38:03.660176754,106940.00244140624,0.628,0.48754289865075556
2026-03-19 18:38:03.702736378,106940.00244140624,0.628,0.4875428985254974
2026-03-19 18:38:03.747177601,106940.00244140624,0.628,0.4875428985342931
2026-03-19 18:38:03.831314087,106940.00244140624,0.628,0.48754289878977614
2026-03-19 18:38:03.874233007,106940.00244140624,0.628,0.48754289902488335
2026-03-19 18:38:03.917979240,106940.00244140624,0.628,0.4875428992310279
2026-03-19 18:38:04.004837036,106940.00244140624,0.628,0.4875428994686853
2026-03-19 18:38:04.047230721,106940.00244140624,0.628,0.4875428995055372
2026-03-19 18:38:04.089989662,106940.00244140624,0.628,0.48754289937167783
2026-03-19 18:38:04.139664173,106929.99267578124,0.628,0.4864301801129418
2026-03-19 18:38:04.218597651,106929.99267578124,0.628,0.4864301798697474
2026-03-19 18:38:04.262260914,106929.99267578124,0.628,0.48643017963584617
2026-03-19 18:38:04.308249712,106929.99267578124,0.628,0.48643017895485813
2026-03-19 18:38:04.351802588,106929.99267578124,0.627,0.48752069010837684
2026-03-19 18:38:04.433911085,106929.99267578124,0.627,0.48752068802633725
2026-03-19 18:38:04.478645086,106929.99267578124,0.627,0.4875206867442898
2026-03-19 18:38:04.523757696,106929.99267578124,0.627,0.4875206873378809
2026-03-19 18:38:04.607607841,106929.99267578124,0.627,0.48752068877586563
2026-03-19 18:38:04.650673151,106929.99267578124,0.627,0.48752069196869185
2026-03-19 18:38:04.693784952,106929.99267578124,0.627,0.48752069618048827
2026-03-19 18:38:04.779152393,106929.99267578124,0.627,0.4875207000777418
2026-03-19 18:38:04.824078560,106929.99267578124,0.627,0.4875207041293664
2026-03-19 18:38:04.865969419,106929.99267578124,0.627,0.48752070902131034
2026-03-19 18:38:04.951952219,106929.99267578124,0.627,0.48752071331888175
2026-03-19 18:38:04.995182753,106929.99267578124,0.627,0.487520717319387
2026-03-19 18:38:05.039067507,106929.99267578124,0.627,0.4875207201492616
2026-03-19 18:38:05.082222939,106929.99267578124,0.627,0.48752072406220653
2026-03-19 18:38:05.167292833,106929.99267578124,0.627,0.4875207275283025
2026-03-19 18:38:05.210942507,106929.99267578124,0.627,0.48752073083115366
2026-03-19 18:38:05.256497144,106929.99267578124,0.627,0.4875207331884512
2026-03-19 18:38:05.322026491,106929.99267578124,0.627,0.4875207351646287
2026-03-19 18:38:05.382341623,106929.99267578124,0.627,0.4875207370615967
2026-03-19 18:38:05.427783966,106929.99267578124,0.627,0.48752073836252174
2026-03-19 18:38:05.470451355,106929.99267578124,0.627,0.4875207390308985
2026-03-19 18:38:05.557592154,106929.99267578124,0.627,0.4875207392638077
2026-03-19 18:38:05.601405621,106929.99267578124,0.627,0.4875207389337276
2026-03-19 18:38:05.645199537,106929.99267578124,0.627,0.487520737891523
2026-03-19 18:38:05.728647232,106929.99267578124,0.627,0.487520736821279
2026-03-19 18:38:05.772028208,106929.99267578124,0.627,0.487520734911414
2026-03-19 18:38:05.815630198,106929.99267578124,0.627,0.4875207324757057
2026-03-19 18:38:05.902761936,106929.99267578124,0.627,0.487520729678357
2026-03-19 18:38:05.944429159,106929.99267578124,0.627,0.4875207270153849
2026-03-19 18:38:05.987015486,106929.99267578124,0.626,0.48861123641080745
2026-03-19 18:38:06.030956984,106929.99267578124,0.626,0.4886112327258844
2026-03-19 18:38:06.115631819,106929.99267578124,0.626,0.48861122890981296
2026-03-19 18:38:06.161603928,106940.00244140624,0.626,0.48972394546597364
2026-03-19 18:38:06.205432892,106940.00244140624,0.626,0.48972394144990544
2026-03-19 18:38:06.248104334,106940.00244140624,0.626,0.4897239374350142
2026-03-19 18:38:06.297887087,106940.00244140624,0.627,0.4886334225430151
2026-03-19 18:38:06.374782562,106940.00244140624,0.627,0.4886334186189375
2026-03-19 18:38:06.420517683,106940.00244140624,0.627,0.48863341483630274
2026-03-19 18:38:06.466998100,106940.00244140624,0.627,0.4886334111827651
2026-03-19 18:38:06.548377752,106940.00244140624,0.627,0.4886334082827228
2026-03-19 18:38:06.592775106,106940.00244140624,0.627,0.4886334073761591
2026-03-19 18:38:06.634480953,106940.00244140624,0.627,0.48863340757758467
2026-03-19 18:38:06.719726801,106940.00244140624,0.627,0.4886334090039797
2026-03-19 18:38:06.763663769,106940.00244140624,0.627,0.4886334114860219
2026-03-19 18:38:06.808104992,106940.00244140624,0.627,0.488633413882193
2026-03-19 18:38:06.892854452,106940.00244140624,0.627,0.4886334164629938
2026-03-19 18:38:06.939784288,106940.00244140624,0.627,0.4886334186251669
2026-03-19 18:38:06.980220318,106940.00244140624,0.627,0.48863342113114827
2026-03-19 18:38:07.023309708,106940.00244140624,0.627,0.48863342305714863
2026-03-19 18:38:07.108244419,106940.00244140624,0.627,0.48863342516832836
2026-03-19 18:38:07.153522491,106940.00244140624,0.627,0.4886334272237776
2026-03-19 18:38:07.196077585,106940.00244140624,0.627,0.4886334288370802
2026-03-19 18:38:07.262970448,106940.00244140624,0.627,0.4886334298212639
2026-03-19 18:38:07.324222565,106940.00244140624,0.627,0.48863343113597985
2026-03-19 18:38:07.367376089,106940.00244140624,0.627,0.48863343220346994
2026-03-19 18:38:07.410141706,106940.00244140624,0.627,0.48863343290576855
2026-03-19 18:38:07.499204874,106940.00244140624,0.627,0.48863343342830234
2026-03-19 18:38:07.540918589,106940.00244140624,0.627,0.48863343368212503
2026-03-19 18:38:07.584790707,106940.00244140624,0.627,0.4886334336597584
2026-03-19 18:38:07.669269800,106940.00244140624,0.626,0.4897239457407409
2026-03-19 18:38:07.712822199,106940.00244140624,0.626,0.4897239453249851
2026-03-19 18:38:07.757132769,106940.00244140624,0.626,0.4897239446180773
2026-03-19 18:38:07.841210365,106940.00244140624,0.626,0.4897239436668439
2026-03-19 18:38:07.884508610,106940.00244140624,0.626,0.4897239423851045
2026-03-19 18:38:07.928111792,106940.00244140624,0.626,0.4897239414336104
2026-03-19 18:38:07.973919153,106940.00244140624,0.626,0.4897239398061435
2026-03-19 18:38:08.057556868,106940.00244140624,0.626,0.48972393800678854
2026-03-19 18:38:08.100690365,106940.00244140624,0.626,0.48972393605814374
2026-03-19 18:38:08.145075083,106919.9951171875,0.626,0.48749985338121077
2026-03-19 18:38:08.187339783,106919.9951171875,0.626,0.4874998512757875
2026-03-19 18:38:08.272216797,106919.9951171875,0.626,0.48749984946580793
2026-03-19 18:38:08.316347599,106919.9951171875,0.626,0.48749984718022615
2026-03-19 18:38:08.361756563,106919.9951171875,0.626,0.4874998453329377
2026-03-19 18:38:08.445749521,106919.9951171875,0.626,0.4874998430454739
2026-03-19 18:38:08.488323689,106919.9951171875,0.626,0.4874998409923507
2026-03-19 18:38:08.532336712,106919.9951171875,0.626,0.48749984007009367
2026-03-19 18:38:08.575067282,106919.9951171875,0.626,0.4874998399451765
2026-03-19 18:38:08.660025358,106919.9951171875,0.626,0.4874998407038381
2026-03-19 18:38:08.706134796,106919.9951171875,0.626,0.487499842290017
2026-03-19 18:38:08.749695539,106919.9951171875,0.626,0.4874998440351453
2026-03-19 18:38:08.833278179,106919.9951171875,0.626,0.4874998455881946
2026-03-19 18:38:08.877729416,106919.9951171875,0.626,0.4874998473849687
2026-03-19 18:38:08.920720100,106919.9951171875,0.626,0.487499848836981
2026-03-19 18:38:08.964073896,106919.9951171875,0.626,0.4874998505919077
2026-03-19 18:38:09.049616337,106919.9951171875,0.626,0.4874998518601803
2026-03-19 18:38:09.092915535,106919.9951171875,0.626,0.4874998534131502
2026-03-19 18:38:09.136663437,106919.9951171875,0.626,0.4874998547851826
2026-03-19 18:38:09.212000370,106919.9951171875,0.625,0.488590367980825
2026-03-19 18:38:09.267003059,106919.9951171875,0.625,0.48859036879231094
2026-03-19 18:38:09.308936357,106919.9951171875,0.625,0.48859036939601874
2026-03-19 18:38:09.394098043,106919.9951171875,0.625,0.4885903697895122
2026-03-19 18:38:09.438824892,106919.9951171875,0.625,0.48859036988823185
2026-03-19 18:38:09.481340408,106919.9951171875,0.625,0.4885903695280273
2026-03-19 18:38:09.547669172,106919.9951171875,0.626,0.4874998569793406
2026-03-19 18:38:09.609122515,106919.9951171875,0.626,0.4874998562226931
2026-03-19 18:38:09.656007051,106919.9951171875,0.626,0.4874998549453516
2026-03-19 18:38:09.696659088,106919.9951171875,0.626,0.4874998539410768
2026-03-19 18:38:09.782088041,106919.9951171875,0.626,0.48749985235709326
2026-03-19 18:38:09.825586557,106919.9951171875,0.626,0.48749985045031247
2026-03-19 18:38:09.869475842,106919.9951171875,0.625,0.48859036119779475
2026-03-19 18:38:09.913574219,106919.9951171875,0.625,0.48859035949631163
2026-03-19 18:38:09.999726295,106919.9951171875,0.625,0.488590357309636
2026-03-19 18:38:10.042885780,106919.9951171875,0.625,0.4885903552899955
2026-03-19 18:38:10.085594893,106919.9951171875,0.625,0.48859035320294536
2026-03-19 18:38:10.142112017,106940.00244140624,0.625,0.490814433722798
2026-03-19 18:38:10.213473797,106940.00244140624,0.626,0.489723921182163
2026-03-19 18:38:10.257843971,106940.00244140624,0.626,0.4897239215701588
2026-03-19 18:38:10.300307989,106940.00244140624,0.626,0.48972392281050564
2026-03-19 18:38:10.386057138,106940.00244140624,0.626,0.4897239241372545
2026-03-19 18:38:10.430081844,106940.00244140624,0.626,0.48972392562140965
2026-03-19 18:38:10.474136829,106940.00244140624,0.626,0.48972392706780965
2026-03-19 18:38:10.518571138,106940.00244140624,0.626,0.4897239282302508
2026-03-19 18:38:10.602872372,106940.00244140624,0.626,0.48972392934643283
2026-03-19 18:38:10.645707130,106940.00244140624,0.626,0.48972393055564173
2026-03-19 18:38:10.690984964,106940.00244140624,0.626,0.4897239316331536
2026-03-19 18:38:10.773661137,106940.00244140624,0.626,0.4897239326289481
2026-03-19 18:38:10.818547249,106940.00244140624,0.626,0.48972393322335533
2026-03-19 18:38:10.861233950,106940.00244140624,0.626,0.4897239337730074
2026-03-19 18:38:10.907200813,106940.00244140624,0.626,0.48972393420809146
2026-03-19 18:38:10.992342710,106940.00244140624,0.626,0.4897239343352724
2026-03-19 18:38:11.036265612,106940.00244140624,0.626,0.48972393443525436
2026-03-19 18:38:11.076960087,106940.00244140624,0.626,0.48972393422654253
2026-03-19 18:38:11.164310217,106940.00244140624,0.626,0.4897239337759377
2026-03-19 18:38:11.206617117,106940.00244140624,0.626,0.4897239332782556
2026-03-19 18:38:11.250018358,106940.00244140624,0.626,0.48972393257830693
2026-03-19 18:38:11.335258007,106940.00244140624,0.626,0.48972393163168115
2026-03-19 18:38:11.378069401,106940.00244140624,0.626,0.4897239305176119
2026-03-19 18:38:11.423005581,106940.00244140624,0.626,0.48972392918588753
2026-03-19 18:38:11.478735209,106940.00244140624,0.626,0.4897239282934732
2026-03-19 18:38:11.550518036,106940.00244140624,0.626,0.4897239267551754
2026-03-19 18:38:11.594856501,106940.00244140624,0.626,0.4897239252090183
2026-03-19 18:38:11.640285492,106940.00244140624,0.626,0.48972392355811645
2026-03-19 18:38:11.723096848,106940.00244140624,0.626,0.4897239219086197
2026-03-19 18:38:11.767293692,106940.00244140624,0.626,0.48972392118725916
2026-03-19 18:38:11.811244249,106940.00244140624,0.627,0.4886334087266578
2026-03-19 18:38:11.856389523,106940.00244140624,0.627,0.48863340913592157
2026-03-19 18:38:11.939922333,106940.00244140624,0.627,0.48863341030596336
2026-03-19 18:38:11.982148886,106940.00244140624,0.627,0.48863341145710937
2026-03-19 18:38:12.026221275,106940.00244140624,0.627,0.48863341264926613
2026-03-19 18:38:12.112720966,106940.00244140624,0.627,0.4886334138938528
2026-03-19 18:38:12.154899359,106900.0,0.627,0.48418660871573976
2026-03-19 18:38:12.197977543,106900.0,0.627,0.4841866096527801
2026-03-19 18:38:12.241419792,106900.0,0.627,0.4841866106197081
2026-03-19 18:38:12.328248024,106900.0,0.627,0.484186611253713
2026-03-19 18:38:12.369813204,106900.0,0.627,0.4841866117129073
2026-03-19 18:38:12.414524078,106900.0,0.627,0.4841866123870318
2026-03-19 18:38:12.461102486,106900.0,0.627,0.48418661256433393
2026-03-19 18:38:12.544334888,106900.0,0.627,0.48418661288962117
2026-03-19 18:38:12.586395502,106900.0,0.627,0.4841866130565487
2026-03-19 18:38:12.629896402,106900.0,0.627,0.4841866130943532
2026-03-19 18:38:12.714160442,106900.0,0.627,0.4841866128076624
2026-03-19 18:38:12.759867191,106900.0,0.627,0.48418661254876566
2026-03-19 18:38:12.807881594,106900.0,0.627,0.48418661238923094
2026-03-19 18:38:12.887161493,106900.0,0.627,0.4841866115480987
2026-03-19 18:38:12.932383776,106900.0,0.627,0.4841866108808307
2026-03-19 18:38:12.974420309,106900.0,0.627,0.4841866099241428
2026-03-19 18:38:13.060491562,106900.0,0.627,0.48418660869982527
2026-03-19 18:38:13.102545500,106900.0,0.627,0.48418660790206713
2026-03-19 18:38:13.147157431,106900.0,0.627,0.4841866063117184
2026-03-19 18:38:13.191319704,106900.0,0.627,0.48418660477108566
2026-03-19 18:38:13.275334597,106900.0,0.627,0.4841866033727312
2026-03-19 18:38:13.320027351,106900.0,0.627,0.4841866025857602
2026-03-19 18:38:13.362138510,106900.0,0.627,0.4841866024842777
2026-03-19 18:38:13.421007633,106900.0,0.627,0.48418660303798655
2026-03-19 18:38:13.490899086,106900.0,0.627,0.48418660388099877
2026-03-19 18:38:13.536631584,106900.0,0.627,0.484186604980794
2026-03-19 18:38:13.579257488,106900.0,0.627,0.48418660588639717
2026-03-19 18:38:13.663197756,106900.0,0.627,0.4841866065709488
2026-03-19 18:38:13.707399368,106900.0,0.627,0.48418660705102073
2026-03-19 18:38:13.756514072,106900.0,0.628,0.4830960949544758
2026-03-19 18:38:13.794378519,106900.0,0.628,0.48309609504708234
2026-03-19 18:38:13.879271984,106900.0,0.628,0.48309609508030643
2026-03-19 18:38:13.923309565,106900.0,0.628,0.48309609488978866
2026-03-19 18:38:14.008748055,106900.0,0.628,0.4830960945411853
2026-03-19 18:38:14.051743031,106900.0,0.628,0.48309609405919485
2026-03-19 18:38:14.096122742,106900.0,0.628,0.48309609351781635
2026-03-19 18:38:14.138650894,106900.0,0.628,0.48309609274220433
2026-03-19 18:38:14.182003498,106929.99267578124,0.628,0.4864301787915462
2026-03-19 18:38:14.267811297,106929.99267578124,0.628,0.4864301780698605
2026-03-19 18:38:14.310980558,106929.99267578124,0.628,0.4864301778414953
2026-03-19 18:38:14.359675884,106929.99267578124,0.628,0.4864301779702523
2026-03-19 18:38:14.400781631,106929.99267578124,0.628,0.4864301782211435
2026-03-19 18:38:14.483757973,106929.99267578124,0.628,0.48643017889308104
2026-03-19 18:38:14.527867317,106929.99267578124,0.628,0.48643017949311407
2026-03-19 18:38:14.571053267,106929.99267578124,0.628,0.4864301800118329
2026-03-19 18:38:14.657528162,106929.99267578124,0.628,0.4864301805316316
2026-03-19 18:38:14.700535774,106929.99267578124,0.628,0.4864301809332695
2026-03-19 18:38:14.742460012,106929.99267578124,0.629,0.4853396690442561
2026-03-19 18:38:14.828302860,106929.99267578124,0.629,0.4853396693070539
2026-03-19 18:38:14.872653484,106929.99267578124,0.629,0.4853396695092816
2026-03-19 18:38:14.915522099,106929.99267578124,0.629,0.485339669804929
2026-03-19 18:38:15.000192881,106929.99267578124,0.629,0.4853396699688042
2026-03-19 18:38:15.043938160,106929.99267578124,0.63,0.48424915786196465
2026-03-19 18:38:15.087175608,106929.99267578124,0.63,0.4842491580403619
2026-03-19 18:38:15.131842852,106929.99267578124,0.63,0.4842491580155959
2026-03-19 18:38:15.215636492,106929.99267578124,0.63,0.4842491579026513
2026-03-19 18:38:15.259850501,106929.99267578124,0.63,0.4842491574672502
2026-03-19 18:38:15.303756952,106929.99267578124,0.63,0.4842491569377522
2026-03-19 18:38:15.364933968,106929.99267578124,0.63,0.484249156265132
2026-03-19 18:38:15.432100296,106929.99267578124,0.63,0.48424915555819015
2026-03-19 18:38:15.475320101,106929.99267578124,0.63,0.4842491545181654
2026-03-19 18:38:15.520333528,106929.99267578124,0.63,0.48424915393946666
2026-03-19 18:38:15.606464386,106929.99267578124,0.63,0.48424915326441614
2026-03-19 18:38:15.652291775,106929.99267578124,0.63,0.4842491525795525
2026-03-19 18:38:15.691870928,106929.99267578124,0.63,0.48424915270116853
2026-03-19 18:38:15.776463985,106929.99267578124,0.63,0.48424915286337267
2026-03-19 18:38:15.821319103,106929.99267578124,0.63,0.48424915310851885
2026-03-19 18:38:15.863898754,106929.99267578124,0.63,0.48424915351429987
2026-03-19 18:38:15.949886084,106929.99267578124,0.63,0.4842491533484733
2026-03-19 18:38:15.992576838,106929.99267578124,0.63,0.4842491531033189
2026-03-19 18:38:16.036616325,106929.99267578124,0.63,0.48424915293934356
2026-03-19 18:38:16.083874464,106929.99267578124,0.63,0.4842491527816043
2026-03-19 18:38:16.140041351,106909.99755859376,0.63,0.4820264285084716
2026-03-19 18:38:16.207501888,106909.99755859376,0.63,0.4820264288132684
2026-03-19 18:38:16.253096341,106909.99755859376,0.63,0.4820264289044527
2026-03-19 18:38:16.295678854,106909.99755859376,0.63,0.4820264287730256
2026-03-19 18:38:16.341192007,106909.99755859376,0.631,0.4809359164424023
2026-03-19 18:38:16.426434517,106909.99755859376,0.631,0.48093591642234
2026-03-19 18:38:16.468091011,106909.99755859376,0.631,0.480935916623872
2026-03-19 18:38:16.553287983,106909.99755859376,0.631,0.4809359168082051
2026-03-19 18:38:16.597222328,106909.99755859376,0.631,0.48093591706584327
2026-03-19 18:38:16.641109705,106909.99755859376,0.631,0.48093591731415275
2026-03-19 18:38:16.683281898,106909.99755859376,0.631,0.48093591697739146
2026-03-19 18:38:16.769093037,106909.99755859376,0.631,0.48093591482203196
2026-03-19 18:38:16.812333822,106909.99755859376,0.631,0.48093591297382154
2026-03-19 18:38:16.859872580,106909.99755859376,0.631,0.4809359123825054
2026-03-19 18:38:16.941899776,106909.99755859376,0.631,0.4809359127931495
2026-03-19 18:38:16.984582424,106909.99755859376,0.631,0.4809359149411918
2026-03-19 18:38:17.028030872,106909.99755859376,0.631,0.48093591767121124
2026-03-19 18:38:17.073335171,106909.99755859376,0.631,0.48093592081475917
2026-03-19 18:38:17.156800032,106909.99755859376,0.631,0.480935924268444
2026-03-19 18:38:17.204500437,106909.99755859376,0.631,0.4809359273037837
2026-03-19 18:38:17.244868755,106909.99755859376,0.631,0.48093593046513095
2026-03-19 18:38:17.305983305,106909.99755859376,0.631,0.4809359322136138
2026-03-19 18:38:17.374257088,106909.99755859376,0.631,0.48093593443973465
2026-03-19 18:38:17.417222738,106909.99755859376,0.631,0.4809359365160568
2026-03-19 18:38:17.460345268,106909.99755859376,0.631,0.48093593801949525
2026-03-19 18:38:17.546511889,106909.99755859376,0.631,0.4809359389752025
2026-03-19 18:38:17.589118719,106909.99755859376,0.631,0.4809359397939532
2026-03-19 18:38:17.634701967,106909.99755859376,0.631,0.480935940198568
2026-03-19 18:38:17.718359709,106909.99755859376,0.631,0.48093594019426567
2026-03-19 18:38:17.760917902,106909.99755859376,0.631,0.4809359401037831
2026-03-19 18:38:17.806935310,106909.99755859376,0.631,0.4809359396699878
2026-03-19 18:38:17.889981270,106909.99755859376,0.631,0.48093593897241266
2026-03-19 18:38:17.934121370,106909.99755859376,0.631,0.48093593809633595
2026-03-19 18:38:17.977253914,106909.99755859376,0.631,0.48093593731034584
2026-03-19 18:38:18.020655632,106909.99755859376,0.631,0.48093593592374034
2026-03-19 18:38:18.106196642,106909.99755859376,0.631,0.48093593439859333
2026-03-19 18:38:18.149421692,106890.00244140624,0.631,0.47871320866113976
2026-03-19 18:38:18.193733215,106890.00244140624,0.631,0.4787132070669221
2026-03-19 18:38:18.236396551,106890.00244140624,0.631,0.4787132041030839
2026-03-19 18:38:18.321254492,106890.00244140624,0.631,0.4787132015371386
2026-03-19 18:38:18.365653515,106890.00244140624,0.631,0.4787131981955535
2026-03-19 18:38:18.408688784,106890.00244140624,0.631,0.47871319550332797
2026-03-19 18:38:18.494179487,106890.00244140624,0.631,0.47871319219140873
2026-03-19 18:38:18.537278891,106890.00244140624,0.631,0.4787131898519989
2026-03-19 18:38:18.581459522,106890.00244140624,0.631,0.4787131893563417
2026-03-19 18:38:18.624589920,106890.00244140624,0.632,0.4776226775575045
2026-03-19 18:38:18.709394693,106890.00244140624,0.632,0.47762267933152813
2026-03-19 18:38:18.752950191,106890.00244140624,0.632,0.4776226818618889
2026-03-19 18:38:18.798202515,106890.00244140624,0.632,0.4776226844026562
2026-03-19 18:38:18.882908344,106890.00244140624,0.632,0.4776226862248598
2026-03-19 18:38:18.925738335,106890.00244140624,0.632,0.4776226884143151
2026-03-19 18:38:18.970906496,106890.00244140624,0.632,0.47762269025728005
2026-03-19 18:38:19.012757778,106890.00244140624,0.632,0.47762269226725834
2026-03-19 18:38:19.098101616,106890.00244140624,0.632,0.4776226939052426
2026-03-19 18:38:19.143790245,106890.00244140624,0.632,0.47762269570473914
2026-03-19 18:38:19.185399294,106890.00244140624,0.632,0.4776226972814929
2026-03-19 18:38:19.271686077,106890.00244140624,0.632,0.4776226985443744
2026-03-19 18:38:19.313998938,106890.00244140624,0.632,0.47762269965571685
2026-03-19 18:38:19.358564377,106890.00244140624,0.632,0.4776227006751287
2026-03-19 18:38:19.444056511,106890.00244140624,0.632,0.4776227014901348
2026-03-19 18:38:19.486580610,106890.00244140624,0.632,0.4776227019742699
2026-03-19 18:38:19.530058861,106890.00244140624,0.632,0.4776227021460334
2026-03-19 18:38:19.579910994,106890.00244140624,0.632,0.4776227020970509
2026-03-19 18:38:19.658538103,106890.00244140624,0.632,0.47762270169549204
2026-03-19 18:38:19.703511238,106890.00244140624,0.632,0.4776227009086431
2026-03-19 18:38:19.752100229,106890.00244140624,0.632,0.47762269999036944
2026-03-19 18:38:19.831716776,106890.00244140624,0.632,0.47762269853142303
2026-03-19 18:38:19.874630213,106890.00244140624,0.632,0.47762269674089847
2026-03-19 18:38:19.918399096,106890.00244140624,0.633,0.47653218268452996
2026-03-19 18:38:19.963715792,106890.00244140624,0.633,0.47653218069460035
2026-03-19 18:38:20.047328472,106890.00244140624,0.633,0.4765321780945538
2026-03-19 18:38:20.090554953,106890.00244140624,0.633,0.47653217538165
2026-03-19 18:38:20.135296345,106890.00244140624,0.633,0.4765321726108067
2026-03-19 18:38:20.218980551,106909.99755859376,0.633,0.4787548950009009
2026-03-19 18:38:20.262397765,106909.99755859376,0.633,0.478754892391059
2026-03-19 18:38:20.306516647,106909.99755859376,0.633,0.4787548901016869
2026-03-19 18:38:20.350821495,106909.99755859376,0.633,0.47875488946105726
2026-03-19 18:38:20.434720516,106909.99755859376,0.633,0.4787548899801385
2026-03-19 18:38:20.479060888,106909.99755859376,0.633,0.4787548916099713
2026-03-19 18:38:20.524798393,106909.99755859376,0.633,0.4787548939188478
2026-03-19 18:38:20.566651821,106909.99755859376,0.633,0.4787548958782148
2026-03-19 18:38:20.650211096,106909.99755859376,0.633,0.4787548976933782
2026-03-19 18:38:20.693910837,106909.99755859376,0.633,0.47875489995533194
2026-03-19 18:38:20.738390923,106909.99755859376,0.633,0.4787549021657014
2026-03-19 18:38:20.823540926,106909.99755859376,0.633,0.47875490414815713
2026-03-19 18:38:20.868129492,106909.99755859376,0.633,0.47875490576501306
2026-03-19 18:38:20.912967682,106909.99755859376,0.633,0.47875490719046937
2026-03-19 18:38:20.960077524,106909.99755859376,0.633,0.4787549087001793
2026-03-19 18:38:21.039633036,106909.99755859376,0.633,0.47875490999831305
2026-03-19 18:38:21.083046913,106909.99755859376,0.633,0.4787549108297634
2026-03-19 18:38:21.126898050,106909.99755859376,0.633,0.4787549115584895
2026-03-19 18:38:21.211253166,106909.99755859376,0.633,0.4787549119689736
2026-03-19 18:38:21.257539272,106909.99755859376,0.633,0.4787549121007676
2026-03-19 18:38:21.300484896,106909.99755859376,0.633,0.4787549119854993
2026-03-19 18:38:21.384079933,106909.99755859376,0.633,0.47875491155074673
2026-03-19 18:38:21.427381039,106909.99755859376,0.633,0.47875491086533145
2026-03-19 18:38:21.471408844,106909.99755859376,0.633,0.4787549098561955
2026-03-19 18:38:21.520372868,106909.99755859376,0.633,0.47875490899866474
2026-03-19 18:38:21.599709034,106909.99755859376,0.633,0.4787549074821928
2026-03-19 18:38:21.643995047,106909.99755859376,0.633,0.47875490581394586
2026-03-19 18:38:21.686894178,106909.99755859376,0.633,0.4787549039433699
2026-03-19 18:38:21.771718740,106909.99755859376,0.633,0.47875490186028763
2026-03-19 18:38:21.815418959,106909.99755859376,0.633,0.47875489999839954
2026-03-19 18:38:21.860470295,106909.99755859376,0.633,0.4787548979462463
2026-03-19 18:38:21.903151274,106909.99755859376,0.633,0.4787548954025282
2026-03-19 18:38:21.989143372,106909.99755859376,0.633,0.47875489324680787
2026-03-19 18:38:22.031316996,106909.99755859376,0.633,0.47875489075577443
2026-03-19 18:38:22.077208996,106909.99755859376,0.633,0.478754889370605
2026-03-19 18:38:22.160242558,106909.99755859376,0.633,0.4787548891833295
2026-03-19 18:38:22.204015493,106909.99755859376,0.633,0.4787548895727681
2026-03-19 18:38:22.247344494,106909.99755859376,0.633,0.47875489101449675
2026-03-19 18:38:22.290288687,106909.99755859376,0.633,0.4787548927719455
2026-03-19 18:38:22.375526190,106909.99755859376,0.633,0.4787548944449744
2026-03-19 18:38:22.420018435,106909.99755859376,0.633,0.4787548957400481
2026-03-19 18:38:22.464705706,106909.99755859376,0.633,0.4787548971700176
2026-03-19 18:38:22.509006023,106909.99755859376,0.633,0.47875489820781114
2026-03-19 18:38:22.591098785,106909.99755859376,0.633,0.47875489932410065
2026-03-19 18:38:22.635258198,106909.99755859376,0.633,0.47875490008188865
2026-03-19 18:38:22.680323362,106909.99755859376,0.633,0.47875490079995753
2026-03-19 18:38:22.763640404,106909.99755859376,0.633,0.47875490125981085
2026-03-19 18:38:22.808400154,106909.99755859376,0.633,0.4787549017087292
2026-03-19 18:38:22.853054047,106909.99755859376,0.633,0.4787549019021613
2026-03-19 18:38:22.935657263,106909.99755859376,0.633,0.4787549020313457
2026-03-19 18:38:22.980059385,106909.99755859376,0.633,0.4787549020767262
2026-03-19 18:38:23.024022102,106909.99755859376,0.633,0.4787549019727196
2026-03-19 18:38:23.108731985,106909.99755859376,0.633,0.4787549018051882
2026-03-19 18:38:23.151446342,106909.99755859376,0.633,0.478754901652231
2026-03-19 18:38:23.196557283,106909.99755859376,0.633,0.478754901245807
2026-03-19 18:38:23.240495443,106909.99755859376,0.633,0.4787549006968446
2026-03-19 18:38:23.324192286,106909.99755859376,0.633,0.4787549002673751
2026-03-19 18:38:23.369080782,106909.99755859376,0.633,0.47875489942325294
2026-03-19 18:38:23.412607431,106909.99755859376,0.633,0.47875489843696495
2026-03-19 18:38:23.462110281,106909.99755859376,0.633,0.4787548975021414
2026-03-19 18:38:23.540191174,106909.99755859376,0.633,0.4787548963283636
2026-03-19 18:38:23.584191084,106909.99755859376,0.633,0.478754894808527
2026-03-19 18:38:23.629234076,106909.99755859376,0.633,0.47875489297565377
2026-03-19 18:38:23.713422298,106909.99755859376,0.633,0.4787548908718886
2026-03-19 18:38:23.757648230,106909.99755859376,0.633,0.4787548892902835
2026-03-19 18:38:23.799904108,106909.99755859376,0.633,0.4787548886699596
2026-03-19 18:38:23.885423899,106909.99755859376,0.633,0.4787548885935092
2026-03-19 18:38:23.929184198,106909.99755859376,0.633,0.47875488958985274
2026-03-19 18:38:23.972628832,106909.99755859376,0.633,0.4787548909895351
2026-03-19 18:38:24.057767391,106909.99755859376,0.633,0.47875489208916827
2026-03-19 18:38:24.102952480,106909.99755859376,0.633,0.47875489342843996
2026-03-19 18:38:24.144328117,106950.0,0.633,0.48320169983485217
2026-03-19 18:38:24.187816620,106950.0,0.633,0.48320170059062983
2026-03-19 18:38:24.232477665,106950.0,0.633,0.48320170134365426
2026-03-19 18:38:24.316693068,106950.0,0.633,0.48320170195492523
2026-03-19 18:38:24.360168457,106950.0,0.633,0.4832017023591236
2026-03-19 18:38:24.406589508,106950.0,0.633,0.48320170267296036
2026-03-19 18:38:24.450388908,106950.0,0.632,0.4842922151775199
2026-03-19 18:38:24.532958508,106950.0,0.632,0.4842922153593815
2026-03-19 18:38:24.576627016,106950.0,0.632,0.48429221554372415
2026-03-19 18:38:24.620656967,106950.0,0.632,0.4842922155669239
2026-03-19 18:38:24.706764460,106950.0,0.632,0.4842922155490531
2026-03-19 18:38:24.749907970,106950.0,0.632,0.4842922154939258
2026-03-19 18:38:24.792280436,106950.0,0.633,0.4832017029983449
2026-03-19 18:38:24.877037764,106950.0,0.633,0.48320170273469626
2026-03-19 18:38:24.920770645,106950.0,0.633,0.48320170223747044
2026-03-19 18:38:24.963940382,106950.0,0.633,0.4832017015813427
2026-03-19 18:38:25.049264908,106950.0,0.633,0.4832017008006381
2026-03-19 18:38:25.093118906,106950.0,0.632,0.4842922125082556
2026-03-19 18:38:25.136781693,106950.0,0.632,0.4842922113939094
2026-03-19 18:38:25.180427074,106950.0,0.632,0.48429221035281406
2026-03-19 18:38:25.264905930,106950.0,0.632,0.48429220894387864
2026-03-19 18:38:25.309791088,106950.0,0.632,0.4842922078078425
2026-03-19 18:38:25.354081392,106950.0,0.632,0.48429220716242116
2026-03-19 18:38:25.413786650,106950.0,0.632,0.4842922069940695
2026-03-19 18:38:25.481853962,106950.0,0.632,0.4842922074749387
2026-03-19 18:38:25.525127888,106950.0,0.632,0.4842922083187058
2026-03-19 18:38:25.568173170,106950.0,0.632,0.4842922091369968
2026-03-19 18:38:25.653737307,106950.0,0.632,0.48429221007004913
2026-03-19 18:38:25.698488951,106950.0,0.632,0.4842922106992691
2026-03-19 18:38:25.741127491,106950.0,0.632,0.48429221109949
2026-03-19 18:38:25.825768709,106950.0,0.632,0.4842922114561722
2026-03-19 18:38:25.870147705,106950.0,0.632,0.48429221160903374
2026-03-19 18:38:25.913659096,106950.0,0.632,0.4842922116476137
2026-03-19 18:38:25.997876167,106950.0,0.632,0.48429221156017743
2026-03-19 18:38:26.041740894,106950.0,0.632,0.4842922112545506
2026-03-19 18:38:26.086289406,106950.0,0.632,0.48429221099010894
2026-03-19 18:38:26.129870891,106950.0,0.632,0.4842922103389961
2026-03-19 18:38:26.175602913,106909.99755859376,0.632,0.4798454040683738
2026-03-19 18:38:26.257102728,106909.99755859376,0.632,0.47984540325226893
2026-03-19 18:38:26.302222729,106909.99755859376,0.632,0.4798454023380867
2026-03-19 18:38:26.344481707,106909.99755859376,0.632,0.47984540178422985
2026-03-19 18:38:26.393264055,106909.99755859376,0.632,0.47984540171985063
2026-03-19 18:38:26.475533247,106909.99755859376,0.632,0.4798454019794349
2026-03-19 18:38:26.517564296,106909.99755859376,0.632,0.4798454027490857
2026-03-19 18:38:26.602537394,106909.99755859376,0.632,0.47984540350016225
2026-03-19 18:38:26.645509481,106909.99755859376,0.632,0.47984540419018545
2026-03-19 18:38:26.689202070,106909.99755859376,0.632,0.4798454046953444
2026-03-19 18:38:26.732176065,106909.99755859376,0.631,0.480935917490776
2026-03-19 18:38:26.817356110,106909.99755859376,0.631,0.4809359180187459
2026-03-19 18:38:26.861372709,106909.99755859376,0.631,0.48093591852667766
2026-03-19 18:38:26.905092001,106909.99755859376,0.631,0.48093591890472487
2026-03-19 18:38:26.990049839,106909.99755859376,0.631,0.480935919279166
2026-03-19 18:38:27.034221411,106909.99755859376,0.631,0.4809359195851258
2026-03-19 18:38:27.077356815,106909.99755859376,0.631,0.48093591993402324
2026-03-19 18:38:27.120765924,106909.99755859376,0.631,0.48093592003804897
2026-03-19 18:38:27.206804752,106909.99755859376,0.631,0.48093592022559795
2026-03-19 18:38:27.249600172,106909.99755859376,0.631,0.48093592012902897
2026-03-19 18:38:27.293766737,106909.99755859376,0.631,0.4809359198856662
2026-03-19 18:38:27.359916687,106909.99755859376,0.631,0.4809359196715504
2026-03-19 18:38:27.421667099,106909.99755859376,0.631,0.4809359190215491
2026-03-19 18:38:27.465406895,106909.99755859376,0.631,0.48093591808467634
2026-03-19 18:38:27.550703764,106909.99755859376,0.631,0.48093591695261373
2026-03-19 18:38:27.594711065,106909.99755859376,0.631,0.48093591572922495
2026-03-19 18:38:27.640062332,106909.99755859376,0.631,0.48093591421755616
2026-03-19 18:38:27.683319569,106909.99755859376,0.63,0.4820264256519397
2026-03-19 18:38:27.767506599,106909.99755859376,0.63,0.48202642528019585
2026-03-19 18:38:27.810281754,106909.99755859376,0.63,0.48202642574270504
2026-03-19 18:38:27.854126215,106909.99755859376,0.63,0.48202642673212587
2026-03-19 18:38:27.940886974,106909.99755859376,0.63,0.4820264278036697
2026-03-19 18:38:27.982647181,106909.99755859376,0.63,0.48202642884254765
2026-03-19 18:38:28.026056290,106909.99755859376,0.63,0.4820264294020028
2026-03-19 18:38:28.070004702,106909.99755859376,0.63,0.48202643018406777
2026-03-19 18:38:28.141028166,106959.99755859376,0.63,0.4875845986684937
2026-03-19 18:38:28.199933529,106959.99755859376,0.63,0.48758459922434755
2026-03-19 18:38:28.241647482,106959.99755859376,0.63,0.48758459961548967
2026-03-19 18:38:28.289701939,106959.99755859376,0.63,0.4875846000229623
2026-03-19 18:38:28.372330904,106959.99755859376,0.629,0.48867511255496143
2026-03-19 18:38:28.413719177,106959.99755859376,0.629,0.48867511290630106
2026-03-19 18:38:28.458673954,106959.99755859376,0.629,0.48867511306617506
2026-03-19 18:38:28.543184996,106959.99755859376,0.629,0.4886751132330105
2026-03-19 18:38:28.588063955,106959.99755859376,0.629,0.4886751133367242
2026-03-19 18:38:28.630402565,106959.99755859376,0.629,0.4886751131669191
2026-03-19 18:38:28.675459385,106959.99755859376,0.629,0.48867511305552447
2026-03-19 18:38:28.760435104,106959.99755859376,0.629,0.4886751127563708
2026-03-19 18:38:28.804021120,106959.99755859376,0.629,0.4886751122312179
2026-03-19 18:38:28.846791506,106959.99755859376,0.629,0.4886751116091512
2026-03-19 18:38:28.931781530,106959.99755859376,0.629,0.48867511089781446
2026-03-19 18:38:28.975623608,106959.99755859376,0.629,0.4886751099353312
2026-03-19 18:38:29.018442154,106959.99755859376,0.629,0.4886751090519264
2026-03-19 18:38:29.061816692,106959.99755859376,0.629,0.4886751078563396
2026-03-19 18:38:29.148267269,106959.99755859376,0.629,0.488675106861077
2026-03-19 18:38:29.191269398,106959.99755859376,0.629,0.4886751060511135
2026-03-19 18:38:29.234504461,106959.99755859376,0.629,0.48867510584793056
2026-03-19 18:38:29.319499016,106959.99755859376,0.628,0.4897656184928163
2026-03-19 18:38:29.362617254,106959.99755859376,0.628,0.48976561913808003
2026-03-19 18:38:29.407834291,106959.99755859376,0.628,0.48976561997200135
2026-03-19 18:38:29.491964817,106959.99755859376,0.628,0.4897656207480942
2026-03-19 18:38:29.535871267,106959.99755859376,0.628,0.48976562133687523
2026-03-19 18:38:29.581899881,106959.99755859376,0.628,0.48976562162692966
2026-03-19 18:38:29.627480507,106959.99755859376,0.628,0.48976562187260303
2026-03-19 18:38:29.708157301,106959.99755859376,0.628,0.4897656219664531
2026-03-19 18:38:29.751527071,106959.99755859376,0.628,0.48976562197210505
2026-03-19 18:38:29.796150446,106959.99755859376,0.628,0.489765621826159
2026-03-19 18:38:29.881190300,106959.99755859376,0.628,0.4897656214263526
2026-03-19 18:38:29.923798800,106959.99755859376,0.628,0.4897656209556731
2026-03-19 18:38:29.967166424,106959.99755859376,0.628,0.4897656204632702
2026-03-19 18:38:30.011295557,106959.99755859376,0.628,0.4897656197869127
2026-03-19 18:38:30.097782612,106959.99755859376,0.628,0.48976561900104343
2026-03-19 18:38:30.139723301,106929.99267578124,0.628,0.48643017492003077
2026-03-19 18:38:30.185238600,106929.99267578124,0.628,0.48643017457191823
2026-03-19 18:38:30.269311905,106929.99267578124,0.627,0.4875206869973606
2026-03-19 18:38:30.310935259,106929.99267578124,0.627,0.4875206873132228
2026-03-19 18:38:30.358165979,106929.99267578124,0.627,0.4875206878527733
2026-03-19 18:38:30.399470806,106929.99267578124,0.627,0.4875206883935271
2026-03-19 18:38:30.483458996,106929.99267578124,0.627,0.4875206887140905
2026-03-19 18:38:30.528935909,106929.99267578124,0.627,0.4875206889714259
2026-03-19 18:38:30.572633982,106929.99267578124,0.627,0.48752068916290464
2026-03-19 18:38:30.614938498,106929.99267578124,0.627,0.487520689281037
2026-03-19 18:38:30.700284958,106929.99267578124,0.627,0.4875206893051887
2026-03-19 18:38:30.744151592,106929.99267578124,0.627,0.48752068934835824
2026-03-19 18:38:30.787419558,106929.99267578124,0.627,0.4875206892787867
2026-03-19 18:38:30.873786926,106929.99267578124,0.627,0.4875206891670826
2026-03-19 18:38:30.916704893,106929.99267578124,0.627,0.48752068898412443
2026-03-19 18:38:30.960071564,106929.99267578124,0.627,0.48752068871817617
2026-03-19 18:38:31.003233910,106929.99267578124,0.627,0.48752068834532536
2026-03-19 18:38:31.087919712,106929.99267578124,0.627,0.48752068790260017
2026-03-19 18:38:31.132580519,106929.99267578124,0.627,0.4875206874932995
2026-03-19 18:38:31.217396498,106929.99267578124,0.627,0.4875206869906366
2026-03-19 18:38:31.260193825,106929.99267578124,0.627,0.4875206867158954
2026-03-19 18:38:31.305589199,106929.99267578124,0.627,0.4875206865420917
2026-03-19 18:38:31.348468304,106929.99267578124,0.627,0.487520686663671
2026-03-19 18:38:31.432473183,106929.99267578124,0.627,0.48752068687202005
2026-03-19 18:38:31.475914240,106929.99267578124,0.627,0.48752068720331243
2026-03-19 18:38:31.520397663,106929.99267578124,0.627,0.48752068740387416
2026-03-19 18:38:31.566848516,106929.99267578124,0.63,0.4842491504401934
2026-03-19 18:38:31.647819519,106929.99267578124,0.63,0.48424915040771505
2026-03-19 18:38:31.692621708,106929.99267578124,0.63,0.48424915024635423
2026-03-19 18:38:31.736906767,106929.99267578124,0.63,0.4842491499820066
2026-03-19 18:38:31.821605921,106929.99267578124,0.63,0.4842491497843983
2026-03-19 18:38:31.865854025,106929.99267578124,0.63,0.4842491496787374
2026-03-19 18:38:31.908246517,106929.99267578124,0.633,0.48097761276411616
2026-03-19 18:38:31.951813936,106929.99267578124,0.633,0.4809776129848759
2026-03-19 18:38:32.038775921,106929.99267578124,0.633,0.48097761310710735
2026-03-19 18:38:32.080462933,106929.99267578124,0.633,0.4809776133413577
2026-03-19 18:38:32.125627279,106929.99267578124,0.633,0.48097761359118046
2026-03-19 18:38:32.209509373,106940.00244140624,0.633,0.4820903328823232
2026-03-19 18:38:32.251786709,106940.00244140624,0.633,0.48209033295846426
2026-03-19 18:38:32.295424700,106940.00244140624,0.633,0.4820903331198229
2026-03-19 18:38:32.340341568,106940.00244140624,0.633,0.48209033327178585
2026-03-19 18:38:32.424964905,106940.00244140624,0.633,0.48209033324705497
2026-03-19 18:38:32.468641996,106940.00244140624,0.633,0.4820903331726962
2026-03-19 18:38:32.512302876,106940.00244140624,0.633,0.4820903331459931
2026-03-19 18:38:32.557368517,106940.00244140624,0.636,0.47881879613488226
2026-03-19 18:38:32.640564919,106940.00244140624,0.636,0.47881879595020804
2026-03-19 18:38:32.685122490,106940.00244140624,0.636,0.47881879574940994
2026-03-19 18:38:32.728830576,106940.00244140624,0.636,0.47881879548236894
2026-03-19 18:38:32.813655376,106940.00244140624,0.636,0.47881879521886184
2026-03-19 18:38:32.858699560,106940.00244140624,0.636,0.4788187950666169
2026-03-19 18:38:32.900213242,106940.00244140624,0.639,0.4755472580977386
2026-03-19 18:38:32.985372066,106940.00244140624,0.639,0.47554725814670235
2026-03-19 18:38:33.029025555,106940.00244140624,0.639,0.4755472583262322
2026-03-19 18:38:33.073963642,106940.00244140624,0.639,0.47554725852977303
2026-03-19 18:38:33.158913374,106940.00244140624,0.639,0.4755472585782832
2026-03-19 18:38:33.200989246,106940.00244140624,0.638,0.47663777084952064
2026-03-19 18:38:33.245296955,106940.00244140624,0.638,0.4766377707220064
2026-03-19 18:38:33.288702250,106940.00244140624,0.638,0.476637770564962
2026-03-19 18:38:33.373842955,106940.00244140624,0.638,0.4766377704296089
2026-03-19 18:38:33.416994095,106940.00244140624,0.638,0.4766377703052711
2026-03-19 18:38:33.461580515,106940.00244140624,0.638,0.4766377702724322
2026-03-19 18:38:33.514070987,106940.00244140624,0.638,0.4766377703592093
2026-03-19 18:38:33.588777542,106940.00244140624,0.638,0.4766377703736271
2026-03-19 18:38:33.632501602,106940.00244140624,0.638,0.4766377704591949
2026-03-19 18:38:33.677396297,106940.00244140624,0.638,0.47663777056964846
2026-03-19 18:38:33.761967897,106940.00244140624,0.638,0.4766377705142718
2026-03-19 18:38:33.806941271,106940.00244140624,0.638,0.47663777037272326
2026-03-19 18:38:33.850430489,106940.00244140624,0.638,0.47663777029114623
2026-03-19 18:38:33.933732986,106940.00244140624,0.638,0.47663777008325836
2026-03-19 18:38:33.977718353,106940.00244140624,0.638,0.47663777004299684
2026-03-19 18:38:34.021154165,106940.00244140624,0.638,0.4766377699595118
2026-03-19 18:38:34.107153893,106940.00244140624,0.638,0.47663776989085993
2026-03-19 18:38:34.149313688,106950.0,0.638,0.47774913216928333
2026-03-19 18:38:34.192471504,106950.0,0.639,0.4766586198587295
2026-03-19 18:38:34.236891270,106950.0,0.639,0.4766586197943428
2026-03-19 18:38:34.280005693,106950.0,0.639,0.4766586199149116
2026-03-19 18:38:34.369289160,106950.0,0.639,0.4766586198518341
2026-03-19 18:38:34.410717964,106950.0,0.639,0.47665861982639096
2026-03-19 18:38:34.454106569,106950.0,0.639,0.4766586197747342
2026-03-19 18:38:34.496440887,106950.0,0.639,0.47665861983321883
2026-03-19 18:38:34.583209515,106950.0,0.639,0.4766586197426592
2026-03-19 18:38:34.624849081,106950.0,0.639,0.47665862006537374
2026-03-19 18:38:34.669596434,106950.0,0.639,0.47665861981348284
2026-03-19 18:38:34.754301310,106950.0,0.639,0.47665862015646093
2026-03-19 18:38:34.799819708,106950.0,0.639,0.4766586199043364
2026-03-19 18:38:34.841386080,106950.0,0.639,0.4766586199075657
2026-03-19 18:38:34.926428318,106950.0,0.639,0.4766586199420032
2026-03-19 18:38:34.970339775,106950.0,0.639,0.47665861976928253
2026-03-19 18:38:35.013618231,106950.0,0.639,0.476658619691292
2026-03-19 18:38:35.098958492,106950.0,0.639,0.4766586195616203
2026-03-19 18:38:35.141549587,106950.0,0.639,0.4766586194576308
2026-03-19 18:38:35.185719490,106950.0,0.639,0.47665861974691043
2026-03-19 18:38:35.229271889,106950.0,0.639,0.4766586198160634
2026-03-19 18:38:35.314110518,106950.0,0.639,0.47665861989177644
2026-03-19 18:38:35.360566616,106950.0,0.639,0.4766586198411371
2026-03-19 18:38:35.401835203,106950.0,0.639,0.47665861980176427
2026-03-19 18:38:35.458263636,106950.0,0.639,0.47665861971844425
2026-03-19 18:38:35.530476809,106950.0,0.639,0.47665861951991423
2026-03-19 18:38:35.573893070,106950.0,0.639,0.4766586195469143
2026-03-19 18:38:35.617217541,106950.0,0.639,0.4766586195677147
2026-03-19 18:38:35.703063011,106950.0,0.639,0.476658619594305
2026-03-19 18:38:35.747251511,106950.0,0.639,0.4766586196514985
2026-03-19 18:38:35.789169788,106950.0,0.639,0.4766586197199549
2026-03-19 18:38:35.874958992,106950.0,0.639,0.47665861980278185
2026-03-19 18:38:35.920877934,106950.0,0.639,0.47665861961112493
2026-03-19 18:38:35.961850166,106950.0,0.639,0.4766586195957616
2026-03-19 18:38:36.048318624,106950.0,0.639,0.47665861946734983
2026-03-19 18:38:36.090788603,106950.0,0.639,0.4766586193609941
2026-03-19 18:38:36.135216951,106950.0,0.639,0.4766586193079419
2026-03-19 18:38:36.178031921,106919.9951171875,0.639,0.4733231758193496
2026-03-19 18:38:36.221648455,106919.9951171875,0.639,0.4733231758724015
2026-03-19 18:38:36.306249619,106919.9951171875,0.639,0.4733231758484331
2026-03-19 18:38:36.351114035,106919.9951171875,0.639,0.47332317584706035
2026-03-19 18:38:36.393625498,106919.9951171875,0.639,0.47332317575700106
2026-03-19 18:38:36.478383064,106919.9951171875,0.639,0.47332317574633204
2026-03-19 18:38:36.522611618,106919.9951171875,0.639,0.47332317566474924
2026-03-19 18:38:36.566300154,106919.9951171875,0.639,0.4733231756222707
2026-03-19 18:38:36.651507139,106919.9951171875,0.639,0.47332317558599174
2026-03-19 18:38:36.694543123,106919.9951171875,0.639,0.4733231756743524
2026-03-19 18:38:36.738852739,106919.9951171875,0.639,0.47332317566223386
2026-03-19 18:38:36.781439066,106919.9951171875,0.639,0.4733231756325414
2026-03-19 18:38:36.867729187,106919.9951171875,0.639,0.47332317564209414
2026-03-19 18:38:36.911191702,106919.9951171875,0.639,0.4733231755950046
2026-03-19 18:38:36.958348036,106919.9951171875,0.639,0.47332317562328174
2026-03-19 18:38:37.040260553,106919.9951171875,0.639,0.4733231756753645
2026-03-19 18:38:37.082940102,106919.9951171875,0.639,0.47332317563125176
2026-03-19 18:38:37.126688956,106919.9951171875,0.639,0.4733231756628563
2026-03-19 18:38:37.170699596,106919.9951171875,0.639,0.47332317561096726
2026-03-19 18:38:37.258944035,106919.9951171875,0.639,0.47332317553629005
2026-03-19 18:38:37.299533129,106919.9951171875,0.639,0.47332317541879604
2026-03-19 18:38:37.343136311,106919.9951171875,0.639,0.47332317549643305
2026-03-19 18:38:37.427805185,106919.9951171875,0.639,0.47332317555464914
2026-03-19 18:38:37.471225023,106919.9951171875,0.639,0.4733231755170861
2026-03-19 18:38:37.514597654,106919.9951171875,0.639,0.4733231753945664
2026-03-19 18:38:37.600216627,106919.9951171875,0.639,0.4733231751881313
2026-03-19 18:38:37.644481182,106919.9951171875,0.639,0.47332317503332694
2026-03-19 18:38:37.689553976,106919.9951171875,0.639,0.4733231749206009
2026-03-19 18:38:37.733897924,106919.9951171875,0.646,0.46568958864163246
2026-03-19 18:38:37.816259384,106919.9951171875,0.646,0.4656895886701061
2026-03-19 18:38:37.860357761,106919.9951171875,0.646,0.4656895888003345
2026-03-19 18:38:37.906535625,106919.9951171875,0.646,0.4656895889227754
2026-03-19 18:38:37.988747358,106919.9951171875,0.646,0.46568958906165486
2026-03-19 18:38:38.032923698,106919.9951171875,0.646,0.465689589032533
2026-03-19 18:38:38.075872898,106919.9951171875,0.644,0.4678706135683109
2026-03-19 18:38:38.120046616,106919.9951171875,0.644,0.46787061338937863
2026-03-19 18:38:38.163714886,106909.99755859376,0.644,0.4667592510018882
2026-03-19 18:38:38.248577833,106909.99755859376,0.644,0.4667592509177649
2026-03-19 18:38:38.292145967,106909.99755859376,0.644,0.4667592509959251
2026-03-19 18:38:38.336177111,106909.99755859376,0.644,0.4667592510999381
2026-03-19 18:38:38.419349432,106909.99755859376,0.642,0.46894027588854265
2026-03-19 18:38:38.464123964,106909.99755859376,0.642,0.4689402759853049
2026-03-19 18:38:38.507613897,106909.99755859376,0.642,0.46894027594687726
2026-03-19 18:38:38.591926336,106909.99755859376,0.642,0.4689402758928387
2026-03-19 18:38:38.636091948,106909.99755859376,0.642,0.46894027579735786
2026-03-19 18:38:38.679672480,106909.99755859376,0.642,0.4689402757046558
2026-03-19 18:38:38.722797632,106909.99755859376,0.642,0.4689402757324994
2026-03-19 18:38:38.808139563,106909.99755859376,0.642,0.4689402757749814
2026-03-19 18:38:38.850727558,106909.99755859376,0.642,0.46894027591060966
2026-03-19 18:38:38.895149231,106909.99755859376,0.642,0.4689402761271306
2026-03-19 18:38:38.980103493,106909.99755859376,0.642,0.46894027621529205
2026-03-19 18:38:39.024662018,106909.99755859376,0.639,0.47221181321260736
2026-03-19 18:38:39.067231894,106909.99755859376,0.639,0.4722118132692416
2026-03-19 18:38:39.111275673,106909.99755859376,0.639,0.47221181318167627
2026-03-19 18:38:39.197666883,106909.99755859376,0.639,0.4722118131436762
2026-03-19 18:38:39.241634846,106909.99755859376,0.639,0.47221181312597127
2026-03-19 18:38:39.283267260,106909.99755859376,0.639,0.4722118131213314
2026-03-19 18:38:39.368377924,106909.99755859376,0.643,0.46784976386266286
2026-03-19 18:38:39.412461996,106909.99755859376,0.643,0.46784976376746024
2026-03-19 18:38:39.458657980,106909.99755859376,0.643,0.46784976363884684
2026-03-19 18:38:39.540890694,106909.99755859376,0.643,0.4678497636583373
2026-03-19 18:38:39.584542513,106909.99755859376,0.643,0.46784976350617397
2026-03-19 18:38:39.629369259,106909.99755859376,0.643,0.4678497634318828
2026-03-19 18:38:39.673633814,106909.99755859376,0.643,0.4678497634155839
2026-03-19 18:38:39.756970406,106909.99755859376,0.643,0.4678497633902475
2026-03-19 18:38:39.799540281,106909.99755859376,0.643,0.4678497633132183
2026-03-19 18:38:39.844523430,106909.99755859376,0.643,0.46784976330565486
2026-03-19 18:38:39.929379702,106909.99755859376,0.643,0.46784976327505945
2026-03-19 18:38:39.972283602,106909.99755859376,0.643,0.46784976315435833
2026-03-19 18:38:40.015754700,106909.99755859376,0.643,0.4678497630838328
2026-03-19 18:38:40.059206247,106909.99755859376,0.643,0.4678497629862883
2026-03-19 18:38:40.144326210,106890.00244140624,0.643,0.4656270385921196
2026-03-19 18:38:40.188489914,106890.00244140624,0.643,0.46562703867466204
2026-03-19 18:38:40.232707977,106890.00244140624,0.643,0.4656270387090844
2026-03-19 18:38:40.313356638,106890.00244140624,0.642,0.46671755104980744
2026-03-19 18:38:40.360299110,106890.00244140624,0.642,0.46671755117799946
2026-03-19 18:38:40.405608416,106890.00244140624,0.642,0.4667175512013104
2026-03-19 18:38:40.447548389,106890.00244140624,0.642,0.46671755126246023
2026-03-19 18:38:40.533179045,106890.00244140624,0.642,0.4667175513931425
2026-03-19 18:38:40.576679707,106890.00244140624,0.642,0.4667175514396208
2026-03-19 18:38:40.620007038,106890.00244140624,0.642,0.46671755151110356
2026-03-19 18:38:40.663594007,106890.00244140624,0.642,0.46671755157406797
2026-03-19 18:38:40.749766350,106890.00244140624,0.642,0.4667175515075546
2026-03-19 18:38:40.794409037,106890.00244140624,0.642,0.4667175515999455
2026-03-19 18:38:40.836463928,106890.00244140624,0.642,0.46671755160315836
2026-03-19 18:38:40.921006918,106890.00244140624,0.642,0.46671755157451583
2026-03-19 18:38:40.965127230,106890.00244140624,0.642,0.4667175516198604
2026-03-19 18:38:41.008656979,106890.00244140624,0.641,0.46780806386242835
2026-03-19 18:38:41.093364239,106890.00244140624,0.641,0.46780806372675826
2026-03-19 18:38:41.137061596,106890.00244140624,0.641,0.467808063706633
2026-03-19 18:38:41.181098700,106890.00244140624,0.641,0.46780806364825495
2026-03-19 18:38:41.266181707,106890.00244140624,0.641,0.4678080635297808
2026-03-19 18:38:41.308686972,106890.00244140624,0.64,0.4688985759196931
2026-03-19 18:38:41.354609013,106890.00244140624,0.64,0.4688985757813346
2026-03-19 18:38:41.397994518,106890.00244140624,0.64,0.4688985756530828
2026-03-19 18:38:41.481566429,106890.00244140624,0.64,0.46889857585952494
2026-03-19 18:38:41.527227640,106890.00244140624,0.64,0.468898575527248
2026-03-19 18:38:41.572885275,106890.00244140624,0.64,0.46889857572085647
2026-03-19 18:38:41.613680840,106890.00244140624,0.64,0.4688985758379895
2026-03-19 18:38:41.697012186,106890.00244140624,0.64,0.4688985755390654
2026-03-19 18:38:41.746135950,106890.00244140624,0.64,0.4688985756735731
2026-03-19 18:38:41.786516905,106890.00244140624,0.64,0.4688985756098123
2026-03-19 18:38:41.869709492,106890.00244140624,0.64,0.4688985754539563
2026-03-19 18:38:41.914608479,106890.00244140624,0.64,0.46889857572566784
2026-03-19 18:38:41.958430052,106890.00244140624,0.639,0.46998908793524913
2026-03-19 18:38:42.001218557,106890.00244140624,0.639,0.4699890878860764
2026-03-19 18:38:42.086221933,106890.00244140624,0.639,0.4699890880912242
2026-03-19 18:38:42.129954575,106890.00244140624,0.639,0.46998908800012285
2026-03-19 18:38:42.173521280,106959.99755859376,0.639,0.47776998031860896
2026-03-19 18:38:42.258537768,106959.99755859376,0.639,0.47776998042272034
2026-03-19 18:38:42.301517248,106959.99755859376,0.639,0.47776998043530006
2026-03-19 18:38:42.345460415,106959.99755859376,0.639,0.4777699804725258
2026-03-19 18:38:42.388609648,106959.99755859376,0.639,0.4777699805695518
2026-03-19 18:38:42.473268509,106959.99755859376,0.639,0.47776998063954496
2026-03-19 18:38:42.517780781,106959.99755859376,0.639,0.4777699805353571
2026-03-19 18:38:42.564241886,106959.99755859376,0.639,0.4777699806587241
2026-03-19 18:38:42.606559992,106959.99755859376,0.639,0.47776998072412236
2026-03-19 18:38:42.689965487,106959.99755859376,0.639,0.47776998069546195
2026-03-19 18:38:42.733493090,106959.99755859376,0.639,0.47776998092253675
2026-03-19 18:38:42.778194427,106959.99755859376,0.639,0.4777699809746891
2026-03-19 18:38:42.862794399,106959.99755859376,0.639,0.477769980978335
2026-03-19 18:38:42.908935547,106959.99755859376,0.639,0.4777699810537567
2026-03-19 18:38:42.950992584,106959.99755859376,0.638,0.47886049327262126
2026-03-19 18:38:43.034634829,106959.99755859376,0.638,0.4788604931770814
2026-03-19 18:38:43.077864885,106959.99755859376,0.638,0.4788604932018916
2026-03-19 18:38:43.121750832,106959.99755859376,0.638,0.4788604931148633
2026-03-19 18:38:43.206903696,106959.99755859376,0.638,0.4788604930147956
2026-03-19 18:38:43.251691818,106959.99755859376,0.643,0.4734079315050587
2026-03-19 18:38:43.295277119,106959.99755859376,0.643,0.4734079314533023
2026-03-19 18:38:43.337715387,106959.99755859376,0.643,0.4734079314122927
2026-03-19 18:38:43.422336340,106959.99755859376,0.643,0.47340793149871646
2026-03-19 18:38:43.465773106,106959.99755859376,0.643,0.47340793141325593
2026-03-19 18:38:43.510177134,106959.99755859376,0.643,0.4734079313760959
2026-03-19 18:38:43.566812992,106959.99755859376,0.642,0.4744984437430776
2026-03-19 18:38:43.637885809,106959.99755859376,0.642,0.4744984436675671
2026-03-19 18:38:43.682929993,106959.99755859376,0.642,0.47449844365806976
2026-03-19 18:38:43.726296425,106959.99755859376,0.642,0.4744984437969111
2026-03-19 18:38:43.811718702,106959.99755859376,0.642,0.47449844372411143
2026-03-19 18:38:43.857134104,106959.99755859376,0.642,0.4744984437035277
2026-03-19 18:38:43.898536444,106959.99755859376,0.641,0.47558895600456275
2026-03-19 18:38:43.983092308,106959.99755859376,0.641,0.4755889559242883
2026-03-19 18:38:44.026812077,106959.99755859376,0.641,0.47558895584542804
2026-03-19 18:38:44.071091652,106959.99755859376,0.641,0.4755889559139754
2026-03-19 18:38:44.139240503,106950.0,0.641,0.47447759376665233
2026-03-19 18:38:44.199477196,106950.0,0.641,0.474477593801875
2026-03-19 18:38:44.242453575,106950.0,0.635,0.4810206677508261
2026-03-19 18:38:44.286674738,106950.0,0.635,0.4810206677592843
2026-03-19 18:38:44.331809998,106950.0,0.635,0.48102066779538843
2026-03-19 18:38:44.414294720,106950.0,0.635,0.48102066796153325
2026-03-19 18:38:44.458786011,106950.0,0.635,0.4810206680019995
2026-03-19 18:38:44.502145052,106950.0,0.635,0.48102066805221005
2026-03-19 18:38:44.548505545,106950.0,0.634,0.482111180428434
2026-03-19 18:38:44.631647825,106950.0,0.634,0.4821111803973278
2026-03-19 18:38:44.674733639,106950.0,0.634,0.48211118047687673
2026-03-19 18:38:44.758931398,106950.0,0.634,0.4821111804742368
2026-03-19 18:38:44.803984642,106950.0,0.634,0.4821111805591383
2026-03-19 18:38:44.847878218,106950.0,0.634,0.4821111807500066
2026-03-19 18:38:44.890570641,106950.0,0.633,0.48320169301036575
2026-03-19 18:38:44.975619555,106950.0,0.633,0.4832016930788619
2026-03-19 18:38:45.019001245,106950.0,0.633,0.48320169309605404
2026-03-19 18:38:45.062707901,106950.0,0.633,0.48320169304435645
2026-03-19 18:38:45.148499250,106950.0,0.633,0.48320169313907724
2026-03-19 18:38:45.191387892,106950.0,0.633,0.4832016930393531
2026-03-19 18:38:45.235122204,106950.0,0.633,0.48320169298087984
2026-03-19 18:38:45.278657675,106950.0,0.633,0.4832016929942847
2026-03-19 18:38:45.363530636,106950.0,0.633,0.48320169280257236
2026-03-19 18:38:45.408016443,106950.0,0.633,0.48320169290798914
2026-03-19 18:38:45.451965094,106950.0,0.633,0.4832016929263427
2026-03-19 18:38:45.503430367,106950.0,0.632,0.4842922051243915
2026-03-19 18:38:45.579739094,106950.0,0.632,0.48429220519217075
2026-03-19 18:38:45.623021841,106950.0,0.632,0.48429220509510273
2026-03-19 18:38:45.666478157,106950.0,0.632,0.48429220505777165
2026-03-19 18:38:45.752037048,106950.0,0.632,0.4842922051338485
2026-03-19 18:38:45.795700073,106950.0,0.632,0.48429220511209353
2026-03-19 18:38:45.840465546,106950.0,0.627,0.4897447667462688
2026-03-19 18:38:45.924437523,106950.0,0.627,0.4897447667807993
2026-03-19 18:38:45.967111826,106950.0,0.627,0.4897447667763226
2026-03-19 18:38:46.010905504,106950.0,0.627,0.4897447668179437
2026-03-19 18:38:46.100067377,106950.0,0.627,0.4897447669164628
2026-03-19 18:38:46.139679670,106929.99267578124,0.627,0.48752068552265065
2026-03-19 18:38:46.182379484,106929.99267578124,0.626,0.4886111978670853
2026-03-19 18:38:46.227652311,106929.99267578124,0.626,0.4886111979599399
2026-03-19 18:38:46.270957708,106929.99267578124,0.626,0.48861119798476527
2026-03-19 18:38:46.358222485,106929.99267578124,0.626,0.48861119809684184
2026-03-19 18:38:46.400266409,106929.99267578124,0.626,0.4886111982060158
2026-03-19 18:38:46.443091393,106929.99267578124,0.626,0.48861119823606763
2026-03-19 18:38:46.527803421,106929.99267578124,0.626,0.48861119828980626
2026-03-19 18:38:46.572031021,106929.99267578124,0.626,0.4886111983106403
2026-03-19 18:38:46.614896297,106929.99267578124,0.626,0.48861119835260314
2026-03-19 18:38:46.700039625,106929.99267578124,0.626,0.4886111983841476
2026-03-19 18:38:46.744826317,106929.99267578124,0.626,0.4886111985022823
2026-03-19 18:38:46.787735701,106929.99267578124,0.626,0.4886111985475491
2026-03-19 18:38:46.831986189,106929.99267578124,0.625,0.4897017109232915
2026-03-19 18:38:46.916443825,106929.99267578124,0.625,0.48970171095053744
2026-03-19 18:38:46.959914923,106929.99267578124,0.625,0.4897017108943654
2026-03-19 18:38:47.004246950,106929.99267578124,0.625,0.4897017108812286
2026-03-19 18:38:47.089061499,106929.99267578124,0.625,0.48970171084805364
2026-03-19 18:38:47.133098364,106929.99267578124,0.625,0.4897017109109955
2026-03-19 18:38:47.176280499,106929.99267578124,0.625,0.4897017109602126
2026-03-19 18:38:47.219543219,106929.99267578124,0.625,0.4897017109392626
2026-03-19 18:38:47.304614782,106929.99267578124,0.625,0.4897017110284484
2026-03-19 18:38:47.348457575,106929.99267578124,0.625,0.4897017110468895
2026-03-19 18:38:47.391515493,106929.99267578124,0.625,0.4897017111397564
2026-03-19 18:38:47.476758242,106929.99267578124,0.624,0.4907922234596975
2026-03-19 18:38:47.521296740,106929.99267578124,0.624,0.49079222348704915
2026-03-19 18:38:47.565685272,106929.99267578124,0.624,0.4907922234760213
2026-03-19 18:38:47.648833752,106929.99267578124,0.624,0.49079222345652784
2026-03-19 18:38:47.692763090,106929.99267578124,0.624,0.4907922189425233
2026-03-19 18:38:47.736630440,106929.99267578124,0.624,0.49079221894516906
2026-03-19 18:38:47.780752182,106929.99267578124,0.624,0.49079221896537023
2026-03-19 18:38:47.865052223,106929.99267578124,0.624,0.4907922189289548
2026-03-19 18:38:47.908431768,106929.99267578124,0.624,0.4907922189116209
2026-03-19 18:38:47.952711105,106929.99267578124,0.624,0.4907922189232413
2026-03-19 18:38:48.038190842,106929.99267578124,0.624,0.49079221890821556
2026-03-19 18:38:48.080852509,106929.99267578124,0.624,0.4907922189395707
2026-03-19 18:38:48.125415087,106929.99267578124,0.624,0.49079221898521164
2026-03-19 18:38:48.168083906,106950.0,0.624,0.49301630026787374
2026-03-19 18:38:48.213799238,106950.0,0.624,0.49301630029262566
2026-03-19 18:38:48.299626350,106950.0,0.624,0.49301630035281657
2026-03-19 18:38:48.341013908,106950.0,0.624,0.49301630035163857
2026-03-19 18:38:48.423721790,106950.0,0.624,0.4930163003628351
2026-03-19 18:38:48.468649626,106950.0,0.624,0.4930163003374427
2026-03-19 18:38:48.511821985,106950.0,0.624,0.49301630029778876
2026-03-19 18:38:48.556924820,106950.0,0.624,0.49301630035412036
2026-03-19 18:38:48.641357422,106950.0,0.624,0.493016300346705
2026-03-19 18:38:48.684793711,106950.0,0.624,0.4930163004453363
2026-03-19 18:38:48.728661776,106950.0,0.624,0.4930163003034855
2026-03-19 18:38:48.772177696,106950.0,0.623,0.49410681280587393
2026-03-19 18:38:48.857100248,106950.0,0.623,0.49410681244740495
2026-03-19 18:38:48.901590586,106950.0,0.623,0.49410681271284745
2026-03-19 18:38:48.946830988,106950.0,0.623,0.49410681267405215
2026-03-19 18:38:49.028798342,106950.0,0.623,0.49410681263152717
2026-03-19 18:38:49.074287653,106950.0,0.623,0.49410681292879083
2026-03-19 18:38:49.117202044,106950.0,0.623,0.49410681283701763
2026-03-19 18:38:49.160485506,106950.0,0.623,0.49410681262001394
2026-03-19 18:38:49.244943380,106950.0,0.623,0.49410681277269114
2026-03-19 18:38:49.289462090,106950.0,0.623,0.4941068125839843
2026-03-19 18:38:49.332586288,106950.0,0.623,0.4941068124567836
2026-03-19 18:38:49.417194366,106950.0,0.623,0.4941068126729856
2026-03-19 18:38:49.460967064,106950.0,0.623,0.49410681255654504
2026-03-19 18:38:49.506750107,106950.0,0.623,0.49410681261389083
2026-03-19 18:38:49.589870691,106950.0,0.623,0.4941068128232637
2026-03-19 18:38:49.633428812,106950.0,0.623,0.494106812617336
2026-03-19 18:38:49.677892208,106950.0,0.623,0.4941068127062613
2026-03-19 18:38:49.720955610,106950.0,0.619,0.4984688620098606
2026-03-19 18:38:49.806807041,106950.0,0.619,0.4984688616541579
2026-03-19 18:38:49.849607706,106950.0,0.619,0.4984688618170537
2026-03-19 18:38:49.893617153,106950.0,0.619,0.49846886177726346
2026-03-19 18:38:49.978342056,106950.0,0.619,0.4984688618178411
2026-03-19 18:38:50.021675110,106950.0,0.619,0.4984688620994685
2026-03-19 18:38:50.067814827,106950.0,0.625,0.4919257880190906
2026-03-19 18:38:50.109014034,106950.0,0.625,0.4919257881216937
2026-03-19 18:38:50.194641113,106950.0,0.625,0.49192578816114024
2026-03-19 18:38:50.237860441,106950.0,0.625,0.4919257879741757
2026-03-19 18:38:50.282771826,106950.0,0.625,0.4919257877905914
2026-03-19 18:38:50.366559267,106950.0,0.625,0.49192578774599294
2026-03-19 18:38:50.410279512,106950.0,0.625,0.4919257876287326
2026-03-19 18:38:50.456250906,106950.0,0.625,0.49192578751742294
2026-03-19 18:38:50.539420843,106950.0,0.625,0.4919257877283419
2026-03-19 18:38:50.581968307,106950.0,0.625,0.4919257877930604
2026-03-19 18:38:50.625644445,106950.0,0.625,0.49192578766792944
2026-03-19 18:38:50.694126606,106950.0,0.626,0.49083527542803984
2026-03-19 18:38:50.755232573,106950.0,0.626,0.4908352752219921
2026-03-19 18:38:50.798687696,106950.0,0.626,0.4908352751519519
2026-03-19 18:38:50.841979265,106950.0,0.626,0.49083527515190045
2026-03-19 18:38:50.926911592,106950.0,0.626,0.4908352750142731
2026-03-19 18:38:50.971605062,106950.0,0.626,0.4908352752053286
2026-03-19 18:38:51.018355131,106950.0,0.626,0.49083527508290464
2026-03-19 18:38:51.058224916,106950.0,0.626,0.4908352750987678
2026-03-19 18:38:51.143035173,106950.0,0.626,0.49083527532546123
2026-03-19 18:38:51.186722517,106950.0,0.626,0.4908352752271063
2026-03-19 18:38:51.230855703,106950.0,0.626,0.49083527532396987
2026-03-19 18:38:51.315891504,106950.0,0.626,0.4908352753285189
2026-03-19 18:38:51.359493971,106950.0,0.626,0.49083527526765336
2026-03-19 18:38:51.402182341,106950.0,0.626,0.49083527537472255
2026-03-19 18:38:51.487808943,106950.0,0.626,0.490835275419867
2026-03-19 18:38:51.532695770,106950.0,0.626,0.4908352754364891
2026-03-19 18:38:51.575372458,106950.0,0.626,0.4908352756156991
2026-03-19 18:38:51.661789179,106950.0,0.626,0.4908352756812519
2026-03-19 18:38:51.704243422,106950.0,0.626,0.490835275662697
2026-03-19 18:38:51.749002457,106950.0,0.626,0.4908352756520063
2026-03-19 18:38:51.792665243,106950.0,0.626,0.4908352756412995
2026-03-19 18:38:51.875968456,106950.0,0.626,0.49083527564091317
2026-03-19 18:38:51.920612097,106950.0,0.626,0.4908352756141317
2026-03-19 18:38:51.963110924,106950.0,0.626,0.49083527557994133
2026-03-19 18:38:52.007246971,106950.0,0.626,0.4908352755388419
2026-03-19 18:38:52.092495441,106950.0,0.626,0.49083527556040313
2026-03-19 18:38:52.136650562,106950.0,0.626,0.4908352755525922
2026-03-19 18:38:52.179212093,106929.99267578124,0.626,0.48861119421111104
2026-03-19 18:38:52.264175415,106929.99267578124,0.626,0.48861119413934295
2026-03-19 18:38:52.308909893,106929.99267578124,0.626,0.48861119414990717
2026-03-19 18:38:52.351274967,106929.99267578124,0.626,0.48861119419176424
2026-03-19 18:38:52.394490719,106929.99267578124,0.626,0.4886111941984672
2026-03-19 18:38:52.479253292,106929.99267578124,0.626,0.4886111942687895
2026-03-19 18:38:52.524297714,106929.99267578124,0.626,0.48861119430852457
2026-03-19 18:38:52.567240715,106929.99267578124,0.626,0.48861119428473665
2026-03-19 18:38:52.631497383,106929.99267578124,0.627,0.48752068200820975
2026-03-19 18:38:52.695004702,106929.99267578124,0.627,0.48752068203344556
2026-03-19 18:38:52.740354300,106929.99267578124,0.627,0.4875206820976439
2026-03-19 18:38:52.783299685,106929.99267578124,0.627,0.48752068217399813
2026-03-19 18:38:52.868098497,106929.99267578124,0.627,0.4875206822112067
2026-03-19 18:38:52.912110329,106929.99267578124,0.627,0.4875206823395133
2026-03-19 18:38:52.957158089,106929.99267578124,0.627,0.4875206824012074
2026-03-19 18:38:53.040407419,106929.99267578124,0.627,0.48752068246978625
2026-03-19 18:38:53.084817171,106929.99267578124,0.627,0.48752068247672425
2026-03-19 18:38:53.127928972,106929.99267578124,0.627,0.4875206824576819
2026-03-19 18:38:53.214548349,106929.99267578124,0.627,0.4875206824080841
2026-03-19 18:38:53.258394002,106929.99267578124,0.627,0.4875206823708822
2026-03-19 18:38:53.300475359,106929.99267578124,0.627,0.48752068233924123
2026-03-19 18:38:53.343370438,106929.99267578124,0.627,0.4875206823367054
2026-03-19 18:38:53.427977085,106929.99267578124,0.627,0.4875206823088407
2026-03-19 18:38:53.472291231,106929.99267578124,0.627,0.4875206823521864
2026-03-19 18:38:53.515670776,106929.99267578124,0.627,0.48752068242348506
2026-03-19 18:38:53.600843430,106929.99267578124,0.627,0.4875206824397109
2026-03-19 18:38:53.644142866,106929.99267578124,0.628,0.48643017014183887
2026-03-19 18:38:53.687913895,106929.99267578124,0.628,0.4864301708619876
2026-03-19 18:38:53.733127356,106929.99267578124,0.628,0.48643017085216544
2026-03-19 18:38:53.816379547,106929.99267578124,0.628,0.4864301708745171
2026-03-19 18:38:53.862911940,106929.99267578124,0.628,0.4864301708179928
2026-03-19 18:38:53.906000376,106929.99267578124,0.628,0.48643017088710994
2026-03-19 18:38:53.946782112,106929.99267578124,0.628,0.4864301708475444
2026-03-19 18:38:54.033452510,106929.99267578124,0.628,0.4864301708600706
2026-03-19 18:38:54.078454971,106929.99267578124,0.628,0.48643017086293744
2026-03-19 18:38:54.161746025,106929.99267578124,0.628,0.4864301708280634
2026-03-19 18:38:54.208124638,106929.99267578124,0.628,0.48643017080966244
2026-03-19 18:38:54.251978874,106929.99267578124,0.628,0.4864301707293397
2026-03-19 18:38:54.291686296,106929.99267578124,0.628,0.48643017069445293
2026-03-19 18:38:54.377357006,106929.99267578124,0.628,0.48643017074907663
2026-03-19 18:38:54.420396090,106929.99267578124,0.628,0.48643017067354
2026-03-19 18:38:54.464448214,106929.99267578124,0.628,0.4864301706854244
2026-03-19 18:38:54.549554825,106929.99267578124,0.628,0.48643017066510574
2026-03-19 18:38:54.592745304,106929.99267578124,0.628,0.48643017064916355
2026-03-19 18:38:54.640448093,106929.99267578124,0.628,0.48643017065970146
2026-03-19 18:38:54.680923700,106929.99267578124,0.628,0.4864301706272384
2026-03-19 18:38:54.764919519,106929.99267578124,0.628,0.4864301706403106
2026-03-19 18:38:54.809746027,106929.99267578124,0.628,0.48643017064586186
2026-03-19 18:38:54.854857683,106929.99267578124,0.628,0.48643017067466404
2026-03-19 18:38:54.903627157,106929.99267578124,0.628,0.4864301707571667
2026-03-19 18:38:54.981390238,106929.99267578124,0.628,0.4864301708224387
2026-03-19 18:38:55.026738882,106929.99267578124,0.628,0.4864301708740286
2026-03-19 18:38:55.071103573,106929.99267578124,0.628,0.4864301709582556
2026-03-19 18:38:55.158992290,106929.99267578124,0.628,0.48643017097121094
2026-03-19 18:38:55.202228308,106929.99267578124,0.628,0.4864301711003674
2026-03-19 18:38:55.242950201,106929.99267578124,0.628,0.48643017117243204
2026-03-19 18:38:55.326397896,106929.99267578124,0.628,0.4864301712150397
2026-03-19 18:38:55.370058060,106929.99267578124,0.628,0.48643017130862903
2026-03-19 18:38:55.414622307,106929.99267578124,0.628,0.48643017137667116
2026-03-19 18:38:55.498483896,106929.99267578124,0.628,0.4864301713736873
2026-03-19 18:38:55.541934490,106929.99267578124,0.628,0.4864301714352315
2026-03-19 18:38:55.585560083,106929.99267578124,0.628,0.4864301713883129
2026-03-19 18:38:55.630679369,106929.99267578124,0.628,0.4864301712784315
2026-03-19 18:38:55.714295149,106929.99267578124,0.628,0.4864301712069959
2026-03-19 18:38:55.758831263,106929.99267578124,0.628,0.48643017116165266
2026-03-19 18:38:55.803711891,106929.99267578124,0.628,0.48643017111881465
2026-03-19 18:38:55.871894598,106929.99267578124,0.629,0.48533965874203816
2026-03-19 18:38:55.930462360,106929.99267578124,0.629,0.4853396586761433
2026-03-19 18:38:55.974749088,106929.99267578124,0.629,0.4853396585897089
2026-03-19 18:38:56.018376827,106929.99267578124,0.629,0.48533965857782757
2026-03-19 18:38:56.103101015,106929.99267578124,0.629,0.48533965860819733
2026-03-19 18:38:56.146831274,106890.00244140624,0.629,0.4808942098695751
2026-03-19 18:38:56.189579487,106890.00244140624,0.629,0.48089420996716015
2026-03-19 18:38:56.234729290,106890.00244140624,0.628,0.48198472233016015
2026-03-19 18:38:56.318432808,106890.00244140624,0.628,0.4819847223585024
2026-03-19 18:38:56.362370491,106890.00244140624,0.628,0.48198472237657136
2026-03-19 18:38:56.408974171,106890.00244140624,0.628,0.481984722385597
2026-03-19 18:38:56.490625381,106890.00244140624,0.628,0.48198472242879187
2026-03-19 18:38:56.533367157,106890.00244140624,0.624,0.4863467717154726
2026-03-19 18:38:56.578663588,106890.00244140624,0.624,0.48634677167571844
2026-03-19 18:38:56.621924162,106890.00244140624,0.624,0.4863467717322807
2026-03-19 18:38:56.707484722,106890.00244140624,0.624,0.48634677180093777
2026-03-19 18:38:56.750449896,106890.00244140624,0.624,0.48634677183784975
2026-03-19 18:38:56.794607162,106890.00244140624,0.624,0.486346771875555
2026-03-19 18:38:56.879855156,106890.00244140624,0.624,0.4863467718760395
2026-03-19 18:38:56.922423363,106890.00244140624,0.624,0.48634677182919
2026-03-19 18:38:56.965279102,106890.00244140624,0.624,0.486346771901438
2026-03-19 18:38:57.052443981,106890.00244140624,0.624,0.48634677189904846
2026-03-19 18:38:57.094345808,106890.00244140624,0.624,0.48634677193752607
2026-03-19 18:38:57.138873100,106890.00244140624,0.624,0.48634677192893694
2026-03-19 18:38:57.183385849,106890.00244140624,0.623,0.4874372842066297
2026-03-19 18:38:57.266450405,106890.00244140624,0.623,0.4874372841983701
2026-03-19 18:38:57.310584307,106890.00244140624,0.623,0.4874372842343331
2026-03-19 18:38:57.357924938,106890.00244140624,0.623,0.4874372842644405
2026-03-19 18:38:57.439832211,106890.00244140624,0.623,0.48743728429949207
2026-03-19 18:38:57.483378649,106890.00244140624,0.623,0.4874372843082018
2026-03-19 18:38:57.527450561,106890.00244140624,0.623,0.4874372842873892
2026-03-19 18:38:57.570791960,106890.00244140624,0.623,0.48743728421796545
2026-03-19 18:38:57.656366110,106890.00244140624,0.623,0.48743728421926075
2026-03-19 18:38:57.699363708,106890.00244140624,0.623,0.48743728514712703
2026-03-19 18:38:57.743282557,106890.00244140624,0.623,0.48743728515757484
2026-03-19 18:38:57.828998089,106890.00244140624,0.623,0.48743728520352175
2026-03-19 18:38:57.871182919,106890.00244140624,0.623,0.48743728520943314
2026-03-19 18:38:57.915657520,106890.00244140624,0.623,0.4874372852104049
2026-03-19 18:38:57.999657631,106890.00244140624,0.623,0.48743728516195506
2026-03-19 18:38:58.044796705,106890.00244140624,0.623,0.4874372851538702
2026-03-19 18:38:58.086639881,106890.00244140624,0.623,0.48743728512052753
2026-03-19 18:38:58.139752626,106909.99755859376,0.623,0.4896600094719669
2026-03-19 18:38:58.173526287,106909.99755859376,0.622,0.49075052179742146
2026-03-19 18:38:58.260272980,106909.99755859376,0.622,0.49075052181268436
2026-03-19 18:38:58.303560972,106909.99755859376,0.622,0.49075052183518847
2026-03-19 18:38:58.348504066,106909.99755859376,0.622,0.4907505219116685
2026-03-19 18:38:58.431244373,106909.99755859376,0.622,0.4907505219440937
2026-03-19 18:38:58.474999905,106909.99755859376,0.622,0.4907505219626436
2026-03-19 18:38:58.519393444,106909.99755859376,0.622,0.49075052201071906
2026-03-19 18:38:58.562813997,106909.99755859376,0.622,0.4907505220187136
2026-03-19 18:38:58.647424221,106909.99755859376,0.622,0.4907505220572098
2026-03-19 18:38:58.691414118,106909.99755859376,0.622,0.49075052211010195
2026-03-19 18:38:58.776694059,106909.99755859376,0.622,0.4907505222770125
2026-03-19 18:38:58.819380760,106909.99755859376,0.622,0.49075052235792116
2026-03-19 18:38:58.863367796,106909.99755859376,0.622,0.4907505224861899
2026-03-19 18:38:58.907289028,106909.99755859376,0.622,0.49075052262443675
2026-03-19 18:38:58.992250443,106909.99755859376,0.622,0.49075052269196545
2026-03-19 18:38:59.035987139,106909.99755859376,0.622,0.4907505227304507
2026-03-19 18:38:59.079020977,106909.99755859376,0.622,0.4907505227092018
2026-03-19 18:38:59.123021603,106909.99755859376,0.622,0.4907505227105081
2026-03-19 18:38:59.208251715,106909.99755859376,0.622,0.49075052269612435
2026-03-19 18:38:59.251601934,106909.99755859376,0.622,0.49075052268452984
2026-03-19 18:38:59.294935942,106909.99755859376,0.622,0.490750522666156
2026-03-19 18:38:59.380683661,106909.99755859376,0.622,0.4907505226414256
2026-03-19 18:38:59.424097300,106909.99755859376,0.622,0.49075052254578394
2026-03-19 18:38:59.467478514,106909.99755859376,0.622,0.4907505224644083
2026-03-19 18:38:59.513408899,106909.99755859376,0.622,0.49075052233872896
2026-03-19 18:38:59.596200228,106909.99755859376,0.622,0.49075052223643
2026-03-19 18:38:59.641125917,106909.99755859376,0.622,0.4907505221148235
2026-03-19 18:38:59.684118032,106909.99755859376,0.622,0.49075052204377295
2026-03-19 18:38:59.768578053,106909.99755859376,0.622,0.4907505220048741
2026-03-19 18:38:59.812543631,106909.99755859376,0.622,0.4907505219874695
2026-03-19 18:38:59.859939098,106909.99755859376,0.622,0.4907505220205987
2026-03-19 18:38:59.941783667,106909.99755859376,0.622,0.4907505220115522
2026-03-19 18:38:59.984091520,106909.99755859376,0.622,0.49075052202388364
2026-03-19 18:39:00.028535128,106909.99755859376,0.622,0.49075052205564
2026-03-19 18:39:00.084013224,106909.99755859376,0.622,0.4907505220331593
2026-03-19 18:39:00.139699697,106919.9951171875,0.622,0.491861884233164
2026-03-19 18:39:00.201113701,106919.9951171875,0.622,0.491861884299505
2026-03-19 18:39:00.243762732,106919.9951171875,0.622,0.49186188437270334
2026-03-19 18:39:00.289891958,106919.9951171875,0.622,0.49186188445802004
2026-03-19 18:39:00.372931957,106919.9951171875,0.622,0.49186188456308655
2026-03-19 18:39:00.415642500,106919.9951171875,0.622,0.49186188461627717
2026-03-19 18:39:00.459776163,106919.9951171875,0.622,0.4918618846829256
2026-03-19 18:39:00.544690609,106919.9951171875,0.622,0.4918618846521595
2026-03-19 18:39:00.590016842,106919.9951171875,0.622,0.4918618846486509
2026-03-19 18:39:00.631908894,106919.9951171875,0.622,0.4918618846508648
2026-03-19 18:39:00.717107534,106919.9951171875,0.622,0.4918618847376709
2026-03-19 18:39:00.760444880,106919.9951171875,0.622,0.4918618847598393
2026-03-19 18:39:00.807787418,106919.9951171875,0.622,0.4918618848214776
2026-03-19 18:39:00.848129511,106919.9951171875,0.622,0.4918618848814091
2026-03-19 18:39:00.932690382,106919.9951171875,0.622,0.49186188491881483
2026-03-19 18:39:00.975944519,106919.9951171875,0.622,0.49186188495742617
2026-03-19 18:39:01.020796776,106919.9951171875,0.622,0.49186188497253175
2026-03-19 18:39:01.062948226,106919.9951171875,0.622,0.4918618849442545
2026-03-19 18:39:01.148265362,106919.9951171875,0.622,0.4918618849327101
2026-03-19 18:39:01.192690849,106919.9951171875,0.622,0.4918618849118798
2026-03-19 18:39:01.236316204,106919.9951171875,0.622,0.49186188485610777
2026-03-19 18:39:01.321161985,106919.9951171875,0.622,0.4918618848494632
2026-03-19 18:39:01.365015268,106919.9951171875,0.622,0.49186188481812687
2026-03-19 18:39:01.408261299,106919.9951171875,0.621,0.49295239715971906
2026-03-19 18:39:01.493554831,106919.9951171875,0.621,0.4929523970641394
2026-03-19 18:39:01.536851645,106919.9951171875,0.621,0.4929523970223322
2026-03-19 18:39:01.582360983,106919.9951171875,0.621,0.492952396982384
2026-03-19 18:39:01.665577650,106919.9951171875,0.621,0.49295239688530124
2026-03-19 18:39:01.708865881,106919.9951171875,0.621,0.4929523968274216
2026-03-19 18:39:01.753025532,106919.9951171875,0.621,0.4929523968380216
2026-03-19 18:39:01.797242880,106919.9951171875,0.621,0.49295239683713743
2026-03-19 18:39:01.881549597,106919.9951171875,0.621,0.49295239689125375
2026-03-19 18:39:01.924937010,106919.9951171875,0.621,0.49295239700085963
2026-03-19 18:39:01.969357014,106919.9951171875,0.621,0.492952396995913
2026-03-19 18:39:02.023633718,106919.9951171875,0.621,0.4929523970523116
2026-03-19 18:39:02.096846104,106919.9951171875,0.621,0.4929523970928354
2026-03-19 18:39:02.142828226,106940.00244140624,0.621,0.49517647847795393
2026-03-19 18:39:02.184390306,106940.00244140624,0.621,0.49517647853930064
2026-03-19 18:39:02.228889227,106940.00244140624,0.621,0.4951764785928033
2026-03-19 18:39:02.313229084,106940.00244140624,0.621,0.49517647860219927
2026-03-19 18:39:02.358167887,106940.00244140624,0.621,0.4951764786495465
2026-03-19 18:39:02.400325775,106940.00244140624,0.621,0.4951764786975621
2026-03-19 18:39:02.485161304,106940.00244140624,0.621,0.49517647870959053
2026-03-19 18:39:02.529971361,106940.00244140624,0.621,0.4951764787616227
2026-03-19 18:39:02.573127031,106940.00244140624,0.621,0.4951764787392602
2026-03-19 18:39:02.658591509,106940.00244140624,0.621,0.4951764787136245
2026-03-19 18:39:02.702013969,106940.00244140624,0.621,0.49517647871818193
2026-03-19 18:39:02.745534897,106940.00244140624,0.621,0.4951764786550781
2026-03-19 18:39:02.788828850,106940.00244140624,0.621,0.4951764786814074
2026-03-19 18:39:02.874596119,106940.00244140624,0.621,0.49517647864312053
2026-03-19 18:39:02.917376518,106940.00244140624,0.621,0.4951764786219621
2026-03-19 18:39:02.960828781,106940.00244140624,0.621,0.49517647867538617
2026-03-19 18:39:03.006868362,106940.00244140624,0.621,0.49517647864917025
2026-03-19 18:39:03.090623617,106940.00244140624,0.621,0.49517647866737385
2026-03-19 18:39:03.133731841,106940.00244140624,0.621,0.49517647867703046
2026-03-19 18:39:03.177657366,106940.00244140624,0.621,0.4951764786554998
2026-03-19 18:39:03.262800217,106940.00244140624,0.621,0.4951764786754615
2026-03-19 18:39:03.306392908,106940.00244140624,0.621,0.4951764786483799
2026-03-19 18:39:03.349603415,106940.00244140624,0.621,0.4951764786701321
2026-03-19 18:39:03.434534073,106940.00244140624,0.621,0.4951764786915499
2026-03-19 18:39:03.478412867,106940.00244140624,0.621,0.495176478694048
2026-03-19 18:39:03.521985531,106940.00244140624,0.621,0.49517647868986464
2026-03-19 18:39:03.608525991,106940.00244140624,0.621,0.4951764787038381
2026-03-19 18:39:03.651219606,106940.00244140624,0.621,0.49517647870013826
2026-03-19 18:39:03.694016933,106940.00244140624,0.621,0.4951764783662704
2026-03-19 18:39:03.737602711,106940.00244140624,0.621,0.4951764783779599
2026-03-19 18:39:03.822024107,106940.00244140624,0.621,0.4951764784910807
2026-03-19 18:39:03.866203308,106940.00244140624,0.621,0.495176478562177
2026-03-19 18:39:03.910217762,106940.00244140624,0.621,0.4951764786240517
2026-03-19 18:39:03.972228289,106940.00244140624,0.621,0.4951764786818743
2026-03-19 18:39:04.039304495,106940.00244140624,0.621,0.49517647867008013
2026-03-19 18:39:04.082816601,106940.00244140624,0.621,0.49517647871015086
2026-03-19 18:39:04.127375126,106940.00244140624,0.621,0.4951764787330678
2026-03-19 18:39:04.211688757,106959.99755859376,0.621,0.4973992031028172
2026-03-19 18:39:04.255737305,106959.99755859376,0.621,0.4973992031183575
2026-03-19 18:39:04.299275637,106959.99755859376,0.621,0.4973992030896669
2026-03-19 18:39:04.340774775,106959.99755859376,0.621,0.49739920314449715
2026-03-19 18:39:04.426430464,106959.99755859376,0.621,0.49739920321082737
2026-03-19 18:39:04.470112801,106959.99755859376,0.621,0.49739920320517156
2026-03-19 18:39:04.514005899,106959.99755859376,0.621,0.49739920323532105
2026-03-19 18:39:04.599098444,106959.99755859376,0.621,0.49739920324185005
2026-03-19 18:39:04.642436504,106959.99755859376,0.622,0.49630869090650603
2026-03-19 18:39:04.685910702,106959.99755859376,0.622,0.4963086908328443
2026-03-19 18:39:04.729542494,106959.99755859376,0.622,0.4963086908251256
2026-03-19 18:39:04.814773560,106959.99755859376,0.622,0.49630869079613416
2026-03-19 18:39:04.861524343,106959.99755859376,0.622,0.4963086908131504
2026-03-19 18:39:04.902545929,106959.99755859376,0.622,0.4963086909152577
2026-03-19 18:39:04.947242498,106959.99755859376,0.622,0.49630869089613716
2026-03-19 18:39:05.030883789,106959.99755859376,0.622,0.49630869086987744
2026-03-19 18:39:05.073991537,106959.99755859376,0.622,0.49630869087599105
2026-03-19 18:39:05.161001682,106959.99755859376,0.622,0.49630869086819235
2026-03-19 18:39:05.203389883,106959.99755859376,0.622,0.49630869079241957
2026-03-19 18:39:05.259938955,106959.99755859376,0.622,0.49630869080517137
2026-03-19 18:39:05.289126873,106959.99755859376,0.622,0.496308690764108
2026-03-19 18:39:05.375441551,106959.99755859376,0.622,0.49630869074168926
2026-03-19 18:39:05.419187307,106959.99755859376,0.622,0.4963086907031041
2026-03-19 18:39:05.462804794,106959.99755859376,0.622,0.4963086905968267
2026-03-19 18:39:05.547411203,106959.99755859376,0.622,0.4963086906003862
2026-03-19 18:39:05.591382742,106959.99755859376,0.622,0.49630869060830884
2026-03-19 18:39:05.634776831,106959.99755859376,0.622,0.4963086905575144
2026-03-19 18:39:05.678358316,106959.99755859376,0.622,0.4963086908449719
2026-03-19 18:39:05.763828039,106959.99755859376,0.622,0.4963086908682875
2026-03-19 18:39:05.808250904,106959.99755859376,0.622,0.4963086908487938
2026-03-19 18:39:05.851971626,106959.99755859376,0.622,0.4963086907963412
2026-03-19 18:39:05.911732912,106959.99755859376,0.622,0.49630869085895973
2026-03-19 18:39:05.979925632,106959.99755859376,0.622,0.496308690938636
2026-03-19 18:39:06.022682905,106959.99755859376,0.622,0.4963086910586303
2026-03-19 18:39:06.108681440,106959.99755859376,0.622,0.49630869114170434
2026-03-19 18:39:06.151333809,106859.99755859376,0.622,0.4851923554373241
2026-03-19 18:39:06.194483519,106859.99755859376,0.622,0.4851923554488019
2026-03-19 18:39:06.239135504,106859.99755859376,0.622,0.4851923554729918
2026-03-19 18:39:06.283119917,106859.99755859376,0.622,0.48519235555126466
2026-03-19 18:39:06.367190838,106859.99755859376,0.622,0.48519235546831047
2026-03-19 18:39:06.411062479,106859.99755859376,0.622,0.48519235543376094
2026-03-19 18:39:06.454143286,106859.99755859376,0.622,0.4851923554983135
2026-03-19 18:39:06.539513111,106859.99755859376,0.622,0.48519235551755274
2026-03-19 18:39:06.582233667,106859.99755859376,0.622,0.4851923555587821
2026-03-19 18:39:06.627127647,106859.99755859376,0.622,0.4851923556652368
2026-03-19 18:39:06.671401501,106859.99755859376,0.622,0.4851923556162976
2026-03-19 18:39:06.756651402,106859.99755859376,0.622,0.48519235555166185
2026-03-19 18:39:06.798769236,106859.99755859376,0.622,0.4851923554200149
2026-03-19 18:39:06.844599009,106859.99755859376,0.622,0.48519235536534333
2026-03-19 18:39:06.928286314,106859.99755859376,0.622,0.48519235542577993
2026-03-19 18:39:06.971806288,106859.99755859376,0.622,0.4851923554503294
2026-03-19 18:39:07.014447927,106859.99755859376,0.622,0.48519235557452606
2026-03-19 18:39:07.100363493,106859.99755859376,0.622,0.4851923555815921
2026-03-19 18:39:07.144624233,106859.99755859376,0.622,0.48519235559885476
2026-03-19 18:39:07.187015057,106859.99755859376,0.622,0.48519235568095265
2026-03-19 18:39:07.230071068,106859.99755859376,0.623,0.4841018432819252
2026-03-19 18:39:07.315609694,106859.99755859376,0.623,0.4841018433346464
2026-03-19 18:39:07.360959768,106859.99755859376,0.623,0.48410184322860095
2026-03-19 18:39:07.404212952,106859.99755859376,0.623,0.4841018432655199
2026-03-19 18:39:07.488046169,106859.99755859376,0.623,0.4841018434386844
2026-03-19 18:39:07.531936646,106859.99755859376,0.623,0.484101843350424
2026-03-19 18:39:07.575686455,106859.99755859376,0.623,0.4841018434514151
2026-03-19 18:39:07.618863583,106859.99755859376,0.623,0.4841018434928896
2026-03-19 18:39:07.706436157,106859.99755859376,0.623,0.484101843460753
2026-03-19 18:39:07.748275280,106859.99755859376,0.623,0.48410184355925995
2026-03-19 18:39:07.791288376,106859.99755859376,0.623,0.4841018434621687
2026-03-19 18:39:07.876997948,106859.99755859376,0.623,0.4841018434666829
2026-03-19 18:39:07.920925379,106859.99755859376,0.623,0.4841018434909579
2026-03-19 18:39:07.963373184,106859.99755859376,0.623,0.4841018434669073
2026-03-19 18:39:08.049765110,106859.99755859376,0.623,0.4841018435977261
2026-03-19 18:39:08.091998577,106859.99755859376,0.623,0.48410184363057757
2026-03-19 18:39:08.136178732,106859.99755859376,0.623,0.48410184368064246
2026-03-19 18:39:08.181060791,106909.99755859376,0.623,0.4896600116616276
2026-03-19 18:39:08.224209309,106909.99755859376,0.623,0.48966001163914574
2026-03-19 18:39:08.309708118,106909.99755859376,0.623,0.4896600116159081
2026-03-19 18:39:08.354755163,106909.99755859376,0.623,0.48966001170447654
2026-03-19 18:39:08.396923065,106909.99755859376,0.623,0.48966001177806445
2026-03-19 18:39:08.480016232,106909.99755859376,0.623,0.48966001183586666
2026-03-19 18:39:08.523603201,106909.99755859376,0.623,0.4896600118547185
2026-03-19 18:39:08.567224979,106909.99755859376,0.623,0.48966001187173624
2026-03-19 18:39:08.611601830,106909.99755859376,0.623,0.4896600119176438
2026-03-19 18:39:08.697560072,106909.99755859376,0.623,0.48966001193509684
2026-03-19 18:39:08.741314173,106909.99755859376,0.623,0.4896600119840137
2026-03-19 18:39:08.825329304,106909.99755859376,0.623,0.4896600119176613
2026-03-19 18:39:08.868616819,106909.99755859376,0.624,0.48856949964169494
2026-03-19 18:39:08.912956715,106909.99755859376,0.624,0.48856949960689977
2026-03-19 18:39:08.958423376,106909.99755859376,0.624,0.48856949960131635
2026-03-19 18:39:09.041594744,106909.99755859376,0.624,0.48856949977619757
2026-03-19 18:39:09.084765911,106909.99755859376,0.624,0.48856949970305275
2026-03-19 18:39:09.128874302,106909.99755859376,0.624,0.4885694997819051
2026-03-19 18:39:09.172286749,106909.99755859376,0.624,0.488569499829019
2026-03-19 18:39:09.256834507,106909.99755859376,0.624,0.4885694998398121
2026-03-19 18:39:09.300410986,106909.99755859376,0.624,0.4885694999667219
2026-03-19 18:39:09.344113111,106909.99755859376,0.624,0.48856950005339744
2026-03-19 18:39:09.428946495,106909.99755859376,0.624,0.4885695001186235
2026-03-19 18:39:09.473978996,106909.99755859376,0.624,0.4885695002030847
2026-03-19 18:39:09.516599655,106909.99755859376,0.624,0.48856950022393525
2026-03-19 18:39:09.560714245,106909.99755859376,0.624,0.48856950025799706
2026-03-19 18:39:09.646644831,106909.99755859376,0.624,0.48856950035136937
2026-03-19 18:39:09.688511133,106909.99755859376,0.624,0.4885694989767554
2026-03-19 18:39:09.773769140,106909.99755859376,0.624,0.48856949901604363
2026-03-19 18:39:09.817476749,106909.99755859376,0.624,0.48856949904408986
2026-03-19 18:39:09.861574173,106909.99755859376,0.624,0.48856949899422547
2026-03-19 18:39:09.905695200,106909.99755859376,0.624,0.4885694990272803
2026-03-19 18:39:09.990312576,106909.99755859376,0.624,0.4885694990348089
2026-03-19 18:39:10.035808802,106909.99755859376,0.624,0.4885694989437865
2026-03-19 18:39:10.078180552,106909.99755859376,0.624,0.4885694989167718
2026-03-19 18:39:10.120947123,106909.99755859376,0.624,0.4885694989041861
2026-03-19 18:39:10.165452242,106919.9951171875,0.624,0.48968086106201375
2026-03-19 18:39:10.250191926,106919.9951171875,0.624,0.4896808611759404
2026-03-19 18:39:10.293797493,106919.9951171875,0.624,0.4896808612284239
2026-03-19 18:39:10.337572098,106919.9951171875,0.624,0.4896808611764594
2026-03-19 18:39:10.422224998,106919.9951171875,0.624,0.48968086118939763
2026-03-19 18:39:10.466663837,106919.9951171875,0.625,0.488590348856133
2026-03-19 18:39:10.508788347,106919.9951171875,0.625,0.4885903487774333
2026-03-19 18:39:10.593500376,106919.9951171875,0.625,0.48859034871248375
2026-03-19 18:39:10.637504339,106919.9951171875,0.625,0.48859034868466633
2026-03-19 18:39:10.680871487,106919.9951171875,0.625,0.4885903486840986
2026-03-19 18:39:10.766306400,106919.9951171875,0.625,0.48859034868721696
2026-03-19 18:39:10.809909582,106919.9951171875,0.625,0.48859034870949114
2026-03-19 18:39:10.853220224,106919.9951171875,0.625,0.48859034878176233
2026-03-19 18:39:10.897056103,106919.9951171875,0.625,0.488590348775958
2026-03-19 18:39:10.982504845,106919.9951171875,0.625,0.4885903488631044
2026-03-19 18:39:11.026561499,106919.9951171875,0.625,0.48859034886851277
2026-03-19 18:39:11.069359541,106919.9951171875,0.625,0.4885903489129161
2026-03-19 18:39:11.113056898,106919.9951171875,0.625,0.48859034896574943
2026-03-19 18:39:11.198450089,106919.9951171875,0.625,0.4885903489608828
2026-03-19 18:39:11.241560459,106919.9951171875,0.625,0.4885903490701375
2026-03-19 18:39:11.285796404,106919.9951171875,0.625,0.48859034912037574
2026-03-19 18:39:11.370340109,106919.9951171875,0.625,0.4885903491521356
2026-03-19 18:39:11.414314032,106919.9951171875,0.625,0.488590349146967
2026-03-19 18:39:11.459981918,106919.9951171875,0.625,0.4885903491468869
2026-03-19 18:39:11.542577028,106919.9951171875,0.625,0.48859034913192484
2026-03-19 18:39:11.585835695,106919.9951171875,0.625,0.48859034919747474
2026-03-19 18:39:11.629775286,106919.9951171875,0.625,0.48859034920961875
2026-03-19 18:39:11.715446949,106919.9951171875,0.625,0.48859034909271143
2026-03-19 18:39:11.758165598,106919.9951171875,0.625,0.4885903491292776
2026-03-19 18:39:11.803068876,106919.9951171875,0.625,0.4885903491769347
2026-03-19 18:39:11.846925974,106919.9951171875,0.625,0.48859034922362293
2026-03-19 18:39:11.930951118,106919.9951171875,0.625,0.48859034927426026
2026-03-19 18:39:11.974090576,106919.9951171875,0.625,0.48859034920094574
2026-03-19 18:39:12.019912243,106919.9951171875,0.625,0.4885903491597257
2026-03-19 18:39:12.069225788,106919.9951171875,0.625,0.4885903491357515
2026-03-19 18:39:12.139203072,106879.99267578124,0.625,0.48414354339204546
2026-03-19 18:39:12.190751553,106879.99267578124,0.625,0.48414354342315047
2026-03-19 18:39:12.234350920,106879.99267578124,0.625,0.48414354334413034
2026-03-19 18:39:12.277169943,106879.99267578124,0.625,0.48414354336884835
2026-03-19 18:39:12.362676382,106879.99267578124,0.625,0.4841435433322415
2026-03-19 18:39:12.407259703,106879.99267578124,0.625,0.4841435433432081
2026-03-19 18:39:12.448684454,106879.99267578124,0.625,0.4841435433506029
2026-03-19 18:39:12.535133123,106879.99267578124,0.625,0.48414354332534093
2026-03-19 18:39:12.578107834,106879.99267578124,0.625,0.4841435433004279
2026-03-19 18:39:12.621344566,106879.99267578124,0.625,0.4841435433826851
2026-03-19 18:39:12.707372904,106879.99267578124,0.625,0.4841435434020875
2026-03-19 18:39:12.750145197,106879.99267578124,0.624,0.48523405583361257
2026-03-19 18:39:12.794169664,106879.99267578124,0.624,0.48523405597274033
2026-03-19 18:39:12.838129997,106879.99267578124,0.624,0.48523405612279197
2026-03-19 18:39:12.922997952,106879.99267578124,0.624,0.4852340561558518
2026-03-19 18:39:12.968238592,106879.99267578124,0.624,0.48523405612201187
2026-03-19 18:39:13.013338327,106879.99267578124,0.624,0.48523405614724724
2026-03-19 18:39:13.057538509,106879.99267578124,0.624,0.4852340561124006
2026-03-19 18:39:13.140446901,106879.99267578124,0.624,0.4852340561219901
2026-03-19 18:39:13.182732105,106879.99267578124,0.624,0.4852340561888254
2026-03-19 18:39:13.226477623,106879.99267578124,0.624,0.4852340561214893
2026-03-19 18:39:13.313562632,106879.99267578124,0.624,0.485234056144196
2026-03-19 18:39:13.355317831,106879.99267578124,0.624,0.4852340562414814
2026-03-19 18:39:13.399620295,106879.99267578124,0.624,0.48523405621205745
2026-03-19 18:39:13.483275890,106879.99267578124,0.624,0.48523405623608384
2026-03-19 18:39:13.526782751,106879.99267578124,0.624,0.4852340562392731
2026-03-19 18:39:13.570909500,106879.99267578124,0.624,0.48523405620894294
2026-03-19 18:39:13.657114983,106879.99267578124,0.624,0.4852340561847083
2026-03-19 18:39:13.699285030,106879.99267578124,0.624,0.48523405613734805
2026-03-19 18:39:13.744096041,106879.99267578124,0.624,0.48523405613826076
2026-03-19 18:39:13.787190199,106879.99267578124,0.624,0.48523405624827487
2026-03-19 18:39:13.872839928,106879.99267578124,0.624,0.48523405625794547
2026-03-19 18:39:13.916243792,106879.99267578124,0.624,0.48523405625427685
2026-03-19 18:39:13.959431171,106879.99267578124,0.624,0.485234056347319
2026-03-19 18:39:14.014262199,106879.99267578124,0.624,0.4852340562607991
2026-03-19 18:39:14.088985443,106879.99267578124,0.624,0.4852340561813263
2026-03-19 18:39:14.134694099,106879.99267578124,0.624,0.4852340560966442
2026-03-19 18:39:14.173701048,106919.9951171875,0.624,0.48968086175685677
2026-03-19 18:39:14.259926796,106919.9951171875,0.624,0.4896808617118628
2026-03-19 18:39:14.304330349,106919.9951171875,0.624,0.4896808617970955
2026-03-19 18:39:14.350020170,106919.9951171875,0.625,0.48859034948335184
2026-03-19 18:39:14.390419245,106919.9951171875,0.625,0.48859034941743584
2026-03-19 18:39:14.476548195,106919.9951171875,0.625,0.48859034950544744
2026-03-19 18:39:14.520238875,106919.9951171875,0.625,0.48859034955806546
2026-03-19 18:39:14.564621210,106919.9951171875,0.625,0.4885903496096038
2026-03-19 18:39:14.649465799,106919.9951171875,0.625,0.4885903496954961
2026-03-19 18:39:14.690560102,106919.9951171875,0.625,0.48859034967931114
2026-03-19 18:39:14.738583565,106919.9951171875,0.625,0.48859034971937276
2026-03-19 18:39:14.779079437,106919.9951171875,0.625,0.48859034976168936
2026-03-19 18:39:14.864200830,106919.9951171875,0.625,0.4885903498602415
2026-03-19 18:39:14.907651663,106919.9951171875,0.625,0.4885903499066916
2026-03-19 18:39:14.951952457,106919.9951171875,0.625,0.4885903500024617
2026-03-19 18:39:15.036100626,106919.9951171875,0.625,0.48859034995517103
2026-03-19 18:39:15.079992771,106919.9951171875,0.625,0.48859034987704203
2026-03-19 18:39:15.123831511,106919.9951171875,0.625,0.4885903498696943
2026-03-19 18:39:15.208829641,106919.9951171875,0.625,0.48859034982260524
2026-03-19 18:39:15.251593828,106919.9951171875,0.625,0.48859034976381466
2026-03-19 18:39:15.296511173,106919.9951171875,0.625,0.4885903497430801
2026-03-19 18:39:15.340900421,106919.9951171875,0.625,0.4885903496947885
2026-03-19 18:39:15.424123287,106919.9951171875,0.625,0.48859034968195064
2026-03-19 18:39:15.468387365,106919.9951171875,0.625,0.4885903497358796
2026-03-19 18:39:15.511446238,106919.9951171875,0.625,0.4885903497442465
2026-03-19 18:39:15.597039938,106919.9951171875,0.625,0.48859034977047067
2026-03-19 18:39:15.640313625,106919.9951171875,0.624,0.4896808619738424
2026-03-19 18:39:15.684262991,106919.9951171875,0.624,0.48968086191655263
2026-03-19 18:39:15.727505207,106919.9951171875,0.624,0.48968086186144566
2026-03-19 18:39:15.812570810,106919.9951171875,0.624,0.4896808617702887
2026-03-19 18:39:15.858059883,106919.9951171875,0.624,0.48968086177658
2026-03-19 18:39:15.904040098,106919.9951171875,0.624,0.4896808617323351
2026-03-19 18:39:15.984920979,106919.9951171875,0.624,0.48968086164405533
2026-03-19 18:39:16.028642178,106919.9951171875,0.624,0.489680861639035
2026-03-19 18:39:16.073060513,106919.9951171875,0.624,0.48968086162527585
2026-03-19 18:39:16.140018225,106890.00244140624,0.624,0.4863467750028988
2026-03-19 18:39:16.201129436,106890.00244140624,0.624,0.48634677495992423
2026-03-19 18:39:16.245013952,106890.00244140624,0.624,0.4863467748606265
2026-03-19 18:39:16.287442684,106890.00244140624,0.624,0.48634677475819066
2026-03-19 18:39:16.331738234,106890.00244140624,0.624,0.4863467747855803
2026-03-19 18:39:16.416543484,106890.00244140624,0.624,0.48634677481728245
2026-03-19 18:39:16.460136414,106890.00244140624,0.624,0.48634677489902667
2026-03-19 18:39:16.505649090,106890.00244140624,0.624,0.4863467749367657
2026-03-19 18:39:16.588579655,106890.00244140624,0.624,0.48634677495890677
2026-03-19 18:39:16.632852793,106890.00244140624,0.624,0.48634677503251467
2026-03-19 18:39:16.678538561,106890.00244140624,0.624,0.4863467751161975
2026-03-19 18:39:16.719784021,106890.00244140624,0.624,0.48634677515294067
2026-03-19 18:39:16.806824207,106890.00244140624,0.624,0.4863467752836383
2026-03-19 18:39:16.848799229,106890.00244140624,0.624,0.4863467752603064
2026-03-19 18:39:16.892501593,106890.00244140624,0.624,0.486346775333997
2026-03-19 18:39:16.976682901,106890.00244140624,0.624,0.48634677544953564
2026-03-19 18:39:17.020830870,106890.00244140624,0.624,0.48634677543111415
2026-03-19 18:39:17.064852476,106890.00244140624,0.624,0.48634677553819666
2026-03-19 18:39:17.149915695,106890.00244140624,0.624,0.48634677547414684
2026-03-19 18:39:17.192907095,106890.00244140624,0.624,0.4863467753517734
2026-03-19 18:39:17.237876892,106890.00244140624,0.624,0.48634677534993626
2026-03-19 18:39:17.282262325,106890.00244140624,0.624,0.48634677523415154
2026-03-19 18:39:17.365038395,106890.00244140624,0.624,0.4863467751134473
2026-03-19 18:39:17.408820391,106890.00244140624,0.624,0.48634677507496643
2026-03-19 18:39:17.454040766,106890.00244140624,0.624,0.4863467749144229
2026-03-19 18:39:17.537488699,106890.00244140624,0.624,0.486346774887766
2026-03-19 18:39:17.582419634,106890.00244140624,0.624,0.4863467748394935
2026-03-19 18:39:17.625215054,106890.00244140624,0.624,0.486346774712715
2026-03-19 18:39:17.668703318,106890.00244140624,0.624,0.48634677475892896
2026-03-19 18:39:17.753634691,106890.00244140624,0.624,0.4863467746981576
2026-03-19 18:39:17.797471285,106890.00244140624,0.624,0.4863467747115069
2026-03-19 18:39:17.841735363,106890.00244140624,0.624,0.4863467747631236
2026-03-19 18:39:17.925307512,106890.00244140624,0.624,0.4863467747992232
2026-03-19 18:39:17.969832420,106890.00244140624,0.624,0.48634677478749483
2026-03-19 18:39:18.013085365,106890.00244140624,0.624,0.48634677480952676
2026-03-19 18:39:18.099246979,106890.00244140624,0.624,0.48634677478136684
2026-03-19 18:39:18.143409491,106909.99755859376,0.624,0.4885694991820633
2026-03-19 18:39:18.185943365,106909.99755859376,0.624,0.4885694992440025
2026-03-19 18:39:18.228594065,106909.99755859376,0.624,0.4885694993272238
2026-03-19 18:39:18.272956848,106909.99755859376,0.624,0.48856949930114474
2026-03-19 18:39:18.357525110,106909.99755859376,0.624,0.4885694993498547
2026-03-19 18:39:18.401219606,106909.99755859376,0.624,0.48856949938658517
2026-03-19 18:39:18.449453831,106909.99755859376,0.624,0.48856949948008227
2026-03-19 18:39:18.529947758,106909.99755859376,0.624,0.48856949945219974
2026-03-19 18:39:18.573247671,106909.99755859376,0.624,0.4885694994206941
2026-03-19 18:39:18.616942167,106909.99755859376,0.624,0.4885694993530796
2026-03-19 18:39:18.702216625,106909.99755859376,0.624,0.4885694993139916
2026-03-19 18:39:18.746206284,106909.99755859376,0.624,0.4885694993310944
2026-03-19 18:39:18.789606571,106909.99755859376,0.624,0.4885694992818343
2026-03-19 18:39:18.869299889,106909.99755859376,0.624,0.48856949933516175
2026-03-19 18:39:18.917354584,106909.99755859376,0.624,0.4885694994186666
2026-03-19 18:39:18.961841106,106909.99755859376,0.624,0.48856949942699424
2026-03-19 18:39:19.005980015,106909.99755859376,0.624,0.4885694994324772
2026-03-19 18:39:19.089698315,106909.99755859376,0.624,0.4885694994371634
2026-03-19 18:39:19.133749962,106909.99755859376,0.624,0.48856949942377126
2026-03-19 18:39:19.178233147,106909.99755859376,0.624,0.4885694994201177
2026-03-19 18:39:19.221625805,106909.99755859376,0.625,0.4874789869834314
2026-03-19 18:39:19.306364298,106909.99755859376,0.625,0.4874789871387687
2026-03-19 18:39:19.349403143,106909.99755859376,0.625,0.4874789870830116
2026-03-19 18:39:19.395992517,106909.99755859376,0.625,0.48747898713561005
2026-03-19 18:39:19.478469133,106909.99755859376,0.625,0.4874789871538852
2026-03-19 18:39:19.522780417,106909.99755859376,0.625,0.4874789871097501
2026-03-19 18:39:19.565758228,106909.99755859376,0.625,0.4874789872000349
2026-03-19 18:39:19.651760340,106909.99755859376,0.625,0.48747898725186756
2026-03-19 18:39:19.694814205,106909.99755859376,0.625,0.48747898679610635
2026-03-19 18:39:19.739177942,106909.99755859376,0.625,0.4874789868089473
2026-03-19 18:39:19.822861195,106909.99755859376,0.625,0.48747898663028966
2026-03-19 18:39:19.866826296,106909.99755859376,0.625,0.48747898651320043
2026-03-19 18:39:19.909979105,106909.99755859376,0.625,0.4874789865208518
2026-03-19 18:39:19.953507662,106909.99755859376,0.625,0.48747898641292825
2026-03-19 18:39:20.038431883,106909.99755859376,0.625,0.48747898641730397
2026-03-19 18:39:20.082802057,106909.99755859376,0.625,0.4874789865303691
2026-03-19 18:39:20.126328707,106909.99755859376,0.625,0.4874789865640942
2026-03-19 18:39:20.171818972,106900.0,0.625,0.48636762436464287
2026-03-19 18:39:20.215892792,106900.0,0.625,0.48636762439005327
2026-03-19 18:39:20.301203012,106900.0,0.625,0.48636762435385733
2026-03-19 18:39:20.341694593,106900.0,0.625,0.4863676242972251
2026-03-19 18:39:20.385293484,106900.0,0.625,0.4863676242636294
2026-03-19 18:39:20.470801592,106900.0,0.625,0.48636762423618607
2026-03-19 18:39:20.513478518,106900.0,0.625,0.48636762428230645
2026-03-19 18:39:20.559550285,106900.0,0.625,0.48636762435350894
2026-03-19 18:39:20.642438173,106900.0,0.625,0.4863676245037453
2026-03-19 18:39:20.687077045,106900.0,0.625,0.4863676246513867
2026-03-19 18:39:20.729473591,106900.0,0.625,0.4863676247309479
2026-03-19 18:39:20.813353539,106900.0,0.624,0.4874581370617284
2026-03-19 18:39:20.860511780,106900.0,0.624,0.4874581370430219
2026-03-19 18:39:20.902590990,106900.0,0.624,0.48745813706935937
2026-03-19 18:39:20.948418617,106900.0,0.624,0.48745813703297824
2026-03-19 18:39:21.030129671,106900.0,0.624,0.48745813696407425
2026-03-19 18:39:21.075349808,106900.0,0.624,0.4874581367783661
2026-03-19 18:39:21.118841410,106900.0,0.624,0.48745813664437254
2026-03-19 18:39:21.161540508,106900.0,0.625,0.4863676241924986
2026-03-19 18:39:21.247390509,106900.0,0.625,0.4863676240481154
2026-03-19 18:39:21.292088985,106900.0,0.625,0.4863676240533545
2026-03-19 18:39:21.336108923,106900.0,0.625,0.48636762407724704
2026-03-19 18:39:21.419427633,106900.0,0.625,0.4863676241107645
2026-03-19 18:39:21.465044022,106900.0,0.625,0.48636762411621876
2026-03-19 18:39:21.509997606,106900.0,0.625,0.48636762413466195
2026-03-19 18:39:21.591398954,106900.0,0.625,0.4863676241072485
2026-03-19 18:39:21.636879683,106900.0,0.625,0.4863676240783977
2026-03-19 18:39:21.680921555,106900.0,0.625,0.4863676239978047
2026-03-19 18:39:21.764359951,106900.0,0.625,0.48636762401521405
2026-03-19 18:39:21.807602406,106900.0,0.625,0.48636762400855016
2026-03-19 18:39:21.851921082,106900.0,0.625,0.4863676241294307
2026-03-19 18:39:21.897080421,106900.0,0.625,0.4863676241972034
2026-03-19 18:39:21.979640245,106900.0,0.625,0.4863676243530399
2026-03-19 18:39:22.024542093,106900.0,0.625,0.48636762449895854
2026-03-19 18:39:22.068245411,106900.0,0.625,0.48636762457144145
2026-03-19 18:39:22.112173319,106900.0,0.625,0.48636762460356964
2026-03-19 18:39:22.155465841,106959.99755859376,0.625,0.4930371547124868
2026-03-19 18:39:22.240106106,106959.99755859376,0.625,0.4930371547324242
2026-03-19 18:39:22.283249378,106959.99755859376,0.625,0.4930371547074698
2026-03-19 18:39:22.368993282,106959.99755859376,0.625,0.49303715480933485
2026-03-19 18:39:22.412823677,106959.99755859376,0.625,0.49303715485808897
2026-03-19 18:39:22.455631495,106959.99755859376,0.625,0.4930371548913296
2026-03-19 18:39:22.499366999,106959.99755859376,0.625,0.49303715495236655
2026-03-19 18:39:22.584126472,106959.99755859376,0.625,0.4930371549650865
2026-03-19 18:39:22.627552986,106959.99755859376,0.625,0.49303715498114936
2026-03-19 18:39:22.670912504,106959.99755859376,0.625,0.4930371549452426
2026-03-19 18:39:22.756491184,106959.99755859376,0.625,0.4930371548097048
2026-03-19 18:39:22.798945904,106959.99755859376,0.625,0.49303715477196763
2026-03-19 18:39:22.843671083,106959.99755859376,0.625,0.4930371547444138
2026-03-19 18:39:22.886861563,106959.99755859376,0.625,0.49303715473143406
2026-03-19 18:39:22.971627712,106959.99755859376,0.625,0.4930371547239366
2026-03-19 18:39:23.015969991,106959.99755859376,0.625,0.49303715470105663
2026-03-19 18:39:23.059639692,106959.99755859376,0.625,0.49303715469156656
2026-03-19 18:39:23.102537394,106959.99755859376,0.625,0.4930371546831313
2026-03-19 18:39:23.187991619,106959.99755859376,0.625,0.4930371546890416
2026-03-19 18:39:23.232826471,106959.99755859376,0.625,0.49303715472821774
2026-03-19 18:39:23.316880465,106959.99755859376,0.625,0.4930371547536111
2026-03-19 18:39:23.361282110,106959.99755859376,0.625,0.4930371548045967
2026-03-19 18:39:23.407149792,106959.99755859376,0.625,0.4930371548915741
2026-03-19 18:39:23.447458506,106959.99755859376,0.625,0.4930371549304673
2026-03-19 18:39:23.534176110,106959.99755859376,0.625,0.4930371549635709
2026-03-19 18:39:23.576366901,106959.99755859376,0.625,0.4930371550482518
2026-03-19 18:39:23.620685577,106959.99755859376,0.625,0.4930371550799938
2026-03-19 18:39:23.707722902,106959.99755859376,0.625,0.493037155075364
2026-03-19 18:39:23.749344587,106959.99755859376,0.625,0.49303715502394146
2026-03-19 18:39:23.792030573,106959.99755859376,0.625,0.4930371550655521
2026-03-19 18:39:23.835762501,106959.99755859376,0.625,0.49303715511773866
2026-03-19 18:39:23.920744896,106959.99755859376,0.625,0.49303715510072166
2026-03-19 18:39:23.964863777,106959.99755859376,0.625,0.4930371551154608
2026-03-19 18:39:24.007940054,106959.99755859376,0.625,0.49303715516418367
2026-03-19 18:39:24.057712078,106959.99755859376,0.625,0.4930371551745094
2026-03-19 18:39:24.138851166,106959.99755859376,0.625,0.49303715516290564
2026-03-19 18:39:24.181701899,106900.0,0.625,0.4863676251250381
2026-03-19 18:39:24.225599527,106900.0,0.625,0.48636762514910087
2026-03-19 18:39:24.309248447,106900.0,0.625,0.4863676251815424
2026-03-19 18:39:24.353446722,106900.0,0.625,0.48636762517472165
2026-03-19 18:39:24.396444082,106900.0,0.625,0.48636762518247273
2026-03-19 18:39:24.440966845,106900.0,0.625,0.4863676252573453
2026-03-19 18:39:24.525236606,106900.0,0.625,0.4863676252562888
2026-03-19 18:39:24.568260908,106900.0,0.625,0.48636762529358185
2026-03-19 18:39:24.612514973,106900.0,0.625,0.4863676253005411
2026-03-19 18:39:24.696940899,106900.0,0.625,0.48636762528047395
2026-03-19 18:39:24.740291357,106900.0,0.625,0.4863676252412137
2026-03-19 18:39:24.784453392,106900.0,0.625,0.486367625128757
2026-03-19 18:39:24.828211784,106900.0,0.625,0.4863676250522614
2026-03-19 18:39:24.912951708,106900.0,0.625,0.48636762504432307
2026-03-19 18:39:24.956827402,106900.0,0.625,0.486367625072209
2026-03-19 18:39:25.000849009,106900.0,0.625,0.48636762510427417
2026-03-19 18:39:25.085444212,106900.0,0.625,0.48636762515414567
2026-03-19 18:39:25.128515244,106900.0,0.625,0.4863676251571219
2026-03-19 18:39:25.172925234,106900.0,0.625,0.48636762506183095
2026-03-19 18:39:25.257137299,106900.0,0.625,0.48636762490483365
2026-03-19 18:39:25.301635504,106900.0,0.625,0.48636762497690794
2026-03-19 18:39:25.344520330,106900.0,0.625,0.4863676250294288
2026-03-19 18:39:25.388695240,106900.0,0.625,0.4863676251533011
2026-03-19 18:39:25.473537922,106900.0,0.625,0.4863676252289649
2026-03-19 18:39:25.517607212,106900.0,0.625,0.48636762527690747
2026-03-19 18:39:25.561632872,106900.0,0.625,0.48636762527847055
2026-03-19 18:39:25.646015406,106900.0,0.625,0.48636762528192945
2026-03-19 18:39:25.690813303,106900.0,0.625,0.48636762518435706
2026-03-19 18:39:25.733648777,106900.0,0.625,0.4863676251894409
2026-03-19 18:39:25.777144909,106900.0,0.625,0.48636762516163307
2026-03-19 18:39:25.861516714,106900.0,0.625,0.4863676252214717
2026-03-19 18:39:25.906568289,106900.0,0.625,0.48636762529777383
2026-03-19 18:39:25.949342489,106900.0,0.625,0.48636762531828753
2026-03-19 18:39:26.034376621,106900.0,0.625,0.48636762540735257
2026-03-19 18:39:26.078590393,106900.0,0.625,0.4863676253394101
2026-03-19 18:39:26.121092319,106900.0,0.625,0.48636762525440863
2026-03-19 18:39:26.164468288,106929.99267578124,0.625,0.4897017118193729
2026-03-19 18:39:26.251338720,106929.99267578124,0.625,0.4897017116690608
2026-03-19 18:39:26.293819904,106929.99267578124,0.625,0.48970171161867737
2026-03-19 18:39:26.337054014,106929.99267578124,0.625,0.4897017117257763
2026-03-19 18:39:26.381276369,106929.99267578124,0.625,0.48970171179799554
2026-03-19 18:39:26.464769840,106929.99267578124,0.625,0.48970171182488875
2026-03-19 18:39:26.509697437,106929.99267578124,0.625,0.48970171179071126
2026-03-19 18:39:26.553717375,106929.99267578124,0.625,0.48970171168817206
2026-03-19 18:39:26.638126850,106929.99267578124,0.625,0.4897017116301341
2026-03-19 18:39:26.681823969,106929.99267578124,0.625,0.4897017115037588
2026-03-19 18:39:26.724849939,106929.99267578124,0.625,0.4897017114379622
2026-03-19 18:39:26.769694567,106929.99267578124,0.625,0.4897017115911535
2026-03-19 18:39:26.854889631,106929.99267578124,0.625,0.48970171167687593
2026-03-19 18:39:26.899328709,106929.99267578124,0.625,0.4897017116918696
2026-03-19 18:39:26.967752457,106929.99267578124,0.625,0.4897017116314088
2026-03-19 18:39:27.025521278,106929.99267578124,0.625,0.4897017115161126
2026-03-19 18:39:27.070515633,106929.99267578124,0.625,0.4897017116117978
2026-03-19 18:39:27.112807989,106929.99267578124,0.625,0.48970171170998356
2026-03-19 18:39:27.199046373,106929.99267578124,0.625,0.4897017117752734
2026-03-19 18:39:27.242297411,106929.99267578124,0.625,0.48970171190479034
2026-03-19 18:39:27.285244226,106929.99267578124,0.625,0.4897017119240332
2026-03-19 18:39:27.328274727,106929.99267578124,0.625,0.48970171185107264
2026-03-19 18:39:27.414114952,106929.99267578124,0.625,0.4897017118525863
2026-03-19 18:39:27.458622456,106929.99267578124,0.625,0.4897017117949285
2026-03-19 18:39:27.501028060,106929.99267578124,0.625,0.48970171180937877
2026-03-19 18:39:27.585967779,106929.99267578124,0.625,0.48970171184632977
2026-03-19 18:39:27.630861759,106929.99267578124,0.625,0.48970171188342426
2026-03-19 18:39:27.673935175,106929.99267578124,0.625,0.4897017117779405
2026-03-19 18:39:27.717469215,106929.99267578124,0.625,0.48970171181617755
2026-03-19 18:39:27.802179098,106929.99267578124,0.625,0.4897017116818721
2026-03-19 18:39:27.848927259,106929.99267578124,0.625,0.4897017117572033
2026-03-19 18:39:27.890386105,106929.99267578124,0.625,0.4897017117655918
2026-03-19 18:39:27.975515604,106929.99267578124,0.625,0.48970171173373345
2026-03-19 18:39:28.018656731,106929.99267578124,0.625,0.4897017116962458
2026-03-19 18:39:28.062054873,106929.99267578124,0.625,0.4897017115638435
2026-03-19 18:39:28.139704227,106940.00244140624,0.625,0.49081443066133285
2026-03-19 18:39:28.192444324,106940.00244140624,0.625,0.4908144307512312
2026-03-19 18:39:28.233817816,106940.00244140624,0.625,0.4908144307726735
2026-03-19 18:39:28.277946234,106940.00244140624,0.625,0.49081443085993876
2026-03-19 18:39:28.321597815,106940.00244140624,0.625,0.4908144308441496
2026-03-19 18:39:28.408481121,106940.00244140624,0.625,0.4908144308169113
2026-03-19 18:39:28.450789213,106940.00244140624,0.625,0.49081443077116965
2026-03-19 18:39:28.494161844,106940.00244140624,0.625,0.4908144308519594
2026-03-19 18:39:28.578863621,106940.00244140624,0.625,0.49081443079116793
2026-03-19 18:39:28.623873711,106940.00244140624,0.625,0.490814430747314
2026-03-19 18:39:28.665738106,106940.00244140624,0.625,0.4908144307176272
2026-03-19 18:39:28.752340794,106940.00244140624,0.625,0.490814430650768
2026-03-19 18:39:28.796254873,106940.00244140624,0.625,0.4908144306486629
2026-03-19 18:39:28.839748621,106940.00244140624,0.625,0.4908144306423466
2026-03-19 18:39:28.918581247,106940.00244140624,0.626,0.48972391836482354
2026-03-19 18:39:28.966799498,106940.00244140624,0.626,0.4897239185278626
2026-03-19 18:39:29.010297775,106940.00244140624,0.626,0.48972391846495883
2026-03-19 18:39:29.054945707,106940.00244140624,0.626,0.4897239185077966
2026-03-19 18:39:29.139807224,106940.00244140624,0.626,0.48972391858930614
2026-03-19 18:39:29.184093714,106940.00244140624,0.626,0.48972391852450203
2026-03-19 18:39:29.227025509,106940.00244140624,0.626,0.4897239185390933
2026-03-19 18:39:29.270143032,106940.00244140624,0.627,0.4886334062228403
2026-03-19 18:39:29.355498791,106940.00244140624,0.627,0.48863340610667916
2026-03-19 18:39:29.400084496,106940.00244140624,0.627,0.4886334061639383
2026-03-19 18:39:29.442774296,106940.00244140624,0.627,0.48863340607020506
2026-03-19 18:39:29.527509688,106940.00244140624,0.627,0.4886334059979585
2026-03-19 18:39:29.571101904,106940.00244140624,0.627,0.48863340605646266
2026-03-19 18:39:29.614424706,106940.00244140624,0.627,0.4886334060386923
2026-03-19 18:39:29.699217558,106940.00244140624,0.627,0.4886334071521256
2026-03-19 18:39:29.743868113,106940.00244140624,0.627,0.48863340711863884
2026-03-19 18:39:29.787221432,106940.00244140624,0.627,0.4886334069222959
2026-03-19 18:39:29.872607946,106940.00244140624,0.627,0.48863340684867873
2026-03-19 18:39:29.916299820,106940.00244140624,0.628,0.48754289452800526
2026-03-19 18:39:29.960559130,106940.00244140624,0.628,0.48754289458379146
2026-03-19 18:39:30.003450394,106940.00244140624,0.628,0.48754289475615936
2026-03-19 18:39:30.088565111,106940.00244140624,0.628,0.4875428948470738
2026-03-19 18:39:30.131851673,106940.00244140624,0.628,0.48754289486253244
2026-03-19 18:39:30.175182819,106900.0,0.628,0.48309608910207075
2026-03-19 18:39:30.218678713,106900.0,0.628,0.4830960889777389
2026-03-19 18:39:30.261875629,106900.0,0.628,0.48309608897901396
2026-03-19 18:39:30.347275972,106900.0,0.628,0.4830960889152863
2026-03-19 18:39:30.391612291,106900.0,0.628,0.483096088954714
2026-03-19 18:39:30.434833527,106900.0,0.628,0.48309608900672857
2026-03-19 18:39:30.519215584,106900.0,0.628,0.4830960890194005
2026-03-19 18:39:30.563281536,106900.0,0.629,0.4820055768281589
2026-03-19 18:39:30.606274843,106900.0,0.629,0.48200557693409946
2026-03-19 18:39:30.691624880,106900.0,0.629,0.4820055770258255
2026-03-19 18:39:30.736249447,106900.0,0.629,0.4820055771813819
2026-03-19 18:39:30.779990911,106900.0,0.629,0.48200557716835785
2026-03-19 18:39:30.863553286,106900.0,0.629,0.4820055771462954
2026-03-19 18:39:30.907315493,106900.0,0.629,0.4820055771721084
2026-03-19 18:39:30.951794386,106900.0,0.629,0.48200557720811554
2026-03-19 18:39:30.995515585,106900.0,0.629,0.4820055773331171
2026-03-19 18:39:31.079763412,106900.0,0.629,0.4820055774344256
2026-03-19 18:39:31.124116182,106900.0,0.629,0.4820055776121177
2026-03-19 18:39:31.168793440,106900.0,0.629,0.48200557781802816
2026-03-19 18:39:31.210543633,106900.0,0.629,0.482005577959936
2026-03-19 18:39:31.296048403,106900.0,0.629,0.48200557820452256
2026-03-19 18:39:31.340095043,106900.0,0.629,0.48200557848187237
2026-03-19 18:39:31.383756399,106900.0,0.629,0.4820055788352954
2026-03-19 18:39:31.468401432,106900.0,0.629,0.48200557917214143
2026-03-19 18:39:31.511821508,106900.0,0.63,0.4809150669856931
2026-03-19 18:39:31.557286739,106900.0,0.63,0.48091506721246197
2026-03-19 18:39:31.641062975,106900.0,0.63,0.4809150674310483
2026-03-19 18:39:31.684137106,106900.0,0.63,0.48091506734193973
2026-03-19 18:39:31.728538752,106900.0,0.63,0.4809150674881466
2026-03-19 18:39:31.813685417,106900.0,0.63,0.4809150672197243
2026-03-19 18:39:31.857438326,106900.0,0.63,0.4809150670283561
2026-03-19 18:39:31.900473595,106900.0,0.63,0.48091506679514756
2026-03-19 18:39:31.948636770,106900.0,0.63,0.48091506622498714
2026-03-19 18:39:32.028368473,106900.0,0.63,0.4809150656145583
2026-03-19 18:39:32.073758364,106900.0,0.63,0.4809150650077872
2026-03-19 18:39:32.117030859,106900.0,0.63,0.4809150641979286
2026-03-19 18:39:32.160562754,106940.00244140624,0.631,0.48427135747754674
2026-03-19 18:39:32.244848013,106940.00244140624,0.631,0.4842713574750395
2026-03-19 18:39:32.289710045,106940.00244140624,0.631,0.4842713576067396
2026-03-19 18:39:32.331715584,106940.00244140624,0.631,0.48427135835525725
2026-03-19 18:39:32.417172194,106940.00244140624,0.631,0.4842713587161321
2026-03-19 18:39:32.460357904,106940.00244140624,0.631,0.48427135917724534
2026-03-19 18:39:32.504724503,106940.00244140624,0.646,0.46791367497149045
2026-03-19 18:39:32.550206900,106940.00244140624,0.646,0.46791367513648824
2026-03-19 18:39:32.632796764,106940.00244140624,0.646,0.4679136752991273
2026-03-19 18:39:32.676434040,106940.00244140624,0.646,0.46791367540278567
2026-03-19 18:39:32.720598698,106940.00244140624,0.646,0.46791367532141914
2026-03-19 18:39:32.799207449,106940.00244140624,0.646,0.4679136753700863
2026-03-19 18:39:32.848860025,106940.00244140624,0.646,0.46791367525357025
2026-03-19 18:39:32.893243790,106940.00244140624,0.646,0.4679136751259032
2026-03-19 18:39:32.936445236,106940.00244140624,0.646,0.4679136749943952
2026-03-19 18:39:33.021328688,106940.00244140624,0.646,0.4679136748710434
2026-03-19 18:39:33.068552494,106940.00244140624,0.646,0.46791367472157624
2026-03-19 18:39:33.109547377,106940.00244140624,0.646,0.46791367451500787
2026-03-19 18:39:33.193154335,106940.00244140624,0.646,0.467913674380533
2026-03-19 18:39:33.237231493,106940.00244140624,0.646,0.46791367436583836
2026-03-19 18:39:33.281282425,106940.00244140624,0.646,0.4679136743853295
2026-03-19 18:39:33.365413427,106940.00244140624,0.646,0.4679136744974938
2026-03-19 18:39:33.408983946,106940.00244140624,0.646,0.46791367458264804
2026-03-19 18:39:33.453560114,106940.00244140624,0.647,0.46682316231474597
2026-03-19 18:39:33.496158838,106940.00244140624,0.647,0.4668231623987577
2026-03-19 18:39:33.582170248,106940.00244140624,0.647,0.4668231624254892
2026-03-19 18:39:33.625320196,106940.00244140624,0.647,0.46682316227958986
2026-03-19 18:39:33.668815374,106940.00244140624,0.647,0.46682316213781183
2026-03-19 18:39:33.755246639,106940.00244140624,0.647,0.4668231618501274
2026-03-19 18:39:33.797155380,106940.00244140624,0.646,0.4679136739664863
2026-03-19 18:39:33.842313766,106940.00244140624,0.646,0.4679136738574735
2026-03-19 18:39:33.884206295,106940.00244140624,0.646,0.4679136737344091
2026-03-19 18:39:33.969766617,106940.00244140624,0.646,0.46791367379459675
2026-03-19 18:39:34.012919903,106940.00244140624,0.646,0.4679136739610782
2026-03-19 18:39:34.059789658,106940.00244140624,0.646,0.4679136739610573
2026-03-19 18:39:34.100700855,106940.00244140624,0.646,0.4679136740528264
2026-03-19 18:39:34.185184002,106859.99755859376,0.646,0.4590200627460715
2026-03-19 18:39:34.228677034,106859.99755859376,0.646,0.45902006261703615
2026-03-19 18:39:34.271975756,106859.99755859376,0.646,0.4590200626107871
2026-03-19 18:39:34.357676744,106859.99755859376,0.646,0.45902006260569644
2026-03-19 18:39:34.401204824,106859.99755859376,0.646,0.4590200624862123
2026-03-19 18:39:34.446749210,106859.99755859376,0.646,0.45902006258974926
2026-03-19 18:39:34.488774300,106859.99755859376,0.646,0.459020062636302
2026-03-19 18:39:34.573201895,106859.99755859376,0.646,0.45902006261622674
2026-03-19 18:39:34.616574049,106859.99755859376,0.646,0.4590200628088667
2026-03-19 18:39:34.661355257,106859.99755859376,0.646,0.4590200628198979
2026-03-19 18:39:34.746109486,106859.99755859376,0.646,0.45902006284068886
2026-03-19 18:39:34.789541245,106859.99755859376,0.646,0.45902006293602154
2026-03-19 18:39:34.833071232,106859.99755859376,0.646,0.45902006288682734
2026-03-19 18:39:34.877507210,106859.99755859376,0.646,0.4590200628997411
2026-03-19 18:39:34.961655378,106859.99755859376,0.646,0.45902006294909237
2026-03-19 18:39:35.006343603,106859.99755859376,0.646,0.45902006287658753
2026-03-19 18:39:35.050541639,106859.99755859376,0.646,0.4590200628996521
2026-03-19 18:39:35.133953094,106859.99755859376,0.646,0.4590200629234576
2026-03-19 18:39:35.178100109,106859.99755859376,0.646,0.4590200629279928
2026-03-19 18:39:35.221851826,106859.99755859376,0.646,0.45902006288430103
2026-03-19 18:39:35.307270288,106859.99755859376,0.646,0.4590200629867989
2026-03-19 18:39:35.350866318,106859.99755859376,0.646,0.4590200629242339
2026-03-19 18:39:35.393604517,106859.99755859376,0.646,0.45902006291869246
2026-03-19 18:39:35.437256575,106859.99755859376,0.646,0.45902006287905245
2026-03-19 18:39:35.522537708,106859.99755859376,0.646,0.45902006277699364
2026-03-19 18:39:35.565594196,106859.99755859376,0.646,0.45902006277811863
2026-03-19 18:39:35.611002684,106859.99755859376,0.646,0.4590200627586953
2026-03-19 18:39:35.694294453,106859.99755859376,0.646,0.45902006272864737
2026-03-19 18:39:35.737786293,106859.99755859376,0.645,0.46011057504555003
2026-03-19 18:39:35.781999588,106859.99755859376,0.645,0.4601105750177056
2026-03-19 18:39:35.825488806,106859.99755859376,0.645,0.4601105749685142
2026-03-19 18:39:35.911244631,106859.99755859376,0.645,0.460110575014217
2026-03-19 18:39:35.956284285,106859.99755859376,0.645,0.4601105750315358
2026-03-19 18:39:35.998416901,106859.99755859376,0.645,0.4601105750363573
2026-03-19 18:39:36.083070993,106859.99755859376,0.645,0.46011057502815333
2026-03-19 18:39:36.126834631,106859.99755859376,0.645,0.46011057500207553
2026-03-19 18:39:36.169902563,106919.9951171875,0.645,0.4667801050857236
2026-03-19 18:39:36.213969946,106919.9951171875,0.645,0.4667801051249927
2026-03-19 18:39:36.298070431,106919.9951171875,0.645,0.466780105133206
2026-03-19 18:39:36.342864037,106919.9951171875,0.645,0.46678010512820794
2026-03-19 18:39:36.386096478,106919.9951171875,0.645,0.4667801051664086
2026-03-19 18:39:36.430835247,106919.9951171875,0.645,0.46678010526801433
2026-03-19 18:39:36.513989449,106919.9951171875,0.645,0.46678010534095105
2026-03-19 18:39:36.558847189,106919.9951171875,0.645,0.46678010545010534
2026-03-19 18:39:36.602340221,106919.9951171875,0.645,0.466780105543882
2026-03-19 18:39:36.687742233,106919.9951171875,0.645,0.4667801056965476
2026-03-19 18:39:36.730330229,106919.9951171875,0.644,0.46787061817049597
2026-03-19 18:39:36.774284601,106919.9951171875,0.644,0.46787061832904875
2026-03-19 18:39:36.859177113,106919.9951171875,0.644,0.4678706183390615
2026-03-19 18:39:36.903119802,106919.9951171875,0.644,0.46787061857100176
2026-03-19 18:39:36.949035406,106919.9951171875,0.644,0.4678706186977058
2026-03-19 18:39:37.015697002,106919.9951171875,0.644,0.4678706187832896
2026-03-19 18:39:37.074700117,106919.9951171875,0.644,0.4678706188966696
2026-03-19 18:39:37.118094683,106919.9951171875,0.644,0.46787061900563615
2026-03-19 18:39:37.164584637,106919.9951171875,0.644,0.46787061906277894
2026-03-19 18:39:37.247493982,106919.9951171875,0.644,0.46787061913738814
2026-03-19 18:39:37.290945292,106919.9951171875,0.644,0.46787061911841044
2026-03-19 18:39:37.334531069,106919.9951171875,0.644,0.4678706189782934
2026-03-19 18:39:37.378780365,106919.9951171875,0.643,0.4689611311938937
2026-03-19 18:39:37.463338614,106919.9951171875,0.643,0.4689611308397176
2026-03-19 18:39:37.507787228,106919.9951171875,0.643,0.46896113038234893
2026-03-19 18:39:37.551702499,106919.9951171875,0.643,0.4689611300380899
2026-03-19 18:39:37.635979414,106919.9951171875,0.643,0.46896112952638475
2026-03-19 18:39:37.682486296,106919.9951171875,0.643,0.4689611294244234
2026-03-19 18:39:37.723653555,106919.9951171875,0.643,0.4689611295278985
2026-03-19 18:39:37.767767906,106919.9951171875,0.643,0.46896112990642874
2026-03-19 18:39:37.852061510,106919.9951171875,0.643,0.46896113041754683
2026-03-19 18:39:37.896819115,106919.9951171875,0.643,0.4689611307684299
2026-03-19 18:39:37.979786396,106919.9951171875,0.643,0.46896113093439007
2026-03-19 18:39:38.023918390,106919.9951171875,0.643,0.46896113111499516
2026-03-19 18:39:38.069697380,106919.9951171875,0.643,0.4689611311538035
2026-03-19 18:39:38.111322880,106919.9951171875,0.643,0.46896113109682874
2026-03-19 18:39:38.156861067,106929.99267578124,0.643,0.47007249323668876
2026-03-19 18:39:38.240225554,106929.99267578124,0.643,0.47007249297874737
2026-03-19 18:39:38.282704115,106929.99267578124,0.643,0.47007249267251816
2026-03-19 18:39:38.326714993,106929.99267578124,0.642,0.471163004704779
2026-03-19 18:39:38.370056868,106929.99267578124,0.642,0.4711630044509505
2026-03-19 18:39:38.456615448,106929.99267578124,0.642,0.4711630043232298
2026-03-19 18:39:38.526300430,106929.99267578124,0.642,0.471163004347541
2026-03-19 18:39:38.543866396,106929.99267578124,0.642,0.4711630045575683
2026-03-19 18:39:38.628014803,106929.99267578124,0.642,0.47116300488271945
2026-03-19 18:39:38.671525955,106929.99267578124,0.642,0.471163004994484
2026-03-19 18:39:38.715888023,106929.99267578124,0.642,0.4711630050930456
2026-03-19 18:39:38.800549984,106929.99267578124,0.642,0.47116300515576565
2026-03-19 18:39:38.844470739,106929.99267578124,0.642,0.4711630050177846
2026-03-19 18:39:38.888360500,106929.99267578124,0.642,0.47116300490062457
2026-03-19 18:39:38.959922552,106929.99267578124,0.646,0.46680095558541834
2026-03-19 18:39:39.017109394,106929.99267578124,0.646,0.4668009554543335
2026-03-19 18:39:39.059691906,106929.99267578124,0.646,0.4668009554455701
2026-03-19 18:39:39.103218079,106929.99267578124,0.646,0.46680095560947343
2026-03-19 18:39:39.188015699,106929.99267578124,0.646,0.46680095565186264
2026-03-19 18:39:39.232121706,106929.99267578124,0.646,0.4668009559250295
2026-03-19 18:39:39.276399136,106929.99267578124,0.646,0.4668009559657605
2026-03-19 18:39:39.320038319,106929.99267578124,0.661,0.45044327125564937
2026-03-19 18:39:39.406355381,106929.99267578124,0.661,0.4504432712158628
2026-03-19 18:39:39.448502064,106929.99267578124,0.661,0.45044327099579085
2026-03-19 18:39:39.493088722,106929.99267578124,0.661,0.4504432708594812
2026-03-19 18:39:39.576853752,106929.99267578124,0.661,0.4504432708912979
2026-03-19 18:39:39.621785641,106929.99267578124,0.676,0.43408558626069427
2026-03-19 18:39:39.666154385,106929.99267578124,0.676,0.43408558632664684
2026-03-19 18:39:39.748464346,106929.99267578124,0.676,0.4340855864284244
2026-03-19 18:39:39.792975426,106929.99267578124,0.676,0.4340855864531942
2026-03-19 18:39:39.835967541,106929.99267578124,0.676,0.4340855864896748
2026-03-19 18:39:39.920929909,106929.99267578124,0.676,0.4340855864779968
2026-03-19 18:39:39.964102507,106929.99267578124,0.691,0.4177279018445004
2026-03-19 18:39:40.008678913,106929.99267578124,0.691,0.41772790179758845
2026-03-19 18:39:40.052782297,106929.99267578124,0.691,0.41772790179908464
2026-03-19 18:39:40.138369799,106929.99267578124,0.691,0.4177279018183362
2026-03-19 18:39:40.180638552,106919.9951171875,0.691,0.41661653978436863
2026-03-19 18:39:40.224388361,106919.9951171875,0.691,0.41661653981728847
2026-03-19 18:39:40.270236492,106919.9951171875,0.705,0.4013493676086135
2026-03-19 18:39:40.310802937,106919.9951171875,0.705,0.4013493677519271
2026-03-19 18:39:40.396903276,106919.9951171875,0.705,0.401349367701646
2026-03-19 18:39:40.441746473,106919.9951171875,0.705,0.4013493676802488
2026-03-19 18:39:40.525552750,106919.9951171875,0.705,0.401349367680127
2026-03-19 18:39:40.568727493,106919.9951171875,0.705,0.401349367546458
2026-03-19 18:39:40.611938000,106919.9951171875,0.719,0.38608219531305016
2026-03-19 18:39:40.658002615,106919.9951171875,0.719,0.38608219537944655
2026-03-19 18:39:40.741236925,106919.9951171875,0.719,0.3860821953536371
2026-03-19 18:39:40.784642220,106919.9951171875,0.719,0.3860821955633341
2026-03-19 18:39:40.827649117,106919.9951171875,0.719,0.3860821954508145
2026-03-19 18:39:40.903467894,106919.9951171875,0.733,0.37081502305189773
2026-03-19 18:39:40.957420111,106919.9951171875,0.733,0.37081502312282577
2026-03-19 18:39:41.000039101,106919.9951171875,0.733,0.37081502296850105
2026-03-19 18:39:41.047152758,106919.9951171875,0.733,0.37081502287827534
2026-03-19 18:39:41.129442215,106919.9951171875,0.733,0.3708150230006158
2026-03-19 18:39:41.173290968,106919.9951171875,0.733,0.37081502290768736
2026-03-19 18:39:41.216748714,106919.9951171875,0.733,0.37081502308903586
2026-03-19 18:39:41.260735750,106919.9951171875,0.747,0.35554785089815305
2026-03-19 18:39:41.344566107,106919.9951171875,0.747,0.35554785086144336
2026-03-19 18:39:41.389396906,106919.9951171875,0.747,0.35554785096288993
2026-03-19 18:39:41.432157040,106919.9951171875,0.747,0.3555478509247528
2026-03-19 18:39:41.517990588,106919.9951171875,0.747,0.35554785094051383
2026-03-19 18:39:41.560940027,106919.9951171875,0.761,0.3402806787104085
2026-03-19 18:39:41.604147911,106919.9951171875,0.761,0.3402806786403397
2026-03-19 18:39:41.690056086,106919.9951171875,0.761,0.34028067866632344
2026-03-19 18:39:41.733817101,106919.9951171875,0.761,0.3402806789220738
2026-03-19 18:39:41.776805639,106919.9951171875,0.761,0.34028067889631863
2026-03-19 18:39:41.861878395,106919.9951171875,0.761,0.34028067890613756
2026-03-19 18:39:41.905473232,106919.9951171875,0.759,0.34246170349821364
2026-03-19 18:39:41.949754477,106919.9951171875,0.759,0.34246170318274904
2026-03-19 18:39:41.992771149,106919.9951171875,0.759,0.3424617031943322
2026-03-19 18:39:42.078212023,106919.9951171875,0.759,0.34246170336770254
2026-03-19 18:39:42.122971773,106919.9951171875,0.759,0.34246170340219767
2026-03-19 18:39:42.165603161,106909.99755859376,0.759,0.3413503414170389
2026-03-19 18:39:42.209980011,106909.99755859376,0.758,0.34244085384353395
2026-03-19 18:39:42.293423414,106909.99755859376,0.758,0.3424408536206466
2026-03-19 18:39:42.336804390,106909.99755859376,0.758,0.3424408535580422
2026-03-19 18:39:42.380974293,106909.99755859376,0.758,0.3424408535403467
2026-03-19 18:39:42.467277765,106909.99755859376,0.758,0.34244085345570235
2026-03-19 18:39:42.509986162,106909.99755859376,0.758,0.34244085366914273
2026-03-19 18:39:42.552767754,106909.99755859376,0.757,0.34353136601243095
2026-03-19 18:39:42.596956015,106909.99755859376,0.757,0.3435313658964513
2026-03-19 18:39:42.681876898,106909.99755859376,0.757,0.34353136604577134
2026-03-19 18:39:42.725358248,106909.99755859376,0.757,0.34353136617631863
2026-03-19 18:39:42.769577980,106909.99755859376,0.757,0.3435313661931398
2026-03-19 18:39:42.848321915,106909.99755859376,0.755,0.34571239091486
2026-03-19 18:39:42.896659613,106909.99755859376,0.755,0.3457123909026832
2026-03-19 18:39:42.940632105,106909.99755859376,0.755,0.34571239079441907
2026-03-19 18:39:42.984361887,106909.99755859376,0.755,0.3457123908143598
2026-03-19 18:39:43.069644213,106909.99755859376,0.755,0.3457123907470267
2026-03-19 18:39:43.114474058,106909.99755859376,0.755,0.34571239076653515
2026-03-19 18:39:43.158900023,106909.99755859376,0.755,0.3457123907827576
2026-03-19 18:39:43.241996765,106909.99755859376,0.753,0.34789341530859363
2026-03-19 18:39:43.287006378,106909.99755859376,0.753,0.34789341532866785
2026-03-19 18:39:43.329755783,106909.99755859376,0.753,0.34789341533231727
2026-03-19 18:39:43.414348364,106909.99755859376,0.753,0.3478934152355948
2026-03-19 18:39:43.458362579,106909.99755859376,0.753,0.34789341513995187
2026-03-19 18:39:43.529846430,106909.99755859376,0.752,0.3489839274014176
2026-03-19 18:39:43.544948101,106909.99755859376,0.752,0.34898392752875285
2026-03-19 18:39:43.630859375,106909.99755859376,0.752,0.34898392747761664
2026-03-19 18:39:43.673643351,106909.99755859376,0.752,0.34898392760973934
2026-03-19 18:39:43.718648911,106909.99755859376,0.752,0.3489839276580215
2026-03-19 18:39:43.802573442,106909.99755859376,0.752,0.34898392771154396
2026-03-19 18:39:43.846067905,106909.99755859376,0.75,0.35116495234360534
2026-03-19 18:39:43.890060902,106909.99755859376,0.75,0.35116495250798174
2026-03-19 18:39:43.934668303,106909.99755859376,0.75,0.3511649524665878
2026-03-19 18:39:44.019099951,106909.99755859376,0.75,0.35116495258859826
2026-03-19 18:39:44.063522577,106909.99755859376,0.75,0.3511649524205301
2026-03-19 18:39:44.109137297,106909.99755859376,0.75,0.35116495250297874
2026-03-19 18:39:44.161037445,106900.0,0.748,0.3522346148907392
2026-03-19 18:39:44.234450102,106900.0,0.748,0.3522346148872728
2026-03-19 18:39:44.278756857,106900.0,0.748,0.35223461501132164
2026-03-19 18:39:44.321469307,106900.0,0.748,0.35223461497100855
2026-03-19 18:39:44.406415701,106900.0,0.748,0.352234614878527
2026-03-19 18:39:44.451502085,106900.0,0.748,0.35223461496513114
2026-03-19 18:39:44.493709087,106900.0,0.746,0.3544156396038573
2026-03-19 18:39:44.538159132,106900.0,0.746,0.35441563964656436
2026-03-19 18:39:44.622254372,106900.0,0.746,0.3544156396779803
2026-03-19 18:39:44.666071653,106900.0,0.746,0.3544156396997654
2026-03-19 18:39:44.709968090,106900.0,0.746,0.3544156397196678
2026-03-19 18:39:44.796133757,106900.0,0.746,0.35441564006848447
2026-03-19 18:39:44.840868473,106900.0,0.744,0.3565966646895939
2026-03-19 18:39:44.883363485,106900.0,0.744,0.35659666463059286
2026-03-19 18:39:44.928105354,106900.0,0.744,0.3565966646739515
2026-03-19 18:39:45.011739254,106900.0,0.744,0.3565966644712785
2026-03-19 18:39:45.057192564,106900.0,0.744,0.356596664465226
2026-03-19 18:39:45.098083496,106900.0,0.744,0.35659666451578054
2026-03-19 18:39:45.182914972,106900.0,0.741,0.35986820140854
2026-03-19 18:39:45.226729393,106900.0,0.741,0.359868201429124
2026-03-19 18:39:45.270606518,106900.0,0.741,0.35986820143475734
2026-03-19 18:39:45.357053518,106900.0,0.741,0.3598682013190352
2026-03-19 18:39:45.399389982,106900.0,0.741,0.35986820131272174
2026-03-19 18:39:45.443361044,106900.0,0.741,0.35986820122452495
2026-03-19 18:39:45.487018108,106900.0,0.734,0.36750178714643833
2026-03-19 18:39:45.571264505,106900.0,0.734,0.3675017870097168
2026-03-19 18:39:45.614778519,106900.0,0.734,0.36750178693525826
2026-03-19 18:39:45.659162760,106900.0,0.734,0.36750178679494105
2026-03-19 18:39:45.743888855,106900.0,0.734,0.3675017869179837
2026-03-19 18:39:45.787271261,106900.0,0.721,0.38167844687467206
2026-03-19 18:39:45.830907822,106900.0,0.721,0.38167844680232876
2026-03-19 18:39:45.874363422,106900.0,0.721,0.38167844684619257
2026-03-19 18:39:45.960631132,106900.0,0.721,0.381678446724435
2026-03-19 18:39:46.006049156,106900.0,0.721,0.3816784467458898
2026-03-19 18:39:46.048456907,106900.0,0.721,0.38167844678006363
2026-03-19 18:39:46.133956431,106900.0,0.708,0.3958551067368598
2026-03-19 18:39:46.176373005,106900.0,0.708,0.39585510681569286
2026-03-19 18:39:46.219657898,106900.0,0.708,0.39585510686389586
2026-03-19 18:39:46.306298494,106900.0,0.708,0.3958551068597707
2026-03-19 18:39:46.348649502,106900.0,0.708,0.395855106894021
2026-03-19 18:39:46.391741753,106900.0,0.708,0.3958551068507011
2026-03-19 18:39:46.435046911,106900.0,0.696,0.40894125451826313
2026-03-19 18:39:46.520400286,106900.0,0.696,0.40894125458922814
2026-03-19 18:39:46.564382315,106900.0,0.696,0.40894125452305863
2026-03-19 18:39:46.608993292,106900.0,0.696,0.4089412544867006
2026-03-19 18:39:46.692996979,106900.0,0.696,0.40894125435925716
2026-03-19 18:39:46.736626625,106900.0,0.696,0.4089412543064429
2026-03-19 18:39:46.779962301,106900.0,0.698,0.4067602296806033
2026-03-19 18:39:46.824097157,106900.0,0.698,0.4067602296375435
2026-03-19 18:39:46.909937143,106900.0,0.698,0.40676022955878616
2026-03-19 18:39:46.952320337,106900.0,0.698,0.4067602295844901
2026-03-19 18:39:46.999304295,106900.0,0.698,0.40676022952491553
2026-03-19 18:39:47.081699133,106900.0,0.7,0.4045792049449909
2026-03-19 18:39:47.124766588,106900.0,0.7,0.4045792049844493
2026-03-19 18:39:47.168899775,106900.0,0.7,0.4045792050056736
2026-03-19 18:39:47.253436327,106900.0,0.7,0.4045792050811754
2026-03-19 18:39:47.298887491,106900.0,0.7,0.40457920515162554
2026-03-19 18:39:47.340463400,106900.0,0.7,0.4045792051236965
2026-03-19 18:39:47.387009382,106900.0,0.703,0.4013076682342064
2026-03-19 18:39:47.468255281,106900.0,0.703,0.4013076682507033
2026-03-19 18:39:47.512447596,106900.0,0.703,0.40130766826227643
2026-03-19 18:39:47.560506105,106900.0,0.703,0.40130766831849596
2026-03-19 18:39:47.641355991,106900.0,0.703,0.40130766827886943
2026-03-19 18:39:47.686706066,106900.0,0.703,0.40130766894522923
2026-03-19 18:39:47.729581833,106900.0,0.705,0.3991266443303515
2026-03-19 18:39:47.772761106,106900.0,0.705,0.3991266441803525
2026-03-19 18:39:47.858092308,106900.0,0.705,0.39912664403019293
2026-03-19 18:39:47.903295040,106900.0,0.705,0.3991266438824711
2026-03-19 18:39:47.946859121,106900.0,0.705,0.39912664377383245
2026-03-19 18:39:48.030762911,106900.0,0.705,0.399126643792862
2026-03-19 18:39:48.073355913,106900.0,0.707,0.39694561915219806
2026-03-19 18:39:48.118454933,106900.0,0.707,0.3969456191485072
2026-03-19 18:39:48.159877062,106900.0,0.707,0.3969456191776448
2026-03-19 18:39:48.244811773,106900.0,0.707,0.3969456191395314
2026-03-19 18:39:48.288819075,106900.0,0.707,0.3969456191064315
2026-03-19 18:39:48.333715916,106900.0,0.707,0.39694561909180165
2026-03-19 18:39:48.377192736,106900.0,0.72,0.38276895907027747
2026-03-19 18:39:48.462136984,106900.0,0.72,0.38276895904545316
2026-03-19 18:39:48.506311893,106900.0,0.72,0.3827689589879245
2026-03-19 18:39:48.549387217,106900.0,0.72,0.38276895903961417
2026-03-19 18:39:48.632915258,106900.0,0.72,0.3827689590473398
2026-03-19 18:39:48.678787708,106900.0,0.72,0.3827689591083258
2026-03-19 18:39:48.721539497,106900.0,0.733,0.3685922991717663
2026-03-19 18:39:48.764316559,106900.0,0.733,0.36859229919060504
2026-03-19 18:39:48.850101948,106900.0,0.733,0.3685922991739891
2026-03-19 18:39:48.893421888,106900.0,0.733,0.36859229919629627
2026-03-19 18:39:48.978489637,106900.0,0.733,0.36859229912075475
2026-03-19 18:39:49.021602154,106900.0,0.745,0.35550615144294445
2026-03-19 18:39:49.066171169,106900.0,0.745,0.355506151444161
2026-03-19 18:39:49.109502554,106900.0,0.745,0.35550615143048814
2026-03-19 18:39:49.194596052,106900.0,0.745,0.3555061514500136
2026-03-19 18:39:49.239032030,106900.0,0.745,0.3555061514251161
2026-03-19 18:39:49.281112909,106900.0,0.745,0.35550615136105734
2026-03-19 18:39:49.331003428,106900.0,0.758,0.3413294913692675
2026-03-19 18:39:49.409867048,106900.0,0.758,0.34132949128484164
2026-03-19 18:39:49.454836369,106900.0,0.758,0.3413294913117652
2026-03-19 18:39:49.497816801,106900.0,0.758,0.3413294913151297
2026-03-19 18:39:49.581932306,106900.0,0.758,0.34132949123794887
2026-03-19 18:39:49.626867056,106900.0,0.758,0.34132949125444556
2026-03-19 18:39:49.669466734,106900.0,0.77,0.3282433456955028
2026-03-19 18:39:49.712979317,106900.0,0.77,0.32824334562975704
2026-03-19 18:39:49.799146891,106900.0,0.77,0.32824334568099145
2026-03-19 18:39:49.841739416,106900.0,0.77,0.32824334570605024
2026-03-19 18:39:49.927014828,106900.0,0.77,0.3282433456126015
2026-03-19 18:39:49.971364737,106900.0,0.77,0.32824334555107376
2026-03-19 18:39:50.014405012,106900.0,0.783,0.3140666855110651
2026-03-19 18:39:50.058084011,106900.0,0.783,0.31406668547808736
2026-03-19 18:39:50.139388323,106929.99267578124,0.783,0.31740077203798883
2026-03-19 18:39:50.186526299,106929.99267578124,0.783,0.31740077196185523
2026-03-19 18:39:50.230314493,106929.99267578124,0.783,0.3174007718908556
2026-03-19 18:39:50.273704290,106929.99267578124,0.783,0.31740077190432636
2026-03-19 18:39:50.317937374,106929.99267578124,0.795,0.3043146242176754
2026-03-19 18:39:50.402924299,106929.99267578124,0.795,0.30431462433894413
2026-03-19 18:39:50.447083950,106929.99267578124,0.795,0.3043146244113998
2026-03-19 18:39:50.489077806,106929.99267578124,0.795,0.30431462451228386
2026-03-19 18:39:50.574171305,106929.99267578124,0.795,0.3043146246738012
2026-03-19 18:39:50.618889809,106929.99267578124,0.795,0.30431462478566884
2026-03-19 18:39:50.662315845,106929.99267578124,0.807,0.29122847726546675
2026-03-19 18:39:50.747124910,106929.99267578124,0.807,0.2912284773390814
2026-03-19 18:39:50.791858435,106929.99267578124,0.807,0.2912284773982689
2026-03-19 18:39:50.834101200,106929.99267578124,0.807,0.29122847756483383
2026-03-19 18:39:50.919095755,106929.99267578124,0.807,0.2912284777194454
2026-03-19 18:39:50.961995602,106929.99267578124,0.819,0.2781423301435202
2026-03-19 18:39:51.007236719,106929.99267578124,0.819,0.27814233010467354
2026-03-19 18:39:51.049849510,106929.99267578124,0.819,0.2781423301588357
2026-03-19 18:39:51.134372950,106929.99267578124,0.819,0.2781423300303242
2026-03-19 18:39:51.178580284,106929.99267578124,0.819,0.2781423298928682
2026-03-19 18:39:51.223585129,106929.99267578124,0.819,0.27814232986667875
2026-03-19 18:39:51.267883301,106929.99267578124,0.831,0.2650561823077362
2026-03-19 18:39:51.351162910,106929.99267578124,0.831,0.2650561821732808
2026-03-19 18:39:51.396953821,106929.99267578124,0.831,0.26505618219243476
2026-03-19 18:39:51.438688517,106929.99267578124,0.831,0.26505618219617116
2026-03-19 18:39:51.524215698,106929.99267578124,0.831,0.26505618212400556
2026-03-19 18:39:51.567104816,106929.99267578124,0.831,0.26505618213980364
2026-03-19 18:39:51.610329628,106929.99267578124,0.844,0.250879522245694
2026-03-19 18:39:51.696934223,106929.99267578124,0.844,0.250879522313112
2026-03-19 18:39:51.739833117,106929.99267578124,0.844,0.2508795223490911
2026-03-19 18:39:51.782399893,106929.99267578124,0.844,0.2508795222963336
2026-03-19 18:39:51.868205070,106929.99267578124,0.844,0.25087952229137
2026-03-19 18:39:51.912030458,106929.99267578124,0.844,0.2508795224092267
2026-03-19 18:39:51.955206394,106929.99267578124,0.837,0.2585131085688876
2026-03-19 18:39:52.000183105,106929.99267578124,0.837,0.2585131085429344
2026-03-19 18:39:52.085007906,106929.99267578124,0.837,0.2585131085190556
2026-03-19 18:39:52.127116442,106929.99267578124,0.837,0.2585131083745953
2026-03-19 18:39:52.171190500,106879.99267578124,0.837,0.2529549404959394
2026-03-19 18:39:52.214141846,106879.99267578124,0.837,0.25295494055156453
2026-03-19 18:39:52.258722067,106879.99267578124,0.835,0.2551359651259312
2026-03-19 18:39:52.344489813,106879.99267578124,0.835,0.25513596527095483
2026-03-19 18:39:52.387149572,106879.99267578124,0.835,0.25513596526153925
2026-03-19 18:39:52.429997206,106879.99267578124,0.835,0.2551359650176522
2026-03-19 18:39:52.515103102,106879.99267578124,0.835,0.2551359650454108
2026-03-19 18:39:52.562713623,106879.99267578124,0.835,0.25513596503444586
2026-03-19 18:39:52.603061914,106879.99267578124,0.832,0.2584075020572422
2026-03-19 18:39:52.688118458,106879.99267578124,0.832,0.2584075022735232
2026-03-19 18:39:52.731980324,106879.99267578124,0.832,0.2584075024145445
2026-03-19 18:39:52.776225805,106879.99267578124,0.832,0.2584075025235605
2026-03-19 18:39:52.859990597,106879.99267578124,0.832,0.258407502634649
2026-03-19 18:39:52.902631760,106879.99267578124,0.829,0.2616790396323915
2026-03-19 18:39:52.948339224,106879.99267578124,0.829,0.261679039799751
2026-03-19 18:39:52.991524935,106879.99267578124,0.829,0.2616790399738653
2026-03-19 18:39:53.075512171,106879.99267578124,0.829,0.2616790400537784
2026-03-19 18:39:53.119903803,106879.99267578124,0.829,0.2616790401693641
2026-03-19 18:39:53.163041830,106879.99267578124,0.829,0.261679040442667
2026-03-19 18:39:53.214752913,106879.99267578124,0.818,0.2736746759417836
2026-03-19 18:39:53.292350292,106879.99267578124,0.818,0.2736746760192493
2026-03-19 18:39:53.335324287,106879.99267578124,0.818,0.27367467624510033
2026-03-19 18:39:53.378777027,106879.99267578124,0.818,0.2736746763400283
2026-03-19 18:39:53.464540720,106879.99267578124,0.818,0.2736746763844728
2026-03-19 18:39:53.508174896,106879.99267578124,0.818,0.2736746764467409
2026-03-19 18:39:53.557992220,106879.99267578124,0.805,0.28785133620249975
2026-03-19 18:39:53.636085272,106879.99267578124,0.805,0.28785133598197343
2026-03-19 18:39:53.680045843,106879.99267578124,0.805,0.287851335727843
2026-03-19 18:39:53.722853422,106879.99267578124,0.805,0.28785133521290823
2026-03-19 18:39:53.809255123,106879.99267578124,0.805,0.28785133476040853
2026-03-19 18:39:53.852945089,106879.99267578124,0.805,0.28785133444211286
2026-03-19 18:39:53.895629406,106879.99267578124,0.792,0.3020279943862012
2026-03-19 18:39:53.941575050,106879.99267578124,0.792,0.30202799450542084
2026-03-19 18:39:54.024350882,106879.99267578124,0.792,0.30202799491895904
2026-03-19 18:39:54.069700956,106879.99267578124,0.792,0.3020279954486973
2026-03-19 18:39:54.112798929,106879.99267578124,0.792,0.30202799573083927
2026-03-19 18:39:54.158284187,106909.99755859376,0.792,0.3053634394656876
2026-03-19 18:39:54.240028858,106909.99755859376,0.779,0.3195400995162573
2026-03-19 18:39:54.285099268,106909.99755859376,0.779,0.3195400995717207
2026-03-19 18:39:54.328578472,106909.99755859376,0.779,0.3195400994519297
2026-03-19 18:39:54.413064480,106909.99755859376,0.779,0.3195400993924892
2026-03-19 18:39:54.462208033,106909.99755859376,0.779,0.31954009906974856
2026-03-19 18:39:54.499849796,106909.99755859376,0.779,0.3195400988455609
2026-03-19 18:39:54.543169975,106909.99755859376,0.767,0.33262624635700505
2026-03-19 18:39:54.628269196,106909.99755859376,0.767,0.3326262462677413
2026-03-19 18:39:54.671462297,106909.99755859376,0.767,0.33262624632752963
2026-03-19 18:39:54.715447903,106909.99755859376,0.767,0.3326262465253956
2026-03-19 18:39:54.800268888,106909.99755859376,0.767,0.33262624665858237
2026-03-19 18:39:54.843556643,106909.99755859376,0.754,0.34680290677197034
2026-03-19 18:39:54.888223886,106909.99755859376,0.754,0.346802907007387
2026-03-19 18:39:54.935922861,106909.99755859376,0.754,0.3468029070945782
2026-03-19 18:39:55.016196966,106909.99755859376,0.754,0.34680290712464906
2026-03-19 18:39:55.061486483,106909.99755859376,0.754,0.346802907189315
2026-03-19 18:39:55.107138872,106909.99755859376,0.754,0.34680290708131994
2026-03-19 18:39:55.189379215,106909.99755859376,0.742,0.35988905455657194
2026-03-19 18:39:55.232653141,106909.99755859376,0.742,0.35988905447737163
2026-03-19 18:39:55.276861668,106909.99755859376,0.742,0.3598890542206485
2026-03-19 18:39:55.361308575,106909.99755859376,0.742,0.35988905402217836
2026-03-19 18:39:55.407058477,106909.99755859376,0.742,0.35988905384294095
2026-03-19 18:39:55.449883223,106909.99755859376,0.742,0.3598890537805764
2026-03-19 18:39:55.493966341,106909.99755859376,0.73,0.372975201461998
2026-03-19 18:39:55.577625036,106909.99755859376,0.73,0.3729752015458936
2026-03-19 18:39:55.620827198,106909.99755859376,0.73,0.3729752016513109
2026-03-19 18:39:55.664670467,106909.99755859376,0.73,0.37297520178043064
2026-03-19 18:39:55.749913931,106909.99755859376,0.73,0.3729752017772138
2026-03-19 18:39:55.793967009,106909.99755859376,0.73,0.3729752017700928
2026-03-19 18:39:55.836800575,106909.99755859376,0.717,0.3871518616479439
2026-03-19 18:39:55.883213997,106909.99755859376,0.717,0.38715186148056535
2026-03-19 18:39:55.966041565,106909.99755859376,0.717,0.3871518615254191
2026-03-19 18:39:56.011111498,106909.99755859376,0.717,0.3871518615244982
2026-03-19 18:39:56.054554224,106909.99755859376,0.717,0.38715186151003156
2026-03-19 18:39:56.137749910,106909.99755859376,0.706,0.39914749690034435
2026-03-19 18:39:56.181353807,106900.0,0.706,0.39803613481326533
2026-03-19 18:39:56.225369215,106900.0,0.706,0.3980361348569011
2026-03-19 18:39:56.269093037,106900.0,0.706,0.39803613499171014
2026-03-19 18:39:56.356300354,106900.0,0.706,0.3980361349654643
2026-03-19 18:39:56.397413492,106900.0,0.706,0.39803613484035516
2026-03-19 18:39:56.442092896,106900.0,0.706,0.39803613476273314
2026-03-19 18:39:56.484083891,106900.0,0.694,0.41112228236844983
2026-03-19 18:39:56.569711685,106900.0,0.694,0.41112228240201504
2026-03-19 18:39:56.612881899,106900.0,0.694,0.4111222825478426
2026-03-19 18:39:56.659702301,106900.0,0.694,0.4111222826095449
2026-03-19 18:39:56.741480827,106900.0,0.694,0.41112228274867013
2026-03-19 18:39:56.785906792,106900.0,0.683,0.4231179181378275
2026-03-19 18:39:56.829411983,106900.0,0.683,0.42311791813639593
2026-03-19 18:39:56.873255253,106900.0,0.683,0.423117918168611
2026-03-19 18:39:56.958497763,106900.0,0.683,0.4231179181303922
2026-03-19 18:39:57.005569696,106900.0,0.683,0.42311791810673144
2026-03-19 18:39:57.045677900,106900.0,0.683,0.42311791815075134
2026-03-19 18:39:57.129579066,106900.0,0.671,0.4362040657524561
2026-03-19 18:39:57.174789667,106900.0,0.671,0.43620406581247806
2026-03-19 18:39:57.217361927,106900.0,0.671,0.43620406586339905
2026-03-19 18:39:57.302513599,106900.0,0.671,0.4362040657901592
2026-03-19 18:39:57.348526955,106900.0,0.671,0.4362040657720568
2026-03-19 18:39:57.390830517,106900.0,0.671,0.43620406575256576
2026-03-19 18:39:57.436424494,106900.0,0.66,0.4481997010109057
2026-03-19 18:39:57.518387318,106900.0,0.66,0.44819970096149214
2026-03-19 18:39:57.563479662,106900.0,0.66,0.4481997010032373
2026-03-19 18:39:57.607258558,106900.0,0.66,0.4481997009582484
2026-03-19 18:39:57.690587759,106900.0,0.66,0.448199700910451
2026-03-19 18:39:57.734215021,106900.0,0.66,0.4481997008955583
2026-03-19 18:39:57.777649164,106900.0,0.649,0.46019533617700425
2026-03-19 18:39:57.820530891,106900.0,0.649,0.4601953362064424
2026-03-19 18:39:57.909063578,106900.0,0.649,0.46019533621020575
2026-03-19 18:39:57.951079845,106900.0,0.649,0.46019533625324727
2026-03-19 18:39:57.997317791,106900.0,0.649,0.46019533632942533
2026-03-19 18:39:58.079915047,106900.0,0.639,0.47110045936154094
2026-03-19 18:39:58.122117758,106900.0,0.639,0.4711004593827034
2026-03-19 18:39:58.165833950,106909.99755859376,0.639,0.4722118217117899
2026-03-19 18:39:58.209244013,106909.99755859376,0.639,0.47221182176285564
2026-03-19 18:39:58.294594765,106909.99755859376,0.639,0.47221182185791255
2026-03-19 18:39:58.337293625,106909.99755859376,0.639,0.4722118219379783
2026-03-19 18:39:58.382181644,106909.99755859376,0.639,0.4722118219124614
2026-03-19 18:39:58.427114725,106909.99755859376,0.638,0.4733023342276959
2026-03-19 18:39:58.510379314,106909.99755859376,0.638,0.47330233437759106
2026-03-19 18:39:58.554159403,106909.99755859376,0.638,0.47330233439152974
2026-03-19 18:39:58.596740961,106909.99755859376,0.638,0.4733023344728934
2026-03-19 18:39:58.681977034,106909.99755859376,0.638,0.4733023345408867
2026-03-19 18:39:58.726326942,106909.99755859376,0.638,0.47330233458424475
2026-03-19 18:39:58.769888163,106909.99755859376,0.637,0.4743928469435472
2026-03-19 18:39:58.855985403,106909.99755859376,0.637,0.47439284699408557
2026-03-19 18:39:58.899250746,106909.99755859376,0.637,0.47439284699941753
2026-03-19 18:39:58.942996502,106909.99755859376,0.637,0.4743928469636136
