x_coord,y_coord,pressure_bar,dist_to_ice_m,roll_deg,pitch_deg,timestamp_s
0.6,0.0,1.096,0.61,0.57,-0.78,0.0
1.2,0.0,1.105,0.59,1.14,0.49,0.5
1.8,0.0,1.101,0.62,-0.73,-0.78,1.0
2.4,0.0,1.104,0.62,-0.65,-0.69,1.5
3.0,0.0,1.104,0.62,0.06,0.26,2.0
3.6,0.0,1.097,0.59,-0.37,-0.25,2.5
4.2,0.0,1.104,0.61,-0.74,-0.44,3.0
4.8,0.0,1.102,0.62,0.56,0.3,3.5
5.4,0.0,1.096,0.6,0.41,0.15,4.0
6.0,0.0,1.099,0.62,1.06,0.29,4.5
6.6,0.0,1.097,0.59,-0.76,-0.67,5.0
7.2,0.0,1.097,0.62,-0.65,0.2,5.5
7.8,0.0,1.097,0.58,1.04,0.19,6.0
8.4,0.0,1.095,0.62,0.36,0.03,6.5
9.0,0.0,1.099,0.62,0.96,-0.63,7.0
9.6,0.0,1.105,0.59,0.73,0.56,7.5
10.2,0.0,1.102,0.58,1.08,-0.13,8.0
10.8,0.0,1.105,0.59,0.39,-0.78,8.5
11.4,0.0,1.097,0.6,-0.41,-0.35,9.0
12.0,0.0,1.102,0.58,1.15,0.51,9.5
12.6,0.0,1.097,0.59,0.95,-0.16,10.0
13.2,0.0,1.102,0.62,0.67,0.4,10.5
13.8,0.0,1.096,0.58,0.23,-0.49,11.0
14.4,0.0,1.1,0.59,-0.27,0.25,11.5
15.0,0.0,1.104,0.6,-0.22,-0.12,12.0
15.6,0.0,1.097,0.58,0.57,0.6,12.5
16.2,0.0,1.103,0.61,0.41,0.63,13.0
16.8,0.0,1.101,0.58,0.4,0.72,13.5
17.4,0.0,1.098,0.6,0.17,-0.74,14.0
18.0,0.0,1.105,0.59,0.85,0.45,14.5
18.6,0.0,1.096,0.58,0.94,-0.58,15.0
19.2,0.0,1.098,0.59,0.48,0.68,15.5
19.8,0.0,1.1,0.61,-0.81,0.76,16.0
20.4,0.0,1.096,0.59,-0.59,0.75,16.5
21.0,0.0,1.103,0.58,0.46,0.14,17.0
21.6,0.0,1.102,0.59,0.5,0.38,17.5
22.2,0.0,1.104,0.62,1.11,0.77,18.0
22.8,0.0,1.103,0.6,1.16,0.02,18.5
23.4,0.0,1.097,0.59,1.09,0.17,19.0
24.0,0.0,1.099,0.59,0.26,-0.19,19.5
24.6,0.0,1.096,0.59,0.35,0.62,20.0
25.2,0.0,1.103,0.59,-0.74,-0.54,20.5
25.8,0.0,1.095,0.61,-1.0,0.09,21.0
26.4,0.0,1.103,0.59,-0.15,-0.07,21.5
27.0,0.0,1.101,0.6,-0.89,0.58,22.0
27.6,0.0,1.1,0.61,1.07,0.47,22.5
28.2,0.0,1.102,0.61,-0.1,-0.08,23.0
28.8,0.0,1.101,0.61,-0.23,0.72,23.5
29.4,0.0,1.099,0.59,-0.08,0.16,24.0
30.0,0.0,1.1,0.58,-0.8,-0.67,24.5
30.6,0.0,1.104,0.61,0.08,-0.63,25.0
31.2,0.0,1.098,0.62,1.19,0.57,25.5
31.8,0.0,1.097,0.62,0.85,-0.63,26.0
32.4,0.0,1.099,0.58,-0.42,0.35,26.5
33.0,0.0,1.102,0.6,-0.57,-0.27,27.0
33.6,0.0,1.099,0.62,-0.78,-0.68,27.5
34.2,0.0,1.101,0.61,-0.88,-0.78,28.0
34.8,0.0,1.099,0.61,-0.64,-0.5,28.5
35.4,0.0,1.105,0.59,-0.87,-0.07,29.0
36.0,0.0,1.097,0.61,0.52,-0.65,29.5
36.6,0.0,1.1,0.59,1.16,-0.39,30.0
37.2,0.0,1.098,0.59,-0.16,-0.66,30.5
37.8,0.0,1.097,0.58,0.88,-0.05,31.0
38.4,0.0,1.102,0.59,-0.78,0.55,31.5
39.0,0.0,1.101,0.61,0.88,0.48,32.0
39.6,0.0,1.1,0.58,-0.96,-0.36,32.5
40.2,0.0,1.103,0.61,0.49,0.6,33.0
40.8,0.0,1.097,0.61,0.46,-0.54,33.5
41.4,0.0,1.101,0.62,-0.26,-0.11,34.0
42.0,0.0,1.096,0.6,-0.82,-0.09,34.5
42.6,0.0,1.099,0.6,1.2,-0.31,35.0
43.2,0.0,1.098,0.6,0.63,-0.16,35.5
43.8,0.0,1.097,0.6,-0.15,0.12,36.0
44.4,0.0,1.099,0.61,-0.36,0.14,36.5
45.0,0.0,1.096,0.6,-0.77,0.17,37.0
45.6,0.0,1.096,0.59,0.5,-0.18,37.5
46.2,0.0,1.105,0.6,-0.95,0.04,38.0
46.8,0.0,1.102,0.62,0.07,-0.76,38.5
47.4,0.0,1.102,0.59,0.75,-0.71,39.0
48.0,0.0,1.099,0.6,-0.64,-0.59,39.5
48.6,0.0,1.102,0.6,0.64,0.06,40.0
49.2,0.0,1.097,0.59,-0.03,-0.61,40.5
49.8,0.0,1.105,0.61,0.19,-0.08,41.0
50.4,0.0,1.1,0.6,0.48,-0.71,41.5
51.0,0.0,1.096,0.6,0.64,-0.39,42.0
51.6,0.0,1.104,0.59,-0.16,-0.1,42.5
52.2,0.0,1.102,0.58,-0.37,-0.32,43.0
52.8,0.0,1.099,0.6,-0.04,-0.62,43.5
53.4,0.0,1.102,0.61,0.26,-0.44,44.0
54.0,0.0,1.098,0.58,0.86,0.32,44.5
54.6,0.0,1.103,0.58,-0.55,-0.34,45.0
55.2,0.0,1.104,0.58,0.7,0.33,45.5
55.8,0.0,1.102,0.61,-1.1,0.21,46.0
56.4,0.0,1.1,0.61,0.99,-0.14,46.5
57.0,0.0,1.104,0.6,-0.45,0.02,47.0
57.6,0.0,1.101,0.58,0.43,-0.47,47.5
58.2,0.0,1.102,0.58,0.97,0.55,48.0
58.8,0.0,1.104,0.62,-0.2,-0.42,48.5
59.4,0.0,1.102,0.59,0.47,-0.55,49.0
60.0,0.0,1.097,0.61,-0.5,-0.0,49.5
60.6,0.0,1.105,0.61,-1.07,-0.62,50.0
61.2,0.0,1.102,0.59,0.63,0.1,50.5
61.8,0.0,1.097,0.58,0.97,0.41,51.0
62.4,0.0,1.1,0.59,-0.06,0.79,51.5
63.0,0.0,1.096,0.59,0.79,-0.26,52.0
63.6,0.0,1.099,0.62,0.02,-0.76,52.5
64.2,0.0,1.103,0.61,0.2,0.79,53.0
64.8,0.0,1.103,0.59,0.14,-0.01,53.5
65.4,0.0,1.098,0.59,-0.61,0.05,54.0
66.0,0.0,1.1,0.61,0.64,-0.13,54.5
66.6,0.0,1.099,0.6,1.12,-0.47,55.0
67.2,0.0,1.096,0.61,-0.82,0.11,55.5
67.8,0.0,1.103,0.6,-0.64,-0.36,56.0
68.4,0.0,1.104,0.61,0.71,0.07,56.5
69.0,0.0,1.105,0.6,0.28,-0.74,57.0
69.6,0.0,1.102,0.58,0.74,0.4,57.5
70.2,0.0,1.099,0.58,-0.99,-0.43,58.0
70.8,0.0,1.097,0.61,1.02,0.53,58.5
71.4,0.0,1.098,0.62,0.68,0.37,59.0
72.0,0.0,1.105,0.61,0.07,0.17,59.5
72.6,0.0,1.095,0.61,-0.66,-0.61,60.0
73.2,0.0,1.101,0.58,0.22,-0.68,60.5
73.8,0.0,1.101,0.6,-0.81,0.12,61.0
74.4,0.0,1.104,0.6,-0.09,-0.73,61.5
75.0,0.0,1.104,0.61,-1.11,-0.16,62.0
75.6,0.0,1.098,0.6,0.77,0.38,62.5
76.2,0.0,1.096,0.59,0.2,0.71,63.0
76.8,0.0,1.097,0.61,0.05,0.2,63.5
77.4,0.0,1.104,0.59,-0.37,-0.37,64.0
78.0,0.0,1.098,0.58,-0.13,-0.12,64.5
78.6,0.0,1.102,0.59,-0.15,0.44,65.0
79.2,0.0,1.101,0.58,0.82,-0.08,65.5
79.8,0.0,1.097,0.58,0.39,0.3,66.0
80.4,0.0,1.104,0.6,-0.7,-0.5,66.5
81.0,0.0,1.097,0.59,0.53,-0.63,67.0
81.6,0.0,1.096,0.58,1.03,-0.23,67.5
82.2,0.0,1.105,0.59,-0.52,0.41,68.0
82.8,0.0,1.102,0.6,1.01,-0.06,68.5
83.4,0.0,1.102,0.59,1.17,0.44,69.0
84.0,0.0,1.104,0.59,1.18,-0.18,69.5
84.6,0.0,1.104,0.58,1.14,0.18,70.0
85.2,0.0,1.103,0.59,0.66,0.48,70.5
85.8,0.0,1.098,0.61,-0.72,0.63,71.0
86.4,0.0,1.104,0.6,-0.12,0.54,71.5
87.0,0.0,1.096,0.61,0.49,0.52,72.0
87.6,0.0,1.098,0.58,-0.95,0.3,72.5
88.2,0.0,1.105,0.6,-0.24,0.59,73.0
88.8,0.0,1.097,0.58,1.04,-0.7,73.5
89.4,0.0,1.095,0.61,0.27,-0.18,74.0
90.0,0.0,1.102,0.59,-0.51,0.02,74.5
90.6,0.0,1.103,0.59,0.84,0.03,75.0
91.2,0.0,1.099,0.59,0.74,0.09,75.5
91.8,0.0,1.104,0.6,0.2,0.11,76.0
92.4,0.0,1.102,0.62,0.5,-0.72,76.5
93.0,0.0,1.102,0.62,-0.78,-0.32,77.0
93.6,0.0,1.1,0.61,-1.04,-0.41,77.5
94.2,0.0,1.096,0.6,-0.5,-0.05,78.0
94.8,0.0,1.101,0.58,-1.13,0.21,78.5
95.4,0.0,1.1,0.62,0.06,0.75,79.0
96.0,0.0,1.102,0.59,-0.35,-0.43,79.5
96.6,0.0,1.104,0.59,-1.14,0.57,80.0
97.2,0.0,1.105,0.6,0.6,0.62,80.5
97.8,0.0,1.1,0.61,-0.46,0.73,81.0
98.4,0.0,1.103,0.62,0.03,0.24,81.5
99.0,0.0,1.098,0.62,0.04,0.33,82.0
99.6,0.0,1.105,0.62,0.41,-0.61,82.5
100,5.0,1.104,0.59,-0.32,0.25,83.0
99.4,5.0,1.099,0.59,-1.07,0.2,83.5
98.8,5.0,1.099,0.6,0.06,0.74,84.0
98.2,5.0,1.104,0.6,-0.31,-0.6,84.5
97.6,5.0,1.098,0.59,-0.13,0.75,85.0
97.0,5.0,1.096,0.6,0.79,-0.29,85.5
96.4,5.0,1.103,0.62,0.75,0.72,86.0
95.8,5.0,1.1,0.61,0.1,0.64,86.5
95.2,5.0,1.097,0.61,-1.15,-0.19,87.0
94.6,5.0,1.1,0.62,-1.16,-0.21,87.5
94.0,5.0,1.102,0.62,-0.87,-0.51,88.0
93.4,5.0,1.105,0.61,-0.61,-0.11,88.5
92.8,5.0,1.101,0.6,-0.4,-0.35,89.0
92.2,5.0,1.102,0.62,-0.68,0.7,89.5
91.6,5.0,1.097,0.59,-0.73,-0.53,90.0
91.0,5.0,1.097,0.6,0.98,-0.7,90.5
90.4,5.0,1.102,0.6,-0.63,-0.41,91.0
89.8,5.0,1.1,0.6,1.05,-0.71,91.5
89.2,5.0,1.101,0.59,-0.78,0.8,92.0
88.6,5.0,1.095,0.61,-1.03,-0.38,92.5
88.0,5.0,1.104,0.62,0.51,-0.01,93.0
87.4,5.0,1.096,0.61,-0.44,0.27,93.5
86.8,5.0,1.101,0.61,-0.22,-0.59,94.0
86.2,5.0,1.102,0.6,0.87,-0.14,94.5
85.6,5.0,1.103,0.59,0.74,-0.79,95.0
85.0,5.0,1.099,0.58,0.44,0.15,95.5
84.4,5.0,1.101,0.61,-0.07,-0.1,96.0
83.8,5.0,1.1,0.61,-0.21,-0.25,96.5
83.2,5.0,1.1,0.59,0.3,0.41,97.0
82.6,5.0,1.102,0.6,1.15,0.01,97.5
82.0,5.0,1.096,0.62,-1.04,0.16,98.0
81.4,5.0,1.096,0.61,-0.95,-0.09,98.5
80.8,5.0,1.098,0.62,-0.63,-0.42,99.0
80.2,5.0,1.104,0.6,0.0,0.23,99.5
79.6,5.0,1.098,0.59,-0.54,0.6,100.0
79.0,5.0,1.102,0.61,0.91,0.7,100.5
78.4,5.0,1.105,0.58,-0.66,-0.47,101.0
77.8,5.0,1.104,0.6,-1.06,0.5,101.5
77.2,5.0,1.104,0.59,0.14,-0.17,102.0
76.6,5.0,1.1,0.62,0.57,-0.03,102.5
76.0,5.0,1.103,0.59,-0.36,-0.23,103.0
75.4,5.0,1.098,0.6,0.77,-0.23,103.5
74.8,5.0,1.099,0.61,-0.59,0.55,104.0
74.2,5.0,1.099,0.58,-1.08,0.37,104.5
73.6,5.0,1.1,0.6,-1.0,-0.3,105.0
73.0,5.0,1.1,0.58,-0.76,-0.02,105.5
72.4,5.0,1.095,0.6,-0.53,-0.19,106.0
71.8,5.0,1.1,0.59,-0.51,0.35,106.5
71.2,5.0,1.103,0.61,0.44,0.8,107.0
70.6,5.0,1.099,0.59,-0.0,-0.36,107.5
70.0,5.0,1.105,0.59,-0.17,-0.62,108.0
69.4,5.0,1.102,0.62,-0.33,0.21,108.5
68.8,5.0,1.099,0.61,1.07,0.15,109.0
68.2,5.0,1.098,0.58,0.48,-0.56,109.5
67.6,5.0,1.096,0.59,-0.98,-0.29,110.0
67.0,5.0,1.098,0.62,-0.31,0.63,110.5
66.4,5.0,1.1,0.59,0.65,0.61,111.0
65.8,5.0,1.102,0.6,-0.7,-0.41,111.5
65.2,5.0,1.101,0.59,-1.01,0.64,112.0
64.6,5.0,1.096,0.62,0.1,-0.27,112.5
64.0,5.0,1.098,0.58,-0.2,-0.47,113.0
63.4,5.0,1.099,0.61,-0.78,-0.34,113.5
62.8,5.0,1.104,0.6,-0.44,0.06,114.0
62.2,5.0,1.102,0.58,0.83,-0.42,114.5
61.6,5.0,1.097,0.59,0.2,0.03,115.0
61.0,5.0,1.1,0.58,-0.15,0.36,115.5
60.4,5.0,1.096,0.6,0.88,-0.68,116.0
59.8,5.0,1.101,0.61,1.04,0.07,116.5
59.2,5.0,1.1,0.6,0.97,-0.75,117.0
58.6,5.0,1.103,0.6,0.56,0.49,117.5
58.0,5.0,1.098,0.59,-0.43,0.62,118.0
57.4,5.0,1.1,0.6,-0.82,-0.64,118.5
56.8,5.0,1.096,0.62,-0.32,-0.34,119.0
56.2,5.0,1.097,0.59,0.29,0.72,119.5
55.6,5.0,1.096,0.6,0.53,0.45,120.0
55.0,5.0,1.102,0.6,-0.9,0.63,120.5
54.4,5.0,1.1,0.62,0.02,0.08,121.0
53.8,5.0,1.104,0.58,-0.46,-0.29,121.5
53.2,5.0,1.101,0.61,0.82,-0.69,122.0
52.6,5.0,1.099,0.59,-1.18,-0.5,122.5
52.0,5.0,1.103,0.6,0.12,0.67,123.0
51.4,5.0,1.105,0.59,-0.34,0.73,123.5
50.8,5.0,1.099,0.61,0.29,0.72,124.0
50.2,5.0,1.104,0.59,-0.55,-0.8,124.5
49.6,5.0,1.104,0.59,-0.58,-0.45,125.0
49.0,5.0,1.102,0.6,-0.81,-0.24,125.5
48.4,5.0,1.102,0.58,-1.17,-0.33,126.0
47.8,5.0,1.102,0.6,0.08,-0.16,126.5
47.2,5.0,1.099,0.62,0.42,0.28,127.0
46.6,5.0,1.099,0.61,0.31,-0.17,127.5
46.0,5.0,1.104,0.6,-0.16,-0.71,128.0
45.4,5.0,1.098,0.58,0.75,0.25,128.5
44.8,5.0,1.098,0.6,1.08,-0.23,129.0
44.2,5.0,1.097,0.59,-1.19,-0.29,129.5
43.6,5.0,1.103,0.61,-0.66,0.49,130.0
43.0,5.0,1.1,0.59,-0.14,0.77,130.5
42.4,5.0,1.102,0.59,0.3,-0.31,131.0
41.8,5.0,1.1,0.59,0.55,-0.22,131.5
41.2,5.0,1.097,0.58,0.39,-0.04,132.0
40.6,5.0,1.096,0.59,0.32,-0.13,132.5
40.0,5.0,1.103,0.59,0.24,0.32,133.0
39.4,5.0,1.099,0.61,0.42,0.38,133.5
38.8,5.0,1.096,0.62,0.87,0.03,134.0
38.2,5.0,1.102,0.59,-1.06,0.67,134.5
37.6,5.0,1.105,0.6,-0.31,0.28,135.0
37.0,5.0,1.1,0.59,0.25,-0.45,135.5
36.4,5.0,1.102,0.61,1.0,-0.63,136.0
35.8,5.0,1.099,0.59,-0.57,-0.28,136.5
35.2,5.0,1.102,0.58,-0.04,-0.55,137.0
34.6,5.0,1.103,0.6,-0.14,0.51,137.5
34.0,5.0,1.1,0.6,0.6,-0.05,138.0
33.4,5.0,1.096,0.6,-0.22,0.15,138.5
32.8,5.0,1.095,0.61,-0.36,-0.02,139.0
32.2,5.0,1.099,0.59,0.67,0.11,139.5
31.6,5.0,1.098,0.58,0.64,0.01,140.0
31.0,5.0,1.103,0.61,0.54,-0.06,140.5
30.4,5.0,1.095,0.58,-1.13,-0.16,141.0
29.8,5.0,1.097,0.58,0.85,0.69,141.5
29.2,5.0,1.1,0.6,-0.38,-0.09,142.0
28.6,5.0,1.099,0.61,-0.91,0.28,142.5
28.0,5.0,1.102,0.6,-0.66,0.52,143.0
27.4,5.0,1.1,0.61,0.53,0.75,143.5
26.8,5.0,1.1,0.6,0.89,-0.23,144.0
26.2,5.0,1.103,0.59,-0.6,-0.54,144.5
25.6,5.0,1.101,0.6,-1.12,0.64,145.0
25.0,5.0,1.104,0.6,-0.28,-0.39,145.5
24.4,5.0,1.104,0.61,0.18,0.51,146.0
23.8,5.0,1.102,0.59,-0.68,-0.12,146.5
23.2,5.0,1.1,0.58,-0.89,0.61,147.0
22.6,5.0,1.101,0.61,-1.2,-0.78,147.5
22.0,5.0,1.099,0.61,1.08,-0.32,148.0
21.4,5.0,1.104,0.6,-0.73,0.01,148.5
20.8,5.0,1.103,0.58,0.92,-0.28,149.0
20.2,5.0,1.104,0.59,0.55,-0.09,149.5
19.6,5.0,1.099,0.6,1.02,0.23,150.0
19.0,5.0,1.104,0.62,0.62,-0.51,150.5
18.4,5.0,1.104,0.59,1.16,-0.53,151.0
17.8,5.0,1.103,0.61,-0.82,-0.55,151.5
17.2,5.0,1.102,0.61,-0.68,-0.07,152.0
16.6,5.0,1.096,0.59,1.16,0.25,152.5
16.0,5.0,1.102,0.62,0.16,0.49,153.0
15.4,5.0,1.095,0.59,0.91,0.21,153.5
14.8,5.0,1.101,0.58,0.21,-0.11,154.0
14.2,5.0,1.097,0.61,1.04,-0.64,154.5
13.6,5.0,1.096,0.61,0.96,-0.0,155.0
13.0,5.0,1.104,0.61,-0.47,0.63,155.5
12.4,5.0,1.099,0.6,-0.06,0.16,156.0
11.8,5.0,1.097,0.61,0.8,0.37,156.5
11.2,5.0,1.099,0.59,-0.55,0.02,157.0
10.6,5.0,1.103,0.62,-0.43,-0.17,157.5
10.0,5.0,1.102,0.6,1.08,-0.35,158.0
9.4,5.0,1.104,0.6,0.59,-0.8,158.5
8.8,5.0,1.105,0.59,0.07,0.12,159.0
8.2,5.0,1.103,0.61,0.33,-0.76,159.5
7.6,5.0,1.104,0.61,-0.04,-0.39,160.0
7.0,5.0,1.102,0.59,1.08,0.51,160.5
6.4,5.0,1.098,0.59,-0.11,0.62,161.0
5.8,5.0,1.1,0.61,-0.33,-0.16,161.5
5.2,5.0,1.095,0.59,-1.03,0.35,162.0
4.6,5.0,1.097,0.59,-0.99,-0.01,162.5
4.0,5.0,1.102,0.6,-0.85,-0.12,163.0
3.4,5.0,1.104,0.58,0.77,0.34,163.5
2.8,5.0,1.102,0.6,0.29,-0.51,164.0
2.2,5.0,1.096,0.59,-0.28,0.38,164.5
1.6,5.0,1.098,0.6,1.11,0.68,165.0
1.0,5.0,1.105,0.61,-0.44,-0.6,165.5
0.4,5.0,1.1,0.62,0.65,-0.46,166.0
0,10.0,1.102,0.61,0.92,-0.33,166.5
0.6,10.0,1.102,0.59,-0.51,0.56,167.0
1.2,10.0,1.101,0.59,0.51,0.01,167.5
1.8,10.0,1.102,0.62,-0.67,0.5,168.0
2.4,10.0,1.1,0.61,0.85,0.2,168.5
3.0,10.0,1.098,0.58,1.01,0.69,169.0
3.6,10.0,1.099,0.59,0.26,-0.79,169.5
4.2,10.0,1.102,0.6,-0.46,-0.41,170.0
4.8,10.0,1.101,0.62,-0.82,0.68,170.5
5.4,10.0,1.096,0.6,0.03,0.47,171.0
6.0,10.0,1.096,0.61,0.78,0.04,171.5
6.6,10.0,1.104,0.61,-0.88,0.67,172.0
7.2,10.0,1.103,0.61,-0.7,-0.16,172.5
7.8,10.0,1.1,0.6,0.34,0.75,173.0
8.4,10.0,1.098,0.58,0.3,-0.55,173.5
9.0,10.0,1.1,0.59,-0.29,0.13,174.0
9.6,10.0,1.103,0.6,0.41,-0.46,174.5
10.2,10.0,1.103,0.59,-1.13,-0.51,175.0
10.8,10.0,1.104,0.59,-0.85,0.58,175.5
11.4,10.0,1.101,0.59,-0.23,-0.13,176.0
12.0,10.0,1.1,0.59,1.1,-0.54,176.5
12.6,10.0,1.099,0.59,-0.34,-0.04,177.0
13.2,10.0,1.097,0.58,0.51,0.65,177.5
13.8,10.0,1.102,0.59,-0.05,-0.75,178.0
14.4,10.0,1.096,0.62,0.46,0.38,178.5
15.0,10.0,1.104,0.6,-0.6,0.47,179.0
15.6,10.0,1.102,0.58,-0.17,0.08,179.5
16.2,10.0,1.099,0.58,0.46,-0.47,180.0
16.8,10.0,1.1,0.61,-0.79,0.11,180.5
17.4,10.0,1.097,0.6,1.19,-0.44,181.0
18.0,10.0,1.099,0.59,0.13,0.66,181.5
18.6,10.0,1.1,0.61,0.48,0.38,182.0
19.2,10.0,1.102,0.61,0.68,-0.22,182.5
19.8,10.0,1.105,0.61,-0.49,0.01,183.0
20.4,10.0,1.1,0.58,0.0,-0.45,183.5
21.0,10.0,1.1,0.61,0.29,-0.37,184.0
21.6,10.0,1.099,0.62,0.94,0.75,184.5
22.2,10.0,1.1,0.61,-0.13,-0.41,185.0
22.8,10.0,1.1,0.59,0.22,-0.32,185.5
23.4,10.0,1.099,0.58,-0.44,-0.54,186.0
24.0,10.0,1.098,0.62,0.67,0.47,186.5
24.6,10.0,1.098,0.6,-0.53,0.1,187.0
25.2,10.0,1.098,0.58,-0.31,0.77,187.5
25.8,10.0,1.105,0.61,0.23,0.07,188.0
26.4,10.0,1.101,0.62,-0.29,-0.61,188.5
27.0,10.0,1.098,0.6,-0.63,-0.06,189.0
27.6,10.0,1.105,0.6,0.07,-0.63,189.5
28.2,10.0,1.104,0.61,0.16,-0.63,190.0
28.8,10.0,1.099,0.61,-0.14,-0.62,190.5
29.4,10.0,1.104,0.58,-0.73,0.09,191.0
30.0,10.0,1.102,0.59,0.86,-0.24,191.5
30.6,10.0,1.103,0.59,0.49,0.21,192.0
31.2,10.0,1.096,0.6,-0.91,-0.78,192.5
31.8,10.0,1.096,0.6,0.2,-0.12,193.0
32.4,10.0,1.095,0.61,-0.94,0.39,193.5
33.0,10.0,1.101,0.62,-0.48,-0.76,194.0
33.6,10.0,1.097,0.62,0.59,-0.41,194.5
34.2,10.0,1.102,0.61,1.09,-0.05,195.0
34.8,10.0,1.102,0.6,-0.38,-0.32,195.5
35.4,10.0,1.101,0.61,-0.14,0.22,196.0
36.0,10.0,1.101,0.6,0.36,-0.38,196.5
36.6,10.0,1.103,0.61,-1.09,-0.39,197.0
37.2,10.0,1.098,0.6,0.41,0.69,197.5
37.8,10.0,1.103,0.62,1.07,0.24,198.0
38.4,10.0,1.097,0.61,0.94,-0.26,198.5
39.0,10.0,1.098,0.6,0.72,-0.68,199.0
39.6,10.0,1.098,0.62,-0.55,-0.75,199.5
40.2,10.0,1.098,0.6,0.78,0.47,200.0
40.8,10.0,1.098,0.61,0.49,-0.76,200.5
41.4,10.0,1.103,0.61,-0.83,-0.43,201.0
42.0,10.0,1.099,0.6,0.58,0.03,201.5
42.6,10.0,1.096,0.58,-0.39,-0.31,202.0
43.2,10.0,1.095,0.6,0.37,-0.62,202.5
43.8,10.0,1.099,0.62,-0.13,0.53,203.0
44.4,10.0,1.104,0.61,-0.49,0.67,203.5
45.0,10.0,1.096,0.59,0.52,0.29,204.0
45.6,10.0,1.098,0.6,-0.55,-0.35,204.5
46.2,10.0,1.098,0.6,0.55,-0.36,205.0
46.8,10.0,1.102,0.58,-1.15,-0.72,205.5
47.4,10.0,1.1,0.59,-0.19,0.33,206.0
48.0,10.0,1.103,0.61,0.72,0.06,206.5
48.6,10.0,1.103,0.58,-1.02,-0.11,207.0
49.2,10.0,1.098,0.58,-0.86,-0.65,207.5
49.8,10.0,1.102,0.6,0.73,-0.57,208.0
50.4,10.0,1.098,0.62,-1.18,0.26,208.5
51.0,10.0,1.098,0.61,1.07,0.62,209.0
51.6,10.0,1.097,0.58,-1.11,0.62,209.5
52.2,10.0,1.096,0.6,0.86,-0.3,210.0
52.8,10.0,1.101,0.58,0.43,-0.43,210.5
53.4,10.0,1.096,0.61,-0.79,0.42,211.0
54.0,10.0,1.098,0.62,0.71,-0.12,211.5
54.6,10.0,1.096,0.6,-0.72,0.31,212.0
55.2,10.0,1.097,0.6,-1.13,0.57,212.5
55.8,10.0,1.096,0.58,1.05,-0.01,213.0
56.4,10.0,1.099,0.59,0.65,0.66,213.5
57.0,10.0,1.096,0.62,1.15,0.07,214.0
57.6,10.0,1.103,0.59,-0.21,-0.28,214.5
58.2,10.0,1.104,0.61,-0.04,0.54,215.0
58.8,10.0,1.102,0.58,-0.92,-0.27,215.5
59.4,10.0,1.101,0.6,-0.22,0.65,216.0
60.0,10.0,1.099,0.62,0.19,0.17,216.5
60.6,10.0,1.096,0.62,0.36,0.32,217.0
61.2,10.0,1.098,0.59,0.27,0.49,217.5
61.8,10.0,1.097,0.61,-1.13,-0.78,218.0
62.4,10.0,1.097,0.6,-0.24,-0.54,218.5
63.0,10.0,1.095,0.61,0.49,-0.54,219.0
63.6,10.0,1.097,0.6,-0.73,0.33,219.5
64.2,10.0,1.102,0.58,-0.98,-0.23,220.0
64.8,10.0,1.097,0.58,-0.76,0.27,220.5
65.4,10.0,1.105,0.62,-0.93,0.38,221.0
66.0,10.0,1.102,0.58,0.66,0.6,221.5
66.6,10.0,1.102,0.59,-0.88,-0.43,222.0
67.2,10.0,1.096,0.62,0.68,-0.48,222.5
67.8,10.0,1.102,0.6,-1.12,0.33,223.0
68.4,10.0,1.097,0.59,0.97,0.16,223.5
69.0,10.0,1.095,0.6,1.05,0.73,224.0
69.6,10.0,1.098,0.61,0.39,0.47,224.5
70.2,10.0,1.096,0.59,0.49,0.39,225.0
70.8,10.0,1.102,0.62,0.23,0.8,225.5
71.4,10.0,1.098,0.58,-0.05,-0.19,226.0
72.0,10.0,1.097,0.61,-0.94,0.39,226.5
72.6,10.0,1.098,0.61,0.08,-0.61,227.0
73.2,10.0,1.099,0.6,-0.77,0.33,227.5
73.8,10.0,1.103,0.61,0.77,0.58,228.0
74.4,10.0,1.098,0.6,-0.82,-0.16,228.5
75.0,10.0,1.097,0.61,0.09,-0.6,229.0
75.6,10.0,1.103,0.61,-0.18,0.03,229.5
76.2,10.0,1.096,0.61,0.48,-0.28,230.0
76.8,10.0,1.1,0.59,-0.9,0.7,230.5
77.4,10.0,1.097,0.61,0.31,-0.15,231.0
78.0,10.0,1.1,0.59,0.36,0.78,231.5
78.6,10.0,1.098,0.59,0.57,-0.75,232.0
79.2,10.0,1.097,0.59,-0.98,0.7,232.5
79.8,10.0,1.096,0.59,-0.8,0.24,233.0
80.4,10.0,1.095,0.61,1.0,-0.68,233.5
81.0,10.0,1.097,0.59,0.75,0.67,234.0
81.6,10.0,1.097,0.6,-0.73,-0.68,234.5
82.2,10.0,1.099,0.61,0.78,0.36,235.0
82.8,10.0,1.102,0.58,0.93,0.54,235.5
83.4,10.0,1.105,0.61,1.08,0.78,236.0
84.0,10.0,1.096,0.6,-0.22,0.02,236.5
84.6,10.0,1.104,0.58,0.92,-0.21,237.0
85.2,10.0,1.105,0.59,0.49,-0.05,237.5
85.8,10.0,1.1,0.58,-0.63,0.75,238.0
86.4,10.0,1.104,0.6,1.18,-0.3,238.5
87.0,10.0,1.097,0.58,-0.43,-0.47,239.0
87.6,10.0,1.101,0.62,-0.25,0.58,239.5
88.2,10.0,1.103,0.61,-0.73,0.78,240.0
88.8,10.0,1.097,0.6,-0.26,-0.54,240.5
89.4,10.0,1.099,0.62,-0.93,-0.25,241.0
90.0,10.0,1.097,0.6,0.98,-0.46,241.5
90.6,10.0,1.099,0.6,-0.88,-0.2,242.0
91.2,10.0,1.096,0.58,-1.09,0.46,242.5
91.8,10.0,1.105,0.59,0.95,0.21,243.0
92.4,10.0,1.102,0.61,1.03,-0.08,243.5
93.0,10.0,1.101,0.6,0.07,0.08,244.0
93.6,10.0,1.102,0.61,1.17,0.35,244.5
94.2,10.0,1.096,0.61,1.19,0.58,245.0
94.8,10.0,1.104,0.6,-1.12,-0.69,245.5
95.4,10.0,1.1,0.6,-0.17,0.5,246.0
96.0,10.0,1.099,0.61,-0.21,0.06,246.5
96.6,10.0,1.095,0.62,0.69,0.07,247.0
97.2,10.0,1.098,0.62,0.77,0.75,247.5
97.8,10.0,1.102,0.61,-0.12,-0.54,248.0
98.4,10.0,1.1,0.58,-1.2,-0.31,248.5
99.0,10.0,1.097,0.59,-0.13,-0.34,249.0
99.6,10.0,1.104,0.6,0.47,0.02,249.5
100,15.0,1.103,0.59,-0.45,-0.56,250.0
99.4,15.0,1.1,0.59,-0.56,-0.01,250.5
98.8,15.0,1.102,0.62,0.23,-0.57,251.0
98.2,15.0,1.105,0.6,-0.41,0.47,251.5
97.6,15.0,1.104,0.61,0.36,0.47,252.0
97.0,15.0,1.104,0.62,0.16,-0.79,252.5
96.4,15.0,1.098,0.58,0.37,-0.39,253.0
95.8,15.0,1.099,0.61,0.58,0.41,253.5
95.2,15.0,1.097,0.62,-0.06,0.16,254.0
94.6,15.0,1.1,0.61,0.11,-0.79,254.5
94.0,15.0,1.097,0.59,-0.1,-0.13,255.0
93.4,15.0,1.103,0.62,-0.98,0.11,255.5
92.8,15.0,1.105,0.59,-0.9,-0.73,256.0
92.2,15.0,1.1,0.62,0.61,0.71,256.5
91.6,15.0,1.098,0.61,-0.89,0.35,257.0
91.0,15.0,1.105,0.59,-0.96,-0.64,257.5
90.4,15.0,1.096,0.61,0.96,0.63,258.0
89.8,15.0,1.102,0.59,0.61,-0.08,258.5
89.2,15.0,1.104,0.59,-0.14,-0.31,259.0
88.6,15.0,1.1,0.58,0.54,-0.17,259.5
88.0,15.0,1.104,0.62,0.66,0.41,260.0
87.4,15.0,1.097,0.6,-0.97,-0.18,260.5
86.8,15.0,1.102,0.59,-0.35,0.77,261.0
86.2,15.0,1.105,0.61,-1.18,-0.4,261.5
85.6,15.0,1.096,0.59,-1.04,-0.55,262.0
85.0,15.0,1.099,0.59,-0.63,-0.58,262.5
84.4,15.0,1.098,0.59,0.32,0.28,263.0
83.8,15.0,1.096,0.6,0.99,0.57,263.5
83.2,15.0,1.095,0.6,-0.5,-0.51,264.0
82.6,15.0,1.099,0.59,0.23,0.74,264.5
82.0,15.0,1.104,0.61,-0.21,0.01,265.0
81.4,15.0,1.103,0.61,-0.52,0.4,265.5
80.8,15.0,1.096,0.61,-0.4,-0.72,266.0
80.2,15.0,1.099,0.61,0.17,0.17,266.5
79.6,15.0,1.104,0.59,1.06,0.58,267.0
79.0,15.0,1.098,0.59,-0.11,-0.01,267.5
78.4,15.0,1.101,0.61,1.01,-0.74,268.0
77.8,15.0,1.095,0.61,-0.72,0.35,268.5
77.2,15.0,1.101,0.58,-0.88,-0.78,269.0
76.6,15.0,1.099,0.62,1.14,-0.42,269.5
76.0,15.0,1.104,0.61,-0.47,-0.48,270.0
75.4,15.0,1.102,0.59,0.19,0.69,270.5
74.8,15.0,1.104,0.61,-0.06,-0.29,271.0
74.2,15.0,1.102,0.62,0.4,0.19,271.5
73.6,15.0,1.1,0.61,-0.77,-0.27,272.0
73.0,15.0,1.096,0.58,0.52,-0.2,272.5
72.4,15.0,1.1,0.6,-1.15,-0.66,273.0
71.8,15.0,1.095,0.62,-0.42,-0.13,273.5
71.2,15.0,1.101,0.59,0.44,0.7,274.0
70.6,15.0,1.098,0.58,1.01,-0.11,274.5
70.0,15.0,1.099,0.62,-0.88,-0.19,275.0
69.4,15.0,1.101,0.59,0.27,-0.28,275.5
68.8,15.0,1.101,0.61,-0.67,0.75,276.0
68.2,15.0,1.104,0.6,1.0,0.25,276.5
67.6,15.0,1.098,0.6,-1.03,-0.52,277.0
67.0,15.0,1.101,0.59,0.13,0.05,277.5
66.4,15.0,1.102,0.61,0.38,-0.26,278.0
65.8,15.0,1.097,0.61,0.19,0.33,278.5
65.2,15.0,1.1,0.59,-0.34,-0.23,279.0
64.6,15.0,1.096,0.6,-0.4,-0.35,279.5
64.0,15.0,1.101,0.58,-0.84,-0.48,280.0
63.4,15.0,1.097,0.58,-0.8,-0.77,280.5
62.8,15.0,1.098,0.59,0.09,-0.79,281.0
62.2,15.0,1.104,0.59,-0.85,0.17,281.5
61.6,15.0,1.096,0.6,1.11,-0.39,282.0
61.0,15.0,1.102,0.6,0.38,0.52,282.5
60.4,15.0,1.102,0.61,0.91,-0.31,283.0
59.8,15.0,1.103,0.59,0.22,-0.1,283.5
59.2,15.0,1.098,0.59,0.56,-0.36,284.0
58.6,15.0,1.099,0.6,-0.21,0.28,284.5
58.0,15.0,1.102,0.58,0.67,-0.56,285.0
57.4,15.0,1.105,0.59,0.22,-0.63,285.5
56.8,15.0,1.103,0.62,-0.55,-0.73,286.0
56.2,15.0,1.102,0.6,0.29,0.27,286.5
55.6,15.0,1.098,0.6,-0.13,0.7,287.0
55.0,15.0,1.098,0.61,0.14,-0.55,287.5
54.4,15.0,1.095,0.6,0.03,-0.33,288.0
53.8,15.0,1.1,0.59,-0.42,-0.38,288.5
53.2,15.0,1.103,0.61,0.61,0.23,289.0
52.6,15.0,1.097,0.59,1.1,-0.72,289.5
52.0,15.0,1.098,0.6,0.4,0.42,290.0
51.4,15.0,1.101,0.61,0.31,0.04,290.5
50.8,15.0,1.105,0.59,0.85,-0.7,291.0
50.2,15.0,1.102,0.6,0.43,-0.7,291.5
49.6,15.0,1.099,0.6,0.7,-0.08,292.0
49.0,15.0,1.095,0.59,1.09,0.1,292.5
48.4,15.0,1.098,0.6,-0.75,0.04,293.0
47.8,15.0,1.103,0.6,-0.17,0.52,293.5
47.2,15.0,1.101,0.59,1.0,0.11,294.0
46.6,15.0,1.096,0.6,-0.6,-0.52,294.5
46.0,15.0,1.1,0.61,0.41,0.15,295.0
45.4,15.0,1.103,0.59,-0.43,-0.65,295.5
44.8,15.0,1.1,0.59,-0.76,-0.3,296.0
44.2,15.0,1.105,0.59,-0.69,-0.44,296.5
43.6,15.0,1.098,0.61,-0.23,0.35,297.0
43.0,15.0,1.104,0.6,0.61,0.63,297.5
42.4,15.0,1.097,0.62,-0.55,-0.15,298.0
41.8,15.0,1.098,0.6,0.43,0.45,298.5
41.2,15.0,1.102,0.58,-0.79,-0.17,299.0
40.6,15.0,1.101,0.61,0.51,-0.45,299.5
40.0,15.0,1.096,0.61,-0.35,0.43,300.0
39.4,15.0,1.102,0.62,1.02,-0.44,300.5
38.8,15.0,1.095,0.6,0.19,-0.11,301.0
38.2,15.0,1.095,0.58,0.73,-0.78,301.5
37.6,15.0,1.1,0.6,-0.59,-0.49,302.0
37.0,15.0,1.102,0.62,-0.57,-0.35,302.5
36.4,15.0,1.105,0.59,-0.59,-0.59,303.0
35.8,15.0,1.1,0.62,-0.17,-0.09,303.5
35.2,15.0,1.099,0.61,0.81,0.41,304.0
34.6,15.0,1.102,0.6,-1.1,0.09,304.5
34.0,15.0,1.097,0.58,0.7,-0.48,305.0
33.4,15.0,1.098,0.58,-0.34,-0.75,305.5
32.8,15.0,1.099,0.61,0.27,0.73,306.0
32.2,15.0,1.103,0.59,0.85,-0.42,306.5
31.6,15.0,1.1,0.61,-0.49,-0.24,307.0
31.0,15.0,1.095,0.58,-0.38,-0.7,307.5
30.4,15.0,1.098,0.59,-1.12,0.47,308.0
29.8,15.0,1.103,0.6,-0.39,-0.65,308.5
29.2,15.0,1.099,0.6,0.5,-0.67,309.0
28.6,15.0,1.103,0.61,-0.46,0.4,309.5
28.0,15.0,1.104,0.58,-0.48,0.05,310.0
27.4,15.0,1.103,0.61,-0.88,0.02,310.5
26.8,15.0,1.097,0.6,0.66,0.19,311.0
26.2,15.0,1.105,0.61,0.77,-0.79,311.5
25.6,15.0,1.102,0.6,1.07,-0.32,312.0
25.0,15.0,1.099,0.6,1.02,-0.22,312.5
24.4,15.0,1.102,0.62,-0.87,-0.04,313.0
23.8,15.0,1.095,0.62,-0.33,0.59,313.5
23.2,15.0,1.104,0.61,0.49,-0.03,314.0
22.6,15.0,1.099,0.59,0.15,-0.46,314.5
22.0,15.0,1.101,0.59,0.64,0.73,315.0
21.4,15.0,1.104,0.61,-1.11,0.52,315.5
20.8,15.0,1.099,0.58,-0.19,0.71,316.0
20.2,15.0,1.104,0.62,0.66,-0.0,316.5
19.6,15.0,1.102,0.58,-0.48,0.43,317.0
19.0,15.0,1.097,0.61,-0.08,0.11,317.5
18.4,15.0,1.103,0.61,0.75,0.65,318.0
17.8,15.0,1.095,0.61,1.1,0.14,318.5
17.2,15.0,1.097,0.61,0.81,0.77,319.0
16.6,15.0,1.099,0.61,-0.27,0.23,319.5
16.0,15.0,1.097,0.59,-0.9,0.29,320.0
15.4,15.0,1.104,0.6,0.65,0.13,320.5
14.8,15.0,1.098,0.61,-0.9,0.03,321.0
14.2,15.0,1.101,0.62,-0.84,0.19,321.5
13.6,15.0,1.101,0.6,0.93,-0.76,322.0
13.0,15.0,1.102,0.61,0.98,-0.07,322.5
12.4,15.0,1.099,0.59,0.3,0.0,323.0
11.8,15.0,1.096,0.58,-0.45,-0.2,323.5
11.2,15.0,1.1,0.59,-1.07,0.17,324.0
10.6,15.0,1.103,0.6,0.14,0.68,324.5
10.0,15.0,1.104,0.6,0.62,0.51,325.0
9.4,15.0,1.099,0.62,-0.15,-0.6,325.5
8.8,15.0,1.104,0.58,-0.93,-0.8,326.0
8.2,15.0,1.099,0.59,-0.6,0.62,326.5
7.6,15.0,1.104,0.6,-0.54,0.38,327.0
7.0,15.0,1.096,0.61,-0.55,0.68,327.5
6.4,15.0,1.101,0.59,-0.31,0.38,328.0
5.8,15.0,1.104,0.62,0.62,0.37,328.5
5.2,15.0,1.1,0.59,0.23,-0.67,329.0
4.6,15.0,1.096,0.59,0.88,-0.41,329.5
4.0,15.0,1.104,0.59,-0.27,-0.75,330.0
3.4,15.0,1.1,0.61,0.27,0.61,330.5
2.8,15.0,1.098,0.58,-0.92,0.27,331.0
2.2,15.0,1.105,0.61,-0.76,-0.05,331.5
1.6,15.0,1.101,0.58,-0.94,0.11,332.0
1.0,15.0,1.098,0.59,1.08,0.28,332.5
0.4,15.0,1.105,0.61,-1.06,-0.72,333.0
0,20.0,1.095,0.58,-0.38,-0.44,333.5
0.6,20.0,1.101,0.6,0.38,-0.22,334.0
1.2,20.0,1.105,0.6,-0.51,-0.65,334.5
1.8,20.0,1.098,0.62,0.55,0.72,335.0
2.4,20.0,1.104,0.58,-0.4,0.78,335.5
3.0,20.0,1.104,0.59,0.08,0.06,336.0
3.6,20.0,1.1,0.58,1.13,0.09,336.5
4.2,20.0,1.096,0.59,-0.8,-0.25,337.0
4.8,20.0,1.103,0.59,-0.25,-0.68,337.5
5.4,20.0,1.103,0.58,0.76,0.03,338.0
6.0,20.0,1.105,0.59,-1.14,-0.59,338.5
6.6,20.0,1.104,0.59,1.08,0.74,339.0
7.2,20.0,1.097,0.59,-0.79,0.47,339.5
7.8,20.0,1.101,0.6,-0.06,0.17,340.0
8.4,20.0,1.1,0.59,0.18,-0.5,340.5
9.0,20.0,1.099,0.61,0.24,0.3,341.0
9.6,20.0,1.098,0.59,-0.1,-0.22,341.5
10.2,20.0,1.099,0.62,-0.86,0.19,342.0
10.8,20.0,1.101,0.59,-0.24,-0.34,342.5
11.4,20.0,1.1,0.62,0.39,-0.03,343.0
12.0,20.0,1.105,0.62,0.26,-0.56,343.5
12.6,20.0,1.097,0.58,-0.95,0.35,344.0
13.2,20.0,1.099,0.59,0.69,-0.67,344.5
13.8,20.0,1.104,0.61,0.25,-0.65,345.0
14.4,20.0,1.097,0.61,0.75,-0.01,345.5
15.0,20.0,1.103,0.6,-0.35,0.29,346.0
15.6,20.0,1.101,0.58,0.44,0.31,346.5
16.2,20.0,1.105,0.62,0.2,-0.61,347.0
16.8,20.0,1.1,0.6,0.28,0.63,347.5
17.4,20.0,1.1,0.59,1.14,0.61,348.0
18.0,20.0,1.101,0.58,0.14,-0.11,348.5
18.6,20.0,1.102,0.61,1.17,0.12,349.0
19.2,20.0,1.095,0.61,0.98,-0.17,349.5
19.8,20.0,1.095,0.62,-1.15,0.12,350.0
20.4,20.0,1.1,0.6,0.58,-0.37,350.5
21.0,20.0,1.105,0.58,-0.42,0.72,351.0
21.6,20.0,1.101,0.59,0.69,-0.12,351.5
22.2,20.0,1.099,0.59,0.54,0.36,352.0
22.8,20.0,1.098,0.61,-0.01,0.54,352.5
23.4,20.0,1.103,0.59,-0.07,0.56,353.0
24.0,20.0,1.095,0.59,-0.05,0.65,353.5
24.6,20.0,1.1,0.6,-0.17,-0.68,354.0
25.2,20.0,1.099,0.59,-1.03,-0.63,354.5
25.8,20.0,1.105,0.59,0.96,0.66,355.0
26.4,20.0,1.098,0.61,-1.12,-0.62,355.5
27.0,20.0,1.098,0.62,-1.12,-0.38,356.0
27.6,20.0,1.103,0.58,-1.15,0.39,356.5
28.2,20.0,1.104,0.61,0.62,0.51,357.0
28.8,20.0,1.103,0.62,-0.15,0.74,357.5
29.4,20.0,1.096,0.61,0.89,0.34,358.0
30.0,20.0,1.099,0.61,-0.03,-0.41,358.5
30.6,20.0,1.096,0.6,0.54,0.46,359.0
31.2,20.0,1.096,0.61,0.43,-0.69,359.5
31.8,20.0,1.097,0.62,0.77,0.66,360.0
32.4,20.0,1.104,0.62,-0.84,-0.59,360.5
33.0,20.0,1.095,0.6,-0.11,0.34,361.0
33.6,20.0,1.102,0.59,1.01,0.48,361.5
34.2,20.0,1.098,0.61,0.63,-0.23,362.0
34.8,20.0,1.099,0.6,1.19,0.55,362.5
35.4,20.0,1.099,0.58,-0.33,-0.2,363.0
36.0,20.0,1.098,0.6,-0.11,-0.53,363.5
36.6,20.0,1.102,0.61,-0.13,-0.17,364.0
37.2,20.0,1.101,0.59,0.5,0.26,364.5
37.8,20.0,1.097,0.59,0.99,0.75,365.0
38.4,20.0,1.1,0.59,-0.82,0.69,365.5
39.0,20.0,1.101,0.62,0.47,-0.17,366.0
39.6,20.0,1.104,0.59,-1.0,-0.22,366.5
40.2,20.0,1.101,0.6,0.94,0.07,367.0
40.8,20.0,1.095,0.6,0.4,-0.55,367.5
41.4,20.0,1.099,0.61,-1.18,-0.78,368.0
42.0,20.0,1.099,0.6,0.24,0.33,368.5
42.6,20.0,1.099,0.6,0.72,-0.72,369.0
43.2,20.0,1.099,0.61,0.18,-0.67,369.5
43.8,20.0,1.101,0.61,0.71,0.16,370.0
44.4,20.0,1.099,0.61,1.11,0.8,370.5
45.0,20.0,1.101,0.59,-0.67,0.68,371.0
45.6,20.0,1.095,0.6,0.46,-0.38,371.5
46.2,20.0,1.102,0.6,0.09,-0.32,372.0
46.8,20.0,1.096,0.59,0.21,0.69,372.5
47.4,20.0,1.096,0.6,-0.97,-0.63,373.0
48.0,20.0,1.098,0.61,1.02,0.72,373.5
48.6,20.0,1.099,0.59,-0.98,-0.28,374.0
49.2,20.0,1.104,0.61,0.63,0.35,374.5
49.8,20.0,1.104,0.62,-0.03,-0.22,375.0
50.4,20.0,1.104,0.62,0.39,0.03,375.5
51.0,20.0,1.101,0.61,-0.12,0.47,376.0
51.6,20.0,1.096,0.59,-0.59,0.22,376.5
52.2,20.0,1.102,0.6,0.63,0.65,377.0
52.8,20.0,1.101,0.59,-0.51,-0.19,377.5
53.4,20.0,1.1,0.59,-0.85,0.57,378.0
54.0,20.0,1.101,0.59,0.51,0.36,378.5
54.6,20.0,1.105,0.58,0.51,0.14,379.0
55.2,20.0,1.097,0.62,-0.24,-0.35,379.5
55.8,20.0,1.104,0.61,-0.12,-0.68,380.0
56.4,20.0,1.102,0.59,-0.15,0.45,380.5
57.0,20.0,1.101,0.6,-0.48,0.56,381.0
57.6,20.0,1.101,0.59,0.98,-0.18,381.5
58.2,20.0,1.095,0.6,0.54,-0.29,382.0
58.8,20.0,1.101,0.62,0.71,0.73,382.5
59.4,20.0,1.099,0.59,-0.89,-0.39,383.0
60.0,20.0,1.099,0.59,0.21,0.37,383.5
60.6,20.0,1.105,0.6,-0.5,0.54,384.0
61.2,20.0,1.101,0.59,0.87,-0.74,384.5
61.8,20.0,1.1,0.6,-1.17,-0.71,385.0
62.4,20.0,1.099,0.62,0.55,-0.68,385.5
63.0,20.0,1.104,0.61,0.1,0.12,386.0
63.6,20.0,1.097,0.6,-0.4,0.78,386.5
64.2,20.0,1.104,0.58,0.94,0.66,387.0
64.8,20.0,1.103,0.6,0.62,-0.77,387.5
65.4,20.0,1.104,0.59,-0.04,-0.14,388.0
66.0,20.0,1.101,0.61,-1.15,0.12,388.5
66.6,20.0,1.098,0.6,-0.83,0.78,389.0
67.2,20.0,1.1,0.58,-0.75,0.31,389.5
67.8,20.0,1.103,0.61,-0.09,0.17,390.0
68.4,20.0,1.099,0.59,-0.82,-0.58,390.5
69.0,20.0,1.101,0.59,-0.13,0.09,391.0
69.6,20.0,1.102,0.58,1.05,-0.39,391.5
70.2,20.0,1.101,0.61,0.69,0.8,392.0
70.8,20.0,1.097,0.6,0.73,0.29,392.5
71.4,20.0,1.101,0.59,0.53,-0.74,393.0
72.0,20.0,1.104,0.61,0.48,-0.14,393.5
72.6,20.0,1.095,0.58,-0.62,0.17,394.0
73.2,20.0,1.096,0.62,0.95,-0.16,394.5
73.8,20.0,1.104,0.59,0.14,-0.38,395.0
74.4,20.0,1.095,0.61,-1.15,-0.45,395.5
75.0,20.0,1.098,0.58,0.17,0.27,396.0
75.6,20.0,1.095,0.62,-0.57,-0.39,396.5
76.2,20.0,1.1,0.6,0.7,-0.68,397.0
76.8,20.0,1.097,0.59,-0.29,0.01,397.5
77.4,20.0,1.097,0.59,-1.05,-0.59,398.0
78.0,20.0,1.103,0.61,-0.78,0.25,398.5
78.6,20.0,1.102,0.59,-0.76,-0.59,399.0
79.2,20.0,1.104,0.61,-0.41,-0.43,399.5
79.8,20.0,1.103,0.6,0.53,0.09,400.0
80.4,20.0,1.095,0.59,-0.96,0.62,400.5
81.0,20.0,1.101,0.61,0.62,0.28,401.0
81.6,20.0,1.1,0.62,0.64,0.59,401.5
82.2,20.0,1.104,0.58,-0.03,0.54,402.0
82.8,20.0,1.098,0.58,0.47,-0.54,402.5
83.4,20.0,1.101,0.61,-0.08,0.01,403.0
84.0,20.0,1.103,0.61,-0.56,0.43,403.5
84.6,20.0,1.104,0.61,-0.77,0.38,404.0
85.2,20.0,1.096,0.61,0.04,-0.03,404.5
85.8,20.0,1.097,0.6,1.14,-0.59,405.0
86.4,20.0,1.102,0.58,0.5,-0.15,405.5
87.0,20.0,1.102,0.58,-0.08,0.07,406.0
87.6,20.0,1.102,0.58,0.16,-0.17,406.5
88.2,20.0,1.101,0.59,-0.08,0.5,407.0
88.8,20.0,1.096,0.59,-0.33,-0.73,407.5
89.4,20.0,1.098,0.59,0.73,0.32,408.0
90.0,20.0,1.103,0.58,0.26,0.1,408.5
90.6,20.0,1.098,0.6,-1.09,-0.71,409.0
91.2,20.0,1.096,0.59,0.96,-0.12,409.5
91.8,20.0,1.095,0.59,0.4,-0.8,410.0
92.4,20.0,1.101,0.62,1.08,0.14,410.5
93.0,20.0,1.103,0.6,-0.95,-0.45,411.0
93.6,20.0,1.1,0.58,-0.6,0.63,411.5
94.2,20.0,1.103,0.59,-1.04,0.04,412.0
94.8,20.0,1.096,0.59,-0.23,-0.08,412.5
95.4,20.0,1.104,0.62,-0.73,0.46,413.0
96.0,20.0,1.103,0.6,0.08,-0.3,413.5
96.6,20.0,1.103,0.6,0.2,0.19,414.0
97.2,20.0,1.097,0.61,0.47,-0.78,414.5
97.8,20.0,1.096,0.6,1.14,0.79,415.0
98.4,20.0,1.103,0.6,0.43,-0.74,415.5
99.0,20.0,1.104,0.62,0.33,-0.33,416.0
99.6,20.0,1.097,0.59,-0.03,-0.28,416.5
100,25.0,1.095,0.62,0.44,0.38,417.0
99.4,25.0,1.096,0.59,-0.97,-0.52,417.5
98.8,25.0,1.104,0.61,-0.03,-0.17,418.0
98.2,25.0,1.105,0.58,-0.52,0.04,418.5
97.6,25.0,1.102,0.6,0.69,-0.45,419.0
97.0,25.0,1.099,0.6,0.08,-0.8,419.5
96.4,25.0,1.098,0.62,0.11,-0.36,420.0
95.8,25.0,1.099,0.61,-0.29,-0.01,420.5
95.2,25.0,1.097,0.58,0.57,-0.52,421.0
94.6,25.0,1.102,0.59,0.74,0.54,421.5
94.0,25.0,1.103,0.61,-0.84,0.56,422.0
93.4,25.0,1.099,0.58,0.37,-0.06,422.5
92.8,25.0,1.104,0.59,-0.39,0.03,423.0
92.2,25.0,1.097,0.62,-0.65,-0.46,423.5
91.6,25.0,1.1,0.59,0.34,-0.43,424.0
91.0,25.0,1.101,0.62,0.6,-0.61,424.5
90.4,25.0,1.1,0.6,0.57,0.21,425.0
89.8,25.0,1.101,0.59,-0.85,-0.61,425.5
89.2,25.0,1.096,0.61,0.13,-0.28,426.0
88.6,25.0,1.105,0.61,0.79,0.71,426.5
88.0,25.0,1.1,0.58,-0.72,0.73,427.0
87.4,25.0,1.105,0.61,0.34,-0.16,427.5
86.8,25.0,1.095,0.62,0.16,0.02,428.0
86.2,25.0,1.104,0.61,-0.61,0.07,428.5
85.6,25.0,1.097,0.61,-0.18,-0.1,429.0
85.0,25.0,1.098,0.62,1.04,0.42,429.5
84.4,25.0,1.103,0.61,1.17,0.79,430.0
83.8,25.0,1.098,0.59,0.16,0.41,430.5
83.2,25.0,1.104,0.62,1.11,0.16,431.0
82.6,25.0,1.099,0.62,0.65,-0.47,431.5
82.0,25.0,1.104,0.61,-0.91,-0.61,432.0
81.4,25.0,1.103,0.59,1.16,0.11,432.5
80.8,25.0,1.096,0.59,-1.0,-0.4,433.0
80.2,25.0,1.1,0.61,-0.65,0.4,433.5
79.6,25.0,1.097,0.61,-0.11,-0.06,434.0
79.0,25.0,1.097,0.6,-0.61,-0.22,434.5
78.4,25.0,1.102,0.61,0.16,0.44,435.0
77.8,25.0,1.099,0.58,-1.02,0.26,435.5
77.2,25.0,1.104,0.59,-0.36,0.04,436.0
76.6,25.0,1.098,0.58,-1.16,0.54,436.5
76.0,25.0,1.103,0.62,0.02,0.29,437.0
75.4,25.0,1.1,0.58,0.66,-0.5,437.5
74.8,25.0,1.104,0.6,0.49,-0.36,438.0
74.2,25.0,1.102,0.6,0.58,0.42,438.5
73.6,25.0,1.095,0.6,0.67,0.19,439.0
73.0,25.0,1.102,0.59,-0.18,-0.1,439.5
72.4,25.0,1.097,0.6,0.58,0.37,440.0
71.8,25.0,1.095,0.62,-0.84,0.22,440.5
71.2,25.0,1.1,0.61,0.84,-0.45,441.0
70.6,25.0,1.105,0.58,-0.71,0.2,441.5
70.0,25.0,1.099,0.61,0.18,-0.7,442.0
69.4,25.0,1.105,0.62,-0.05,0.38,442.5
68.8,25.0,1.101,0.58,0.59,-0.72,443.0
68.2,25.0,1.097,0.6,0.53,0.31,443.5
67.6,25.0,1.096,0.61,1.02,-0.21,444.0
67.0,25.0,1.096,0.58,0.38,0.05,444.5
66.4,25.0,1.096,0.61,-0.03,0.09,445.0
65.8,25.0,1.097,0.59,0.77,0.14,445.5
65.2,25.0,1.098,0.6,0.57,-0.32,446.0
64.6,25.0,1.103,0.61,-0.84,0.61,446.5
64.0,25.0,1.095,0.61,-0.08,-0.15,447.0
63.4,25.0,1.102,0.62,1.15,-0.77,447.5
62.8,25.0,1.095,0.62,-0.13,-0.55,448.0
62.2,25.0,1.102,0.61,0.03,-0.74,448.5
61.6,25.0,1.098,0.62,-1.03,0.22,449.0
61.0,25.0,1.099,0.61,0.39,-0.12,449.5
60.4,25.0,1.097,0.61,-0.06,0.38,450.0
59.8,25.0,1.097,0.61,0.33,-0.3,450.5
59.2,25.0,1.096,0.61,0.86,-0.68,451.0
58.6,25.0,1.101,0.58,-0.61,0.19,451.5
58.0,25.0,1.101,0.62,0.08,0.16,452.0
57.4,25.0,1.098,0.61,0.9,0.42,452.5
56.8,25.0,1.102,0.61,-0.28,-0.4,453.0
56.2,25.0,1.102,0.6,0.08,0.49,453.5
55.6,25.0,1.098,0.62,-0.99,0.19,454.0
55.0,25.0,1.103,0.61,-1.05,0.12,454.5
54.4,25.0,1.1,0.59,-0.83,-0.35,455.0
53.8,25.0,1.103,0.61,0.63,-0.22,455.5
53.2,25.0,1.102,0.58,0.52,0.17,456.0
52.6,25.0,1.104,0.61,0.92,-0.4,456.5
52.0,25.0,1.097,0.6,-0.12,0.22,457.0
51.4,25.0,1.1,0.6,0.0,0.55,457.5
50.8,25.0,1.102,0.6,0.02,0.45,458.0
50.2,25.0,1.099,0.59,-0.49,0.28,458.5
49.6,25.0,1.104,0.61,0.21,0.59,459.0
49.0,25.0,1.098,0.59,-0.6,0.53,459.5
48.4,25.0,1.101,0.61,-0.77,0.68,460.0
47.8,25.0,1.095,0.59,-0.66,-0.48,460.5
47.2,25.0,1.098,0.59,-0.03,-0.75,461.0
46.6,25.0,1.103,0.62,-0.47,0.32,461.5
46.0,25.0,1.095,0.59,0.78,0.01,462.0
45.4,25.0,1.096,0.6,0.66,-0.24,462.5
44.8,25.0,1.098,0.61,0.74,0.76,463.0
44.2,25.0,1.098,0.59,0.18,-0.76,463.5
43.6,25.0,1.102,0.61,0.79,-0.31,464.0
43.0,25.0,1.099,0.58,-1.08,0.04,464.5
42.4,25.0,1.104,0.59,1.08,-0.23,465.0
41.8,25.0,1.102,0.59,-1.02,-0.17,465.5
41.2,25.0,1.103,0.59,-1.15,-0.26,466.0
40.6,25.0,1.099,0.62,0.49,0.15,466.5
40.0,25.0,1.1,0.6,0.46,0.8,467.0
39.4,25.0,1.105,0.61,0.1,-0.52,467.5
38.8,25.0,1.1,0.6,-0.25,-0.25,468.0
38.2,25.0,1.098,0.58,0.22,-0.67,468.5
37.6,25.0,1.102,0.61,-0.97,-0.6,469.0
37.0,25.0,1.101,0.61,-0.35,0.39,469.5
36.4,25.0,1.097,0.59,0.24,-0.65,470.0
35.8,25.0,1.104,0.59,-0.86,-0.66,470.5
35.2,25.0,1.096,0.62,0.12,0.05,471.0
34.6,25.0,1.099,0.61,1.04,-0.29,471.5
34.0,25.0,1.099,0.6,0.82,-0.1,472.0
33.4,25.0,1.104,0.6,0.68,0.55,472.5
32.8,25.0,1.1,0.58,0.25,0.22,473.0
32.2,25.0,1.097,0.6,-0.66,0.74,473.5
31.6,25.0,1.103,0.59,-1.12,-0.06,474.0
31.0,25.0,1.102,0.62,-0.93,0.24,474.5
30.4,25.0,1.102,0.61,0.68,-0.18,475.0
29.8,25.0,1.103,0.58,0.78,0.72,475.5
29.2,25.0,1.099,0.58,0.55,-0.62,476.0
28.6,25.0,1.103,0.59,-0.41,0.67,476.5
28.0,25.0,1.1,0.61,0.14,0.78,477.0
27.4,25.0,1.099,0.61,0.84,-0.24,477.5
26.8,25.0,1.101,0.6,-0.46,0.24,478.0
26.2,25.0,1.096,0.6,-0.17,0.12,478.5
25.6,25.0,1.103,0.6,-0.88,0.21,479.0
25.0,25.0,1.102,0.59,-0.56,-0.54,479.5
24.4,25.0,1.104,0.6,1.13,-0.03,480.0
23.8,25.0,1.1,0.61,-0.64,-0.65,480.5
23.2,25.0,1.096,0.59,-0.54,0.44,481.0
22.6,25.0,1.105,0.61,-0.77,0.44,481.5
22.0,25.0,1.098,0.6,1.11,0.33,482.0
21.4,25.0,1.105,0.62,-0.17,0.62,482.5
20.8,25.0,1.105,0.59,-0.17,-0.16,483.0
20.2,25.0,1.1,0.61,1.12,-0.15,483.5
19.6,25.0,1.097,0.6,0.51,-0.52,484.0
19.0,25.0,1.098,0.62,-0.75,-0.67,484.5
18.4,25.0,1.099,0.58,-0.98,-0.71,485.0
17.8,25.0,1.101,0.6,-0.55,-0.12,485.5
17.2,25.0,1.101,0.62,-0.51,0.12,486.0
16.6,25.0,1.104,0.58,-0.74,0.77,486.5
16.0,25.0,1.097,0.59,0.6,-0.38,487.0
15.4,25.0,1.102,0.59,-1.11,-0.76,487.5
14.8,25.0,1.101,0.62,0.76,0.66,488.0
14.2,25.0,1.101,0.6,-0.95,0.39,488.5
13.6,25.0,1.102,0.62,-0.51,0.56,489.0
13.0,25.0,1.097,0.6,0.9,-0.65,489.5
12.4,25.0,1.103,0.61,0.23,-0.03,490.0
11.8,25.0,1.096,0.58,0.26,0.65,490.5
11.2,25.0,1.102,0.62,0.03,-0.46,491.0
10.6,25.0,1.101,0.61,0.54,0.17,491.5
10.0,25.0,1.103,0.58,-0.2,-0.61,492.0
9.4,25.0,1.098,0.59,0.96,-0.77,492.5
8.8,25.0,1.1,0.61,-0.24,0.58,493.0
8.2,25.0,1.103,0.6,0.46,0.21,493.5
7.6,25.0,1.097,0.59,0.99,-0.28,494.0
7.0,25.0,1.101,0.58,0.29,0.56,494.5
6.4,25.0,1.105,0.62,1.12,0.49,495.0
5.8,25.0,1.097,0.6,-1.16,-0.72,495.5
5.2,25.0,1.095,0.61,-0.82,-0.26,496.0
4.6,25.0,1.099,0.59,0.86,-0.43,496.5
4.0,25.0,1.099,0.6,0.68,0.75,497.0
3.4,25.0,1.098,0.61,0.64,0.02,497.5
2.8,25.0,1.105,0.58,0.47,-0.34,498.0
2.2,25.0,1.1,0.58,1.1,-0.67,498.5
1.6,25.0,1.098,0.58,0.44,-0.45,499.0
1.0,25.0,1.102,0.58,-0.62,0.41,499.5
0.4,25.0,1.099,0.6,0.99,-0.44,500.0
0,30.0,1.104,0.6,0.69,-0.65,500.5
0.6,30.0,1.1,0.62,-0.87,0.76,501.0
1.2,30.0,1.098,0.61,0.19,-0.02,501.5
1.8,30.0,1.099,0.61,-1.11,0.76,502.0
2.4,30.0,1.097,0.59,0.11,0.15,502.5
3.0,30.0,1.097,0.6,-1.06,-0.12,503.0
3.6,30.0,1.095,0.61,-0.66,-0.3,503.5
4.2,30.0,1.104,0.58,-1.0,0.28,504.0
4.8,30.0,1.1,0.6,-1.08,-0.63,504.5
5.4,30.0,1.097,0.62,1.0,0.42,505.0
6.0,30.0,1.103,0.59,-0.62,-0.39,505.5
6.6,30.0,1.099,0.62,0.19,0.12,506.0
7.2,30.0,1.102,0.58,-0.37,0.63,506.5
7.8,30.0,1.1,0.58,0.87,0.15,507.0
8.4,30.0,1.097,0.59,0.27,0.75,507.5
9.0,30.0,1.103,0.6,0.57,0.73,508.0
9.6,30.0,1.095,0.6,1.03,-0.75,508.5
10.2,30.0,1.097,0.61,-1.08,-0.17,509.0
10.8,30.0,1.102,0.61,-0.35,-0.03,509.5
11.4,30.0,1.103,0.6,0.8,0.25,510.0
12.0,30.0,1.098,0.59,-0.82,-0.72,510.5
12.6,30.0,1.098,0.58,-0.31,0.19,511.0
13.2,30.0,1.102,0.59,-0.53,0.2,511.5
13.8,30.0,1.103,0.6,-0.89,-0.47,512.0
14.4,30.0,1.1,0.62,0.98,0.02,512.5
15.0,30.0,1.101,0.61,-0.96,-0.52,513.0
15.6,30.0,1.097,0.59,-0.46,-0.21,513.5
16.2,30.0,1.1,0.58,-0.24,-0.31,514.0
16.8,30.0,1.099,0.61,0.75,-0.74,514.5
17.4,30.0,1.104,0.61,1.05,-0.32,515.0
18.0,30.0,1.102,0.61,-0.4,-0.14,515.5
18.6,30.0,1.104,0.6,-0.1,-0.74,516.0
19.2,30.0,1.103,0.58,-0.56,0.21,516.5
19.8,30.0,1.096,0.58,0.09,-0.13,517.0
20.4,30.0,1.098,0.62,-0.69,-0.04,517.5
21.0,30.0,1.095,0.59,-0.05,0.39,518.0
21.6,30.0,1.099,0.62,1.16,0.62,518.5
22.2,30.0,1.097,0.61,-0.93,0.17,519.0
22.8,30.0,1.096,0.59,0.27,-0.33,519.5
23.4,30.0,1.097,0.61,-0.49,0.16,520.0
24.0,30.0,1.096,0.59,-1.08,0.21,520.5
24.6,30.0,1.097,0.59,-0.41,-0.24,521.0
25.2,30.0,1.101,0.58,-0.51,-0.73,521.5
25.8,30.0,1.103,0.62,-1.09,0.21,522.0
26.4,30.0,1.1,0.62,0.61,0.72,522.5
27.0,30.0,1.101,0.58,0.64,0.07,523.0
27.6,30.0,1.099,0.6,1.04,-0.28,523.5
28.2,30.0,1.105,0.6,0.89,0.48,524.0
28.8,30.0,1.096,0.61,-0.67,0.36,524.5
29.4,30.0,1.1,0.62,-0.13,0.38,525.0
30.0,30.0,1.102,0.59,1.2,0.3,525.5
30.6,30.0,1.101,0.61,0.75,0.67,526.0
31.2,30.0,1.101,0.61,0.14,0.43,526.5
31.8,30.0,1.1,0.58,1.14,-0.09,527.0
32.4,30.0,1.099,0.6,0.76,0.48,527.5
33.0,30.0,1.1,0.6,-0.92,0.67,528.0
33.6,30.0,1.104,0.58,-0.45,0.33,528.5
34.2,30.0,1.102,0.58,-0.43,-0.62,529.0
34.8,30.0,1.097,0.61,-0.62,-0.2,529.5
35.4,30.0,1.1,0.6,0.98,0.48,530.0
36.0,30.0,1.099,0.61,-0.44,-0.64,530.5
36.6,30.0,1.097,0.6,-0.9,-0.77,531.0
37.2,30.0,1.1,0.6,-1.12,-0.78,531.5
37.8,30.0,1.104,0.58,-0.97,0.45,532.0
38.4,30.0,1.105,0.62,0.86,0.76,532.5
39.0,30.0,1.095,0.61,0.45,0.09,533.0
39.6,30.0,1.099,0.59,0.84,-0.33,533.5
40.2,30.0,1.096,0.61,-0.29,0.59,534.0
40.8,30.0,1.095,0.59,0.5,-0.35,534.5
41.4,30.0,1.097,0.6,-0.31,0.34,535.0
42.0,30.0,1.099,0.6,-0.92,0.03,535.5
42.6,30.0,1.097,0.59,-0.1,0.7,536.0
43.2,30.0,1.104,0.58,-0.16,0.51,536.5
43.8,30.0,1.097,0.6,0.21,0.11,537.0
44.4,30.0,1.098,0.6,1.06,-0.29,537.5
45.0,30.0,1.104,0.59,0.77,0.59,538.0
45.6,30.0,1.102,0.6,-0.01,-0.38,538.5
46.2,30.0,1.101,0.6,1.18,-0.4,539.0
46.8,30.0,1.099,0.58,-1.03,0.01,539.5
47.4,30.0,1.098,0.6,-0.95,-0.7,540.0
48.0,30.0,1.097,0.62,-1.01,-0.14,540.5
48.6,30.0,1.097,0.6,-1.16,0.01,541.0
49.2,30.0,1.103,0.59,1.01,0.7,541.5
49.8,30.0,1.102,0.59,-1.06,-0.46,542.0
50.4,30.0,1.1,0.6,0.3,0.09,542.5
51.0,30.0,1.101,0.58,0.43,0.3,543.0
51.6,30.0,1.098,0.61,0.7,-0.21,543.5
52.2,30.0,1.095,0.6,0.89,-0.57,544.0
52.8,30.0,1.1,0.58,0.05,-0.23,544.5
53.4,30.0,1.102,0.58,0.73,0.72,545.0
54.0,30.0,1.097,0.6,-0.76,0.15,545.5
54.6,30.0,1.096,0.62,0.7,-0.52,546.0
55.2,30.0,1.099,0.58,-0.79,-0.59,546.5
55.8,30.0,1.098,0.58,-0.58,0.27,547.0
56.4,30.0,1.102,0.6,0.63,0.35,547.5
57.0,30.0,1.096,0.61,-0.48,-0.37,548.0
57.6,30.0,1.1,0.61,0.85,-0.69,548.5
58.2,30.0,1.099,0.6,-1.01,-0.02,549.0
58.8,30.0,1.096,0.6,-0.53,0.77,549.5
59.4,30.0,1.096,0.59,-0.56,-0.4,550.0
60.0,30.0,1.101,0.61,-0.16,-0.04,550.5
60.6,30.0,1.102,0.62,1.18,-0.79,551.0
61.2,30.0,1.101,0.58,0.83,0.14,551.5
61.8,30.0,1.096,0.58,0.98,-0.7,552.0
62.4,30.0,1.097,0.59,0.95,-0.62,552.5
63.0,30.0,1.096,0.6,0.44,0.06,553.0
63.6,30.0,1.096,0.58,0.89,0.4,553.5
64.2,30.0,1.103,0.59,-1.0,0.04,554.0
64.8,30.0,1.097,0.6,-0.41,0.1,554.5
65.4,30.0,1.105,0.62,-1.12,-0.7,555.0
66.0,30.0,1.103,0.61,0.59,-0.74,555.5
66.6,30.0,1.101,0.6,0.11,-0.18,556.0
67.2,30.0,1.105,0.58,0.93,-0.12,556.5
67.8,30.0,1.102,0.59,-0.79,0.16,557.0
68.4,30.0,1.099,0.59,1.02,0.05,557.5
69.0,30.0,1.102,0.6,1.16,-0.1,558.0
69.6,30.0,1.097,0.6,0.85,0.07,558.5
70.2,30.0,1.102,0.59,0.78,-0.8,559.0
70.8,30.0,1.097,0.62,1.02,-0.63,559.5
71.4,30.0,1.097,0.58,-1.09,-0.25,560.0
72.0,30.0,1.105,0.62,0.99,-0.57,560.5
72.6,30.0,1.097,0.58,0.12,-0.46,561.0
73.2,30.0,1.098,0.6,0.46,-0.27,561.5
73.8,30.0,1.098,0.59,0.05,-0.18,562.0
74.4,30.0,1.103,0.6,0.67,0.56,562.5
75.0,30.0,1.104,0.61,-0.13,0.27,563.0
75.6,30.0,1.098,0.61,0.94,-0.33,563.5
76.2,30.0,1.101,0.59,0.18,0.62,564.0
76.8,30.0,1.098,0.6,1.1,-0.79,564.5
77.4,30.0,1.101,0.59,-0.0,0.14,565.0
78.0,30.0,1.104,0.61,1.0,0.38,565.5
78.6,30.0,1.102,0.62,0.21,-0.31,566.0
79.2,30.0,1.099,0.6,0.13,0.63,566.5
79.8,30.0,1.105,0.6,0.7,-0.12,567.0
80.4,30.0,1.099,0.6,0.49,-0.06,567.5
81.0,30.0,1.098,0.61,0.84,-0.73,568.0
81.6,30.0,1.096,0.59,-0.17,-0.64,568.5
82.2,30.0,1.097,0.6,-1.13,-0.22,569.0
82.8,30.0,1.102,0.61,-0.89,0.03,569.5
83.4,30.0,1.095,0.59,0.18,-0.79,570.0
84.0,30.0,1.097,0.59,-0.45,-0.19,570.5
84.6,30.0,1.1,0.61,0.81,0.68,571.0
85.2,30.0,1.1,0.6,0.79,0.26,571.5
85.8,30.0,1.102,0.6,-1.11,-0.37,572.0
86.4,30.0,1.097,0.61,-0.97,0.15,572.5
87.0,30.0,1.095,0.6,1.16,-0.1,573.0
87.6,30.0,1.101,0.6,-0.1,-0.22,573.5
88.2,30.0,1.099,0.6,-0.99,0.6,574.0
88.8,30.0,1.096,0.6,0.25,0.47,574.5
89.4,30.0,1.099,0.62,0.56,-0.4,575.0
90.0,30.0,1.096,0.59,-0.09,-0.71,575.5
90.6,30.0,1.095,0.61,0.18,-0.52,576.0
91.2,30.0,1.095,0.6,-0.48,0.37,576.5
91.8,30.0,1.096,0.61,0.63,0.47,577.0
92.4,30.0,1.104,0.59,0.88,0.12,577.5
93.0,30.0,1.096,0.61,-0.69,-0.52,578.0
93.6,30.0,1.099,0.6,0.17,0.58,578.5
94.2,30.0,1.102,0.6,-1.15,0.56,579.0
94.8,30.0,1.103,0.6,-1.11,-0.43,579.5
95.4,30.0,1.103,0.59,0.71,-0.4,580.0
96.0,30.0,1.1,0.59,0.57,0.17,580.5
96.6,30.0,1.104,0.61,0.38,-0.55,581.0
97.2,30.0,1.097,0.62,-0.97,0.59,581.5
97.8,30.0,1.103,0.59,0.89,0.32,582.0
98.4,30.0,1.099,0.61,0.57,-0.17,582.5
99.0,30.0,1.102,0.62,-0.19,0.76,583.0
99.6,30.0,1.1,0.59,-0.57,-0.52,583.5
100,35.0,1.098,0.59,-0.46,0.78,584.0
99.4,35.0,1.099,0.59,0.63,-0.59,584.5
98.8,35.0,1.105,0.6,0.22,-0.37,585.0
98.2,35.0,1.1,0.6,0.75,0.27,585.5
97.6,35.0,1.097,0.61,-0.27,0.47,586.0
97.0,35.0,1.098,0.61,1.01,0.76,586.5
96.4,35.0,1.104,0.59,-0.44,0.32,587.0
95.8,35.0,1.097,0.62,-0.88,0.25,587.5
95.2,35.0,1.103,0.61,0.85,0.24,588.0
94.6,35.0,1.101,0.59,-0.57,0.09,588.5
94.0,35.0,1.103,0.6,0.89,-0.35,589.0
93.4,35.0,1.099,0.61,0.97,-0.38,589.5
92.8,35.0,1.099,0.58,0.22,0.2,590.0
92.2,35.0,1.101,0.6,-0.35,0.01,590.5
91.6,35.0,1.098,0.61,-0.81,-0.19,591.0
91.0,35.0,1.1,0.61,-0.37,0.28,591.5
90.4,35.0,1.105,0.6,1.02,0.65,592.0
89.8,35.0,1.101,0.59,-1.05,0.41,592.5
89.2,35.0,1.101,0.61,0.21,0.55,593.0
88.6,35.0,1.101,0.59,-0.54,-0.42,593.5
88.0,35.0,1.097,0.61,0.72,-0.15,594.0
87.4,35.0,1.101,0.61,0.86,0.67,594.5
86.8,35.0,1.099,0.58,0.24,0.39,595.0
86.2,35.0,1.104,0.6,0.95,0.53,595.5
85.6,35.0,1.1,0.61,0.91,0.28,596.0
85.0,35.0,1.099,0.58,-0.01,0.35,596.5
84.4,35.0,1.098,0.61,0.1,-0.29,597.0
83.8,35.0,1.101,0.6,-0.55,0.75,597.5
83.2,35.0,1.098,0.6,-0.11,0.76,598.0
82.6,35.0,1.096,0.58,0.05,-0.1,598.5
82.0,35.0,1.1,0.6,0.06,0.73,599.0
81.4,35.0,1.1,0.6,-0.9,-0.67,599.5
80.8,35.0,1.099,0.62,-0.61,-0.07,600.0
80.2,35.0,1.104,0.62,0.8,-0.73,600.5
79.6,35.0,1.101,0.59,-0.11,0.22,601.0
79.0,35.0,1.098,0.58,1.13,0.65,601.5
78.4,35.0,1.096,0.6,0.97,0.77,602.0
77.8,35.0,1.103,0.62,0.02,-0.44,602.5
77.2,35.0,1.104,0.6,-0.64,0.26,603.0
76.6,35.0,1.105,0.62,0.7,0.67,603.5
76.0,35.0,1.101,0.62,-0.51,-0.22,604.0
75.4,35.0,1.104,0.6,1.0,0.4,604.5
74.8,35.0,1.102,0.58,-0.46,-0.47,605.0
74.2,35.0,1.1,0.61,0.5,-0.41,605.5
73.6,35.0,1.099,0.59,0.4,-0.52,606.0
73.0,35.0,1.097,0.58,0.39,0.4,606.5
72.4,35.0,1.103,0.59,0.66,0.53,607.0
71.8,35.0,1.1,0.61,0.54,0.59,607.5
71.2,35.0,1.103,0.6,-0.25,0.07,608.0
70.6,35.0,1.104,0.6,-0.77,0.76,608.5
70.0,35.0,1.101,0.59,0.69,0.06,609.0
69.4,35.0,1.102,0.61,-1.04,0.51,609.5
68.8,35.0,1.095,0.62,-0.45,0.4,610.0
68.2,35.0,1.102,0.59,0.7,-0.34,610.5
67.6,35.0,1.099,0.61,1.14,-0.75,611.0
67.0,35.0,1.101,0.62,0.6,0.57,611.5
66.4,35.0,1.103,0.58,0.18,-0.6,612.0
65.8,35.0,1.098,0.6,0.0,-0.71,612.5
65.2,35.0,1.096,0.61,1.12,0.37,613.0
64.6,35.0,1.097,0.58,-0.39,0.56,613.5
64.0,35.0,1.102,0.59,0.69,0.3,614.0
63.4,35.0,1.099,0.61,-0.26,-0.3,614.5
62.8,35.0,1.104,0.58,0.09,-0.25,615.0
62.2,35.0,1.098,0.58,-1.1,-0.71,615.5
61.6,35.0,1.102,0.62,-0.53,0.24,616.0
61.0,35.0,1.096,0.6,-0.97,-0.13,616.5
60.4,35.0,1.1,0.61,-0.38,-0.64,617.0
59.8,35.0,1.102,0.61,0.47,-0.66,617.5
59.2,35.0,1.102,0.59,0.14,-0.64,618.0
58.6,35.0,1.099,0.61,0.92,-0.52,618.5
58.0,35.0,1.095,0.6,-0.09,0.48,619.0
57.4,35.0,1.104,0.6,-0.93,-0.15,619.5
56.8,35.0,1.1,0.59,0.18,0.19,620.0
56.2,35.0,1.097,0.61,-0.65,-0.23,620.5
55.6,35.0,1.095,0.6,-1.08,-0.33,621.0
55.0,35.0,1.097,0.59,-0.8,0.19,621.5
54.4,35.0,1.105,0.6,0.54,0.02,622.0
53.8,35.0,1.097,0.61,-0.05,-0.44,622.5
53.2,35.0,1.103,0.61,0.72,-0.8,623.0
52.6,35.0,1.097,0.58,-1.07,-0.56,623.5
52.0,35.0,1.102,0.59,-0.74,-0.04,624.0
51.4,35.0,1.104,0.58,-0.39,0.03,624.5
50.8,35.0,1.096,0.62,-0.52,0.49,625.0
50.2,35.0,1.104,0.61,0.92,0.7,625.5
49.6,35.0,1.097,0.59,-0.27,-0.36,626.0
49.0,35.0,1.102,0.6,-0.38,0.04,626.5
48.4,35.0,1.096,0.59,0.89,-0.26,627.0
47.8,35.0,1.096,0.59,-0.41,-0.21,627.5
47.2,35.0,1.099,0.62,0.17,0.16,628.0
46.6,35.0,1.102,0.58,1.04,-0.11,628.5
46.0,35.0,1.101,0.6,0.69,0.2,629.0
45.4,35.0,1.101,0.61,1.16,-0.56,629.5
44.8,35.0,1.102,0.58,-0.81,-0.29,630.0
44.2,35.0,1.097,0.6,0.87,0.22,630.5
43.6,35.0,1.096,0.59,-0.78,-0.46,631.0
43.0,35.0,1.1,0.58,0.24,0.07,631.5
42.4,35.0,1.097,0.61,-1.01,-0.34,632.0
41.8,35.0,1.103,0.59,-0.28,0.77,632.5
41.2,35.0,1.097,0.61,-0.25,0.58,633.0
40.6,35.0,1.098,0.59,0.15,0.21,633.5
40.0,35.0,1.099,0.6,0.54,-0.18,634.0
39.4,35.0,1.105,0.59,-0.68,0.66,634.5
38.8,35.0,1.1,0.59,0.8,-0.6,635.0
38.2,35.0,1.099,0.58,0.94,-0.61,635.5
37.6,35.0,1.1,0.6,0.69,0.15,636.0
37.0,35.0,1.095,0.6,0.15,0.12,636.5
36.4,35.0,1.099,0.58,-0.98,0.53,637.0
35.8,35.0,1.098,0.6,0.28,0.58,637.5
35.2,35.0,1.102,0.59,-0.14,-0.06,638.0
34.6,35.0,1.104,0.6,0.61,0.04,638.5
34.0,35.0,1.099,0.62,0.35,-0.68,639.0
33.4,35.0,1.097,0.6,0.61,-0.05,639.5
32.8,35.0,1.099,0.59,-0.73,0.3,640.0
32.2,35.0,1.104,0.6,-0.41,0.2,640.5
31.6,35.0,1.1,0.61,0.91,-0.52,641.0
31.0,35.0,1.103,0.62,-0.64,-0.4,641.5
30.4,35.0,1.103,0.62,-1.02,-0.52,642.0
29.8,35.0,1.095,0.61,-0.56,-0.52,642.5
29.2,35.0,1.105,0.6,0.1,0.04,643.0
28.6,35.0,1.099,0.58,1.16,-0.03,643.5
28.0,35.0,1.1,0.61,0.47,-0.39,644.0
27.4,35.0,1.101,0.58,-0.68,-0.01,644.5
26.8,35.0,1.1,0.62,0.93,0.34,645.0
26.2,35.0,1.098,0.59,-0.4,0.35,645.5
25.6,35.0,1.099,0.62,0.17,-0.3,646.0
25.0,35.0,1.102,0.61,-0.6,-0.37,646.5
24.4,35.0,1.096,0.59,0.53,-0.35,647.0
23.8,35.0,1.104,0.61,0.39,0.45,647.5
23.2,35.0,1.1,0.62,0.02,-0.29,648.0
22.6,35.0,1.102,0.58,-0.28,0.23,648.5
22.0,35.0,1.097,0.58,0.02,0.15,649.0
21.4,35.0,1.102,0.58,-0.88,-0.15,649.5
20.8,35.0,1.103,0.62,-1.05,0.67,650.0
20.2,35.0,1.099,0.59,1.05,0.74,650.5
19.6,35.0,1.099,0.62,0.46,-0.58,651.0
19.0,35.0,1.098,0.59,0.1,-0.27,651.5
18.4,35.0,1.097,0.6,0.0,-0.41,652.0
17.8,35.0,1.102,0.59,1.19,0.6,652.5
17.2,35.0,1.099,0.62,-1.04,0.34,653.0
16.6,35.0,1.105,0.61,0.78,-0.15,653.5
16.0,35.0,1.103,0.61,0.36,0.21,654.0
15.4,35.0,1.103,0.62,0.9,-0.35,654.5
14.8,35.0,1.101,0.59,-0.54,-0.72,655.0
14.2,35.0,1.104,0.59,0.41,0.66,655.5
13.6,35.0,1.1,0.62,-0.37,0.48,656.0
13.0,35.0,1.102,0.61,0.01,0.71,656.5
12.4,35.0,1.095,0.6,-0.83,0.08,657.0
11.8,35.0,1.098,0.59,1.16,-0.59,657.5
11.2,35.0,1.102,0.61,-0.39,0.65,658.0
10.6,35.0,1.1,0.58,0.16,-0.53,658.5
10.0,35.0,1.101,0.6,-0.83,-0.43,659.0
9.4,35.0,1.097,0.59,-0.14,-0.58,659.5
8.8,35.0,1.097,0.58,0.76,-0.29,660.0
8.2,35.0,1.1,0.6,1.15,-0.42,660.5
7.6,35.0,1.096,0.61,-0.45,-0.73,661.0
7.0,35.0,1.103,0.59,0.64,-0.5,661.5
6.4,35.0,1.105,0.6,1.1,-0.64,662.0
5.8,35.0,1.102,0.6,0.58,-0.68,662.5
5.2,35.0,1.099,0.62,0.83,0.12,663.0
4.6,35.0,1.105,0.59,-0.3,-0.1,663.5
4.0,35.0,1.096,0.6,-0.76,0.71,664.0
3.4,35.0,1.102,0.61,0.38,-0.05,664.5
2.8,35.0,1.096,0.61,-0.82,-0.19,665.0
2.2,35.0,1.101,0.61,0.29,0.78,665.5
1.6,35.0,1.102,0.62,0.66,-0.26,666.0
1.0,35.0,1.102,0.6,-0.02,0.48,666.5
0.4,35.0,1.102,0.6,1.09,-0.11,667.0
0,40.0,1.103,0.62,-0.16,-0.47,667.5
0.6,40.0,1.1,0.59,0.1,-0.65,668.0
1.2,40.0,1.098,0.61,-0.99,-0.53,668.5
1.8,40.0,1.097,0.61,-0.19,0.58,669.0
2.4,40.0,1.099,0.59,0.4,-0.16,669.5
3.0,40.0,1.097,0.6,0.81,0.24,670.0
3.6,40.0,1.098,0.61,0.46,-0.49,670.5
4.2,40.0,1.099,0.6,0.33,0.38,671.0
4.8,40.0,1.102,0.59,0.62,-0.67,671.5
5.4,40.0,1.099,0.62,0.09,-0.67,672.0
6.0,40.0,1.1,0.59,-0.78,0.52,672.5
6.6,40.0,1.103,0.61,-1.08,-0.71,673.0
7.2,40.0,1.1,0.59,0.34,-0.17,673.5
7.8,40.0,1.097,0.58,0.37,-0.73,674.0
8.4,40.0,1.1,0.6,0.25,0.32,674.5
9.0,40.0,1.096,0.58,-0.52,0.23,675.0
9.6,40.0,1.103,0.59,-0.52,-0.02,675.5
10.2,40.0,1.105,0.59,-1.14,-0.75,676.0
10.8,40.0,1.099,0.59,-0.73,0.05,676.5
11.4,40.0,1.101,0.6,-0.9,0.2,677.0
12.0,40.0,1.097,0.59,0.1,0.64,677.5
12.6,40.0,1.097,0.58,0.18,-0.24,678.0
13.2,40.0,1.097,0.61,-0.86,-0.8,678.5
13.8,40.0,1.098,0.62,-0.37,0.56,679.0
14.4,40.0,1.104,0.61,0.22,-0.57,679.5
15.0,40.0,1.103,0.58,0.74,-0.01,680.0
15.6,40.0,1.1,0.58,0.04,0.19,680.5
16.2,40.0,1.095,0.6,0.97,0.34,681.0
16.8,40.0,1.095,0.62,1.1,0.15,681.5
17.4,40.0,1.097,0.6,-0.84,-0.21,682.0
18.0,40.0,1.095,0.62,-0.44,0.41,682.5
18.6,40.0,1.103,0.59,-0.54,0.61,683.0
19.2,40.0,1.102,0.6,0.35,-0.52,683.5
19.8,40.0,1.1,0.59,-0.96,-0.61,684.0
20.4,40.0,1.102,0.59,1.2,-0.71,684.5
21.0,40.0,1.102,0.61,0.31,0.37,685.0
21.6,40.0,1.099,0.61,-0.6,0.65,685.5
22.2,40.0,1.099,0.6,-0.37,0.6,686.0
22.8,40.0,1.1,0.62,0.47,0.69,686.5
23.4,40.0,1.099,0.61,1.05,-0.58,687.0
24.0,40.0,1.098,0.6,-0.67,-0.46,687.5
24.6,40.0,1.097,0.61,0.88,0.08,688.0
25.2,40.0,1.105,0.59,-0.07,-0.15,688.5
25.8,40.0,1.102,0.61,0.14,0.68,689.0
26.4,40.0,1.098,0.59,-0.55,-0.24,689.5
27.0,40.0,1.1,0.62,-1.06,0.05,690.0
27.6,40.0,1.099,0.61,-0.03,0.69,690.5
28.2,40.0,1.101,0.61,-0.87,-0.43,691.0
28.8,40.0,1.102,0.62,1.01,0.36,691.5
29.4,40.0,1.096,0.61,1.07,-0.1,692.0
30.0,40.0,1.099,0.61,0.55,0.69,692.5
30.6,40.0,1.104,0.61,-0.1,0.11,693.0
31.2,40.0,1.102,0.6,-0.92,-0.04,693.5
31.8,40.0,1.096,0.62,1.18,0.67,694.0
32.4,40.0,1.101,0.61,0.49,-0.43,694.5
33.0,40.0,1.104,0.62,0.68,0.59,695.0
33.6,40.0,1.102,0.59,-0.68,-0.54,695.5
34.2,40.0,1.096,0.59,-1.15,-0.58,696.0
34.8,40.0,1.1,0.62,-1.18,0.38,696.5
35.4,40.0,1.102,0.58,-0.51,0.64,697.0
36.0,40.0,1.101,0.61,-0.78,0.25,697.5
36.6,40.0,1.097,0.58,-0.68,-0.37,698.0
37.2,40.0,1.098,0.59,-0.03,-0.34,698.5
37.8,40.0,1.096,0.61,0.24,-0.46,699.0
38.4,40.0,1.096,0.6,0.28,-0.38,699.5
39.0,40.0,1.103,0.61,1.15,0.59,700.0
39.6,40.0,1.105,0.6,-0.36,-0.21,700.5
40.2,40.0,1.101,0.58,1.09,-0.6,701.0
40.8,40.0,1.099,0.62,0.62,-0.11,701.5
41.4,40.0,1.103,0.61,0.82,0.25,702.0
42.0,40.0,1.103,0.6,-1.19,-0.02,702.5
42.6,40.0,1.099,0.61,-0.65,-0.48,703.0
43.2,40.0,1.099,0.6,-0.92,0.24,703.5
43.8,40.0,1.098,0.58,-0.1,0.67,704.0
44.4,40.0,1.099,0.61,0.31,0.07,704.5
45.0,40.0,1.1,0.61,-0.84,-0.33,705.0
45.6,40.0,1.102,0.59,1.16,-0.48,705.5
46.2,40.0,1.103,0.61,-0.21,-0.16,706.0
46.8,40.0,1.102,0.59,0.95,0.29,706.5
47.4,40.0,1.099,0.61,1.11,0.48,707.0
48.0,40.0,1.096,0.58,0.51,-0.01,707.5
48.6,40.0,1.097,0.6,0.92,0.29,708.0
49.2,40.0,1.097,0.59,1.07,-0.09,708.5
49.8,40.0,1.098,0.58,0.47,-0.29,709.0
50.4,40.0,1.099,0.61,0.61,-0.56,709.5
51.0,40.0,1.097,0.61,0.99,-0.28,710.0
51.6,40.0,1.101,0.61,-0.04,-0.33,710.5
52.2,40.0,1.104,0.59,0.63,0.1,711.0
52.8,40.0,1.1,0.59,-0.28,0.38,711.5
53.4,40.0,1.099,0.6,0.32,0.1,712.0
54.0,40.0,1.103,0.59,0.72,-0.59,712.5
54.6,40.0,1.098,0.59,-1.13,0.12,713.0
55.2,40.0,1.095,0.61,0.03,-0.11,713.5
55.8,40.0,1.101,0.59,0.29,-0.27,714.0
56.4,40.0,1.096,0.61,0.7,0.31,714.5
57.0,40.0,1.097,0.62,-0.15,-0.34,715.0
57.6,40.0,1.1,0.62,0.97,0.04,715.5
58.2,40.0,1.099,0.6,0.56,-0.33,716.0
58.8,40.0,1.103,0.6,0.24,0.16,716.5
59.4,40.0,1.097,0.59,-0.77,-0.46,717.0
60.0,40.0,1.095,0.6,0.3,0.4,717.5
60.6,40.0,1.101,0.58,-0.38,0.75,718.0
61.2,40.0,1.104,0.58,0.92,-0.04,718.5
61.8,40.0,1.098,0.59,-0.06,0.5,719.0
62.4,40.0,1.097,0.61,0.89,-0.59,719.5
63.0,40.0,1.097,0.6,-0.92,0.59,720.0
63.6,40.0,1.096,0.58,-1.1,-0.49,720.5
64.2,40.0,1.096,0.58,-1.18,-0.31,721.0
64.8,40.0,1.103,0.59,0.04,0.75,721.5
65.4,40.0,1.097,0.59,0.54,-0.06,722.0
66.0,40.0,1.104,0.59,0.99,-0.4,722.5
66.6,40.0,1.098,0.61,-0.23,-0.7,723.0
67.2,40.0,1.105,0.6,1.06,0.14,723.5
67.8,40.0,1.101,0.6,0.26,-0.31,724.0
68.4,40.0,1.103,0.61,0.76,0.18,724.5
69.0,40.0,1.102,0.61,0.81,0.53,725.0
69.6,40.0,1.097,0.6,1.13,0.74,725.5
70.2,40.0,1.099,0.6,-0.98,0.16,726.0
70.8,40.0,1.098,0.59,-0.35,0.13,726.5
71.4,40.0,1.103,0.59,-0.58,0.25,727.0
72.0,40.0,1.096,0.61,-1.06,-0.58,727.5
72.6,40.0,1.1,0.61,-0.03,0.75,728.0
73.2,40.0,1.099,0.59,-0.99,0.66,728.5
73.8,40.0,1.104,0.58,-0.06,-0.08,729.0
74.4,40.0,1.098,0.6,0.01,0.39,729.5
75.0,40.0,1.099,0.58,0.04,-0.11,730.0
75.6,40.0,1.099,0.61,0.57,-0.73,730.5
76.2,40.0,1.099,0.59,-0.34,0.77,731.0
76.8,40.0,1.1,0.61,0.38,0.21,731.5
77.4,40.0,1.102,0.58,0.59,0.78,732.0
78.0,40.0,1.097,0.61,0.81,0.46,732.5
78.6,40.0,1.105,0.62,-1.2,-0.23,733.0
79.2,40.0,1.103,0.62,0.51,0.46,733.5
79.8,40.0,1.1,0.6,0.28,-0.21,734.0
80.4,40.0,1.101,0.6,-0.41,-0.26,734.5
81.0,40.0,1.101,0.58,-0.78,-0.36,735.0
81.6,40.0,1.096,0.6,1.06,0.16,735.5
82.2,40.0,1.097,0.6,0.91,0.42,736.0
82.8,40.0,1.1,0.62,0.7,0.1,736.5
83.4,40.0,1.099,0.59,-0.69,0.7,737.0
84.0,40.0,1.097,0.62,0.04,-0.04,737.5
84.6,40.0,1.098,0.61,-1.19,-0.35,738.0
85.2,40.0,1.098,0.6,-1.09,-0.12,738.5
85.8,40.0,1.097,0.59,-0.85,-0.27,739.0
86.4,40.0,1.104,0.59,0.7,0.61,739.5
87.0,40.0,1.096,0.59,0.19,0.75,740.0
87.6,40.0,1.1,0.59,-0.65,0.34,740.5
88.2,40.0,1.096,0.59,0.79,0.69,741.0
88.8,40.0,1.102,0.59,-0.11,-0.36,741.5
89.4,40.0,1.104,0.59,0.66,0.14,742.0
90.0,40.0,1.103,0.6,1.05,-0.55,742.5
90.6,40.0,1.105,0.59,0.74,-0.19,743.0
91.2,40.0,1.102,0.6,-0.79,-0.76,743.5
91.8,40.0,1.096,0.59,-0.28,-0.58,744.0
92.4,40.0,1.098,0.61,-0.03,-0.64,744.5
93.0,40.0,1.103,0.59,-0.57,0.48,745.0
93.6,40.0,1.099,0.6,0.78,-0.49,745.5
94.2,40.0,1.095,0.6,1.05,0.08,746.0
94.8,40.0,1.098,0.59,0.39,-0.55,746.5
95.4,40.0,1.099,0.59,0.15,-0.6,747.0
96.0,40.0,1.102,0.59,0.66,-0.54,747.5
96.6,40.0,1.096,0.62,-0.24,-0.77,748.0
97.2,40.0,1.099,0.62,0.5,0.67,748.5
97.8,40.0,1.096,0.62,-0.85,0.61,749.0
98.4,40.0,1.104,0.6,0.4,-0.14,749.5
99.0,40.0,1.103,0.58,-0.28,-0.2,750.0
99.6,40.0,1.102,0.6,0.68,-0.58,750.5
100,45.0,1.098,0.59,-0.98,0.55,751.0
99.4,45.0,1.103,0.6,0.76,-0.75,751.5
98.8,45.0,1.098,0.6,-1.12,0.55,752.0
98.2,45.0,1.098,0.61,-1.19,0.11,752.5
97.6,45.0,1.099,0.61,0.34,0.16,753.0
97.0,45.0,1.099,0.62,-0.89,0.26,753.5
96.4,45.0,1.097,0.59,0.49,-0.46,754.0
95.8,45.0,1.101,0.6,-0.54,-0.18,754.5
95.2,45.0,1.103,0.61,0.28,0.24,755.0
94.6,45.0,1.098,0.59,0.55,0.22,755.5
94.0,45.0,1.099,0.61,-0.87,-0.11,756.0
93.4,45.0,1.099,0.59,0.48,0.74,756.5
92.8,45.0,1.099,0.59,-0.01,0.12,757.0
92.2,45.0,1.097,0.6,0.17,0.65,757.5
91.6,45.0,1.103,0.61,-0.82,-0.51,758.0
91.0,45.0,1.105,0.58,-0.36,-0.1,758.5
90.4,45.0,1.099,0.6,0.88,-0.69,759.0
89.8,45.0,1.097,0.61,0.64,-0.76,759.5
89.2,45.0,1.095,0.59,0.74,-0.37,760.0
88.6,45.0,1.103,0.62,0.35,-0.6,760.5
88.0,45.0,1.095,0.58,-0.96,-0.32,761.0
87.4,45.0,1.105,0.62,-0.5,0.1,761.5
86.8,45.0,1.096,0.58,0.23,0.44,762.0
86.2,45.0,1.102,0.62,1.14,0.04,762.5
85.6,45.0,1.101,0.59,1.11,-0.71,763.0
85.0,45.0,1.1,0.58,0.81,-0.27,763.5
84.4,45.0,1.1,0.59,0.91,0.36,764.0
83.8,45.0,1.096,0.58,0.61,0.3,764.5
83.2,45.0,1.105,0.6,-0.24,0.76,765.0
82.6,45.0,1.101,0.58,0.68,0.69,765.5
82.0,45.0,1.102,0.59,0.03,0.16,766.0
81.4,45.0,1.096,0.61,-0.42,0.65,766.5
80.8,45.0,1.105,0.61,-0.09,-0.17,767.0
80.2,45.0,1.104,0.61,-1.03,-0.59,767.5
79.6,45.0,1.1,0.59,0.4,-0.57,768.0
79.0,45.0,1.1,0.62,0.03,-0.7,768.5
78.4,45.0,1.104,0.61,1.1,-0.1,769.0
77.8,45.0,1.104,0.59,-0.34,0.37,769.5
77.2,45.0,1.098,0.61,-0.85,-0.1,770.0
76.6,45.0,1.098,0.6,0.95,-0.02,770.5
76.0,45.0,1.095,0.59,0.26,-0.8,771.0
75.4,45.0,1.105,0.6,0.89,-0.24,771.5
74.8,45.0,1.102,0.61,0.72,0.53,772.0
74.2,45.0,1.096,0.61,0.94,-0.05,772.5
73.6,45.0,1.104,0.59,0.75,-0.2,773.0
73.0,45.0,1.099,0.61,-0.41,0.69,773.5
72.4,45.0,1.096,0.59,-0.43,0.09,774.0
71.8,45.0,1.102,0.6,-0.22,0.59,774.5
71.2,45.0,1.099,0.58,1.12,-0.8,775.0
70.6,45.0,1.099,0.6,-0.21,-0.12,775.5
70.0,45.0,1.098,0.58,-0.28,-0.47,776.0
69.4,45.0,1.099,0.58,-0.9,0.65,776.5
68.8,45.0,1.096,0.59,-0.4,0.79,777.0
68.2,45.0,1.104,0.59,-1.1,0.56,777.5
67.6,45.0,1.103,0.59,-0.76,-0.01,778.0
67.0,45.0,1.096,0.58,-0.86,-0.17,778.5
66.4,45.0,1.101,0.58,-0.24,0.77,779.0
65.8,45.0,1.105,0.59,-0.82,-0.27,779.5
65.2,45.0,1.097,0.61,-0.04,-0.71,780.0
64.6,45.0,1.098,0.6,0.76,-0.67,780.5
64.0,45.0,1.096,0.62,-1.18,0.29,781.0
63.4,45.0,1.097,0.61,-0.72,-0.19,781.5
62.8,45.0,1.098,0.61,0.14,-0.15,782.0
62.2,45.0,1.104,0.6,0.16,-0.54,782.5
61.6,45.0,1.099,0.6,1.0,-0.26,783.0
61.0,45.0,1.096,0.62,1.05,-0.23,783.5
60.4,45.0,1.1,0.59,-0.02,0.67,784.0
59.8,45.0,1.1,0.58,-0.43,-0.46,784.5
59.2,45.0,1.096,0.59,-0.49,-0.53,785.0
58.6,45.0,1.097,0.6,0.37,0.08,785.5
58.0,45.0,1.099,0.59,-0.17,-0.1,786.0
57.4,45.0,1.097,0.59,-0.32,-0.79,786.5
56.8,45.0,1.097,0.6,1.11,-0.72,787.0
56.2,45.0,1.102,0.58,0.07,-0.78,787.5
55.6,45.0,1.105,0.6,0.71,0.72,788.0
55.0,45.0,1.103,0.59,-0.18,-0.6,788.5
54.4,45.0,1.095,0.61,-0.85,-0.28,789.0
53.8,45.0,1.098,0.61,-1.04,-0.34,789.5
53.2,45.0,1.102,0.61,-1.16,0.56,790.0
52.6,45.0,1.103,0.58,0.76,0.73,790.5
52.0,45.0,1.098,0.59,0.08,0.72,791.0
51.4,45.0,1.099,0.59,-1.16,0.63,791.5
50.8,45.0,1.097,0.59,-0.25,-0.21,792.0
50.2,45.0,1.102,0.61,-0.82,-0.36,792.5
49.6,45.0,1.104,0.62,0.9,-0.02,793.0
49.0,45.0,1.103,0.59,-1.08,-0.62,793.5
48.4,45.0,1.098,0.59,0.75,0.52,794.0
47.8,45.0,1.105,0.6,0.78,-0.47,794.5
47.2,45.0,1.099,0.6,0.2,0.47,795.0
46.6,45.0,1.104,0.59,0.24,0.42,795.5
46.0,45.0,1.103,0.6,-0.29,-0.06,796.0
45.4,45.0,1.097,0.61,0.56,0.21,796.5
44.8,45.0,1.097,0.61,0.68,0.12,797.0
44.2,45.0,1.104,0.59,0.62,0.47,797.5
43.6,45.0,1.098,0.61,0.86,-0.07,798.0
43.0,45.0,1.099,0.6,-0.02,0.78,798.5
42.4,45.0,1.101,0.6,1.14,-0.25,799.0
41.8,45.0,1.101,0.61,-0.34,0.07,799.5
41.2,45.0,1.095,0.62,0.04,0.1,800.0
40.6,45.0,1.101,0.58,-0.29,-0.57,800.5
40.0,45.0,1.105,0.62,0.63,0.79,801.0
39.4,45.0,1.102,0.61,1.01,0.75,801.5
38.8,45.0,1.102,0.62,0.49,-0.25,802.0
38.2,45.0,1.101,0.59,1.02,0.69,802.5
37.6,45.0,1.098,0.58,-0.74,-0.16,803.0
37.0,45.0,1.103,0.58,0.9,-0.43,803.5
36.4,45.0,1.099,0.59,0.49,-0.69,804.0
35.8,45.0,1.102,0.61,-1.03,0.16,804.5
35.2,45.0,1.104,0.61,0.5,-0.07,805.0
34.6,45.0,1.099,0.62,0.61,0.35,805.5
34.0,45.0,1.097,0.62,-0.51,-0.21,806.0
33.4,45.0,1.098,0.58,1.14,0.55,806.5
32.8,45.0,1.097,0.59,0.32,-0.35,807.0
32.2,45.0,1.098,0.6,-0.75,0.33,807.5
31.6,45.0,1.103,0.62,1.18,-0.46,808.0
31.0,45.0,1.098,0.58,-0.46,0.25,808.5
30.4,45.0,1.103,0.58,0.85,0.41,809.0
29.8,45.0,1.099,0.58,-0.99,0.07,809.5
29.2,45.0,1.103,0.6,0.45,0.08,810.0
28.6,45.0,1.098,0.59,-0.83,-0.31,810.5
28.0,45.0,1.102,0.59,-0.75,0.41,811.0
27.4,45.0,1.1,0.62,-0.77,0.04,811.5
26.8,45.0,1.104,0.62,-0.4,-0.59,812.0
26.2,45.0,1.095,0.59,-0.77,0.31,812.5
25.6,45.0,1.102,0.62,-0.52,0.25,813.0
25.0,45.0,1.097,0.61,0.65,-0.68,813.5
24.4,45.0,1.098,0.59,-0.22,-0.38,814.0
23.8,45.0,1.102,0.6,0.03,0.24,814.5
23.2,45.0,1.101,0.6,-0.04,-0.38,815.0
22.6,45.0,1.097,0.61,-0.69,-0.58,815.5
22.0,45.0,1.099,0.58,0.48,-0.52,816.0
21.4,45.0,1.103,0.6,0.82,0.67,816.5
20.8,45.0,1.099,0.62,0.02,-0.3,817.0
20.2,45.0,1.096,0.59,-1.17,-0.15,817.5
19.6,45.0,1.102,0.6,-0.72,0.76,818.0
19.0,45.0,1.105,0.6,1.07,-0.29,818.5
18.4,45.0,1.1,0.59,0.24,-0.58,819.0
17.8,45.0,1.102,0.59,0.73,-0.16,819.5
17.2,45.0,1.105,0.6,0.14,0.58,820.0
16.6,45.0,1.097,0.6,1.05,-0.64,820.5
16.0,45.0,1.103,0.61,0.91,-0.39,821.0
15.4,45.0,1.098,0.6,0.39,-0.43,821.5
14.8,45.0,1.095,0.59,-0.01,-0.54,822.0
14.2,45.0,1.103,0.59,0.09,-0.67,822.5
13.6,45.0,1.096,0.59,0.69,-0.44,823.0
13.0,45.0,1.103,0.59,0.31,-0.65,823.5
12.4,45.0,1.096,0.6,-0.93,-0.34,824.0
11.8,45.0,1.095,0.58,0.32,-0.38,824.5
11.2,45.0,1.095,0.61,-0.35,-0.09,825.0
10.6,45.0,1.099,0.6,0.88,0.22,825.5
10.0,45.0,1.097,0.62,0.35,0.55,826.0
9.4,45.0,1.102,0.59,-0.36,-0.01,826.5
8.8,45.0,1.103,0.58,-0.31,-0.22,827.0
8.2,45.0,1.101,0.59,-0.86,-0.33,827.5
7.6,45.0,1.105,0.62,0.16,0.75,828.0
7.0,45.0,1.101,0.61,0.15,0.75,828.5
6.4,45.0,1.097,0.6,0.01,0.61,829.0
5.8,45.0,1.104,0.6,-0.78,0.43,829.5
5.2,45.0,1.103,0.6,1.18,0.11,830.0
4.6,45.0,1.099,0.62,-1.17,0.65,830.5
4.0,45.0,1.097,0.6,0.75,0.49,831.0
3.4,45.0,1.096,0.6,-0.95,0.39,831.5
2.8,45.0,1.097,0.61,0.73,-0.52,832.0
2.2,45.0,1.104,0.59,0.06,-0.36,832.5
1.6,45.0,1.097,0.6,-0.18,-0.13,833.0
1.0,45.0,1.098,0.61,1.01,0.1,833.5
0.4,45.0,1.104,0.59,0.82,0.66,834.0
0,50.0,1.104,0.59,1.04,0.55,834.5
0.6,50.0,1.103,0.6,-0.78,-0.71,835.0
1.2,50.0,1.097,0.6,-0.91,-0.45,835.5
1.8,50.0,1.1,0.58,1.01,-0.11,836.0
2.4,50.0,1.101,0.62,-1.17,0.1,836.5
3.0,50.0,1.102,0.61,1.2,-0.57,837.0
3.6,50.0,1.098,0.59,-0.53,-0.74,837.5
4.2,50.0,1.102,0.61,-1.13,0.09,838.0
4.8,50.0,1.1,0.61,0.76,-0.48,838.5
5.4,50.0,1.097,0.59,-0.35,0.64,839.0
6.0,50.0,1.104,0.6,-0.96,0.29,839.5
6.6,50.0,1.096,0.61,-1.15,-0.69,840.0
7.2,50.0,1.103,0.59,-0.43,0.03,840.5
7.8,50.0,1.101,0.62,1.02,-0.23,841.0
8.4,50.0,1.103,0.61,1.11,-0.41,841.5
9.0,50.0,1.096,0.59,0.25,0.11,842.0
9.6,50.0,1.103,0.61,0.65,-0.15,842.5
10.2,50.0,1.105,0.6,0.66,-0.4,843.0
10.8,50.0,1.101,0.61,0.7,0.04,843.5
11.4,50.0,1.105,0.59,1.02,-0.07,844.0
12.0,50.0,1.1,0.59,-0.79,-0.23,844.5
12.6,50.0,1.099,0.6,-0.53,0.41,845.0
13.2,50.0,1.099,0.6,-0.92,-0.52,845.5
13.8,50.0,1.102,0.6,0.6,-0.69,846.0
14.4,50.0,1.1,0.58,-0.23,-0.18,846.5
15.0,50.0,1.102,0.59,0.78,-0.62,847.0
15.6,50.0,1.103,0.58,0.73,-0.16,847.5
16.2,50.0,1.098,0.62,-0.13,-0.56,848.0
16.8,50.0,1.104,0.59,0.45,-0.08,848.5
17.4,50.0,1.1,0.61,-0.68,0.48,849.0
18.0,50.0,1.098,0.62,0.59,0.48,849.5
18.6,50.0,1.098,0.61,-1.0,0.42,850.0
19.2,50.0,1.098,0.61,0.18,0.3,850.5
19.8,50.0,1.104,0.6,-0.09,-0.64,851.0
20.4,50.0,1.102,0.59,-0.41,0.55,851.5
21.0,50.0,1.104,0.61,1.11,-0.66,852.0
21.6,50.0,1.1,0.62,0.03,-0.05,852.5
22.2,50.0,1.096,0.61,-0.97,0.23,853.0
22.8,50.0,1.103,0.6,0.97,-0.09,853.5
23.4,50.0,1.101,0.6,0.19,0.53,854.0
24.0,50.0,1.102,0.61,1.07,0.62,854.5
24.6,50.0,1.099,0.6,0.13,0.42,855.0
25.2,50.0,1.103,0.59,-0.99,-0.53,855.5
25.8,50.0,1.097,0.58,0.45,-0.13,856.0
26.4,50.0,1.1,0.58,-1.17,0.69,856.5
27.0,50.0,1.097,0.61,0.4,0.38,857.0
27.6,50.0,1.099,0.61,-0.25,0.32,857.5
28.2,50.0,1.1,0.6,0.46,0.76,858.0
28.8,50.0,1.102,0.6,-0.31,-0.77,858.5
29.4,50.0,1.102,0.59,0.67,0.41,859.0
30.0,50.0,1.098,0.6,-1.0,-0.73,859.5
30.6,50.0,1.102,0.6,-1.03,0.15,860.0
31.2,50.0,1.101,0.58,0.05,0.58,860.5
31.8,50.0,1.1,0.6,-0.36,0.01,861.0
32.4,50.0,1.097,0.61,-1.16,-0.19,861.5
33.0,50.0,1.101,0.62,0.24,0.29,862.0
33.6,50.0,1.099,0.61,0.63,0.01,862.5
34.2,50.0,1.103,0.6,-0.52,-0.37,863.0
34.8,50.0,1.105,0.6,0.53,0.66,863.5
35.4,50.0,1.104,0.61,1.12,-0.17,864.0
36.0,50.0,1.098,0.62,1.18,0.05,864.5
36.6,50.0,1.103,0.61,0.41,-0.37,865.0
37.2,50.0,1.099,0.62,-1.14,0.45,865.5
37.8,50.0,1.105,0.58,-0.03,-0.5,866.0
38.4,50.0,1.103,0.61,-0.98,0.19,866.5
39.0,50.0,1.104,0.61,-0.22,-0.74,867.0
39.6,50.0,1.099,0.61,1.15,-0.21,867.5
40.2,50.0,1.099,0.61,-0.94,0.27,868.0
40.8,50.0,1.103,0.58,-0.53,0.62,868.5
41.4,50.0,1.103,0.6,-0.44,-0.19,869.0
42.0,50.0,1.098,0.62,-0.13,-0.09,869.5
42.6,50.0,1.105,0.59,-0.45,0.13,870.0
43.2,50.0,1.096,0.59,-0.87,-0.56,870.5
43.8,50.0,1.098,0.62,-0.7,-0.39,871.0
44.4,50.0,1.097,0.6,-0.14,0.73,871.5
45.0,50.0,1.1,0.61,-1.12,0.78,872.0
45.6,50.0,1.102,0.6,0.53,-0.26,872.5
46.2,50.0,1.099,0.6,0.33,0.69,873.0
46.8,50.0,1.099,0.6,-0.63,-0.57,873.5
47.4,50.0,1.097,0.6,0.98,-0.2,874.0
48.0,50.0,1.102,0.61,1.09,0.48,874.5
48.6,50.0,1.105,0.6,-0.01,0.29,875.0
49.2,50.0,1.101,0.59,-1.03,-0.4,875.5
49.8,50.0,1.097,0.58,1.03,-0.17,876.0
50.4,50.0,1.103,0.59,0.82,-0.62,876.5
51.0,50.0,1.097,0.59,0.14,0.58,877.0
51.6,50.0,1.102,0.61,0.76,-0.24,877.5
52.2,50.0,1.097,0.61,-0.19,0.5,878.0
52.8,50.0,1.099,0.61,-0.62,-0.17,878.5
53.4,50.0,1.103,0.58,0.25,-0.09,879.0
54.0,50.0,1.102,0.58,-0.48,0.09,879.5
54.6,50.0,1.099,0.62,0.22,0.09,880.0
55.2,50.0,1.104,0.58,-1.19,-0.23,880.5
55.8,50.0,1.097,0.58,0.43,-0.05,881.0
56.4,50.0,1.101,0.59,-1.07,0.07,881.5
57.0,50.0,1.095,0.6,0.89,-0.55,882.0
57.6,50.0,1.096,0.59,-0.46,-0.53,882.5
58.2,50.0,1.097,0.62,0.79,0.58,883.0
58.8,50.0,1.097,0.62,0.7,-0.68,883.5
59.4,50.0,1.101,0.58,-0.67,-0.52,884.0
60.0,50.0,1.103,0.59,-0.43,-0.54,884.5
60.6,50.0,1.101,0.6,-0.52,-0.67,885.0
61.2,50.0,1.099,0.6,0.78,-0.06,885.5
61.8,50.0,1.101,0.59,0.88,-0.59,886.0
62.4,50.0,1.097,0.61,-0.5,-0.52,886.5
63.0,50.0,1.101,0.58,1.2,0.79,887.0
63.6,50.0,1.102,0.59,0.73,-0.75,887.5
64.2,50.0,1.095,0.6,0.32,-0.33,888.0
64.8,50.0,1.098,0.59,-1.02,-0.27,888.5
65.4,50.0,1.1,0.61,0.96,0.23,889.0
66.0,50.0,1.101,0.59,-0.1,-0.69,889.5
66.6,50.0,1.1,0.59,-1.14,0.11,890.0
67.2,50.0,1.1,0.62,0.29,-0.63,890.5
67.8,50.0,1.105,0.61,-0.42,-0.45,891.0
68.4,50.0,1.096,0.61,-0.74,0.74,891.5
69.0,50.0,1.104,0.59,0.76,0.11,892.0
69.6,50.0,1.104,0.61,-0.01,0.75,892.5
70.2,50.0,1.105,0.6,0.1,-0.21,893.0
70.8,50.0,1.098,0.58,-1.11,0.24,893.5
71.4,50.0,1.097,0.61,1.18,-0.68,894.0
72.0,50.0,1.097,0.58,0.65,-0.54,894.5
72.6,50.0,1.103,0.58,0.61,0.59,895.0
73.2,50.0,1.098,0.61,-0.77,-0.11,895.5
73.8,50.0,1.102,0.58,-0.5,0.76,896.0
74.4,50.0,1.096,0.61,-0.15,-0.21,896.5
75.0,50.0,1.104,0.61,0.13,-0.12,897.0
75.6,50.0,1.102,0.59,0.75,0.05,897.5
76.2,50.0,1.104,0.6,-0.53,-0.33,898.0
76.8,50.0,1.099,0.6,-0.73,-0.56,898.5
77.4,50.0,1.095,0.6,-0.05,0.74,899.0
78.0,50.0,1.104,0.6,0.74,0.74,899.5
78.6,50.0,1.099,0.61,-0.73,-0.1,900.0
79.2,50.0,1.097,0.59,-0.31,-0.38,900.5
79.8,50.0,1.103,0.58,-0.54,0.38,901.0
80.4,50.0,1.105,0.62,0.06,0.2,901.5
81.0,50.0,1.095,0.59,0.08,-0.47,902.0
81.6,50.0,1.104,0.59,1.07,-0.35,902.5
82.2,50.0,1.098,0.62,-1.13,0.11,903.0
82.8,50.0,1.101,0.58,-0.5,0.72,903.5
83.4,50.0,1.099,0.6,1.19,-0.5,904.0
84.0,50.0,1.101,0.59,-0.63,0.65,904.5
84.6,50.0,1.098,0.61,0.73,-0.44,905.0
85.2,50.0,1.097,0.58,1.07,-0.2,905.5
85.8,50.0,1.096,0.62,0.78,-0.61,906.0
86.4,50.0,1.1,0.62,0.81,-0.24,906.5
87.0,50.0,1.097,0.62,-1.04,-0.42,907.0
87.6,50.0,1.096,0.58,-0.91,-0.13,907.5
88.2,50.0,1.104,0.61,-0.47,0.46,908.0
88.8,50.0,1.101,0.62,-1.05,-0.75,908.5
89.4,50.0,1.101,0.61,1.04,-0.43,909.0
90.0,50.0,1.101,0.62,0.29,0.37,909.5
90.6,50.0,1.097,0.62,0.7,-0.48,910.0
91.2,50.0,1.1,0.6,0.19,-0.52,910.5
91.8,50.0,1.103,0.59,0.61,-0.2,911.0
92.4,50.0,1.103,0.59,-1.14,0.11,911.5
93.0,50.0,1.098,0.6,-0.57,0.6,912.0
93.6,50.0,1.095,0.62,-0.69,0.09,912.5
94.2,50.0,1.099,0.61,-0.4,-0.23,913.0
94.8,50.0,1.099,0.62,-1.18,0.02,913.5
95.4,50.0,1.1,0.6,0.91,-0.43,914.0
96.0,50.0,1.104,0.61,0.54,0.55,914.5
96.6,50.0,1.095,0.6,0.44,-0.77,915.0
97.2,50.0,1.096,0.59,1.02,0.41,915.5
97.8,50.0,1.102,0.62,0.38,-0.38,916.0
98.4,50.0,1.103,0.59,-0.55,-0.56,916.5
99.0,50.0,1.097,0.61,-0.46,0.67,917.0
99.6,50.0,1.099,0.6,-0.17,0.75,917.5
100,55.0,1.105,0.59,0.45,0.42,918.0
99.4,55.0,1.098,0.59,-0.88,-0.67,918.5
98.8,55.0,1.104,0.61,0.68,0.29,919.0
98.2,55.0,1.096,0.61,-0.64,-0.55,919.5
97.6,55.0,1.101,0.59,-0.07,0.52,920.0
97.0,55.0,1.104,0.58,-0.4,0.45,920.5
96.4,55.0,1.096,0.6,-0.91,-0.23,921.0
95.8,55.0,1.098,0.6,0.69,-0.19,921.5
95.2,55.0,1.096,0.59,-0.44,0.06,922.0
94.6,55.0,1.096,0.61,-0.85,-0.47,922.5
94.0,55.0,1.099,0.6,-0.85,0.73,923.0
93.4,55.0,1.101,0.59,-0.61,0.39,923.5
92.8,55.0,1.1,0.6,0.81,0.68,924.0
92.2,55.0,1.101,0.6,0.84,-0.53,924.5
91.6,55.0,1.097,0.61,-0.94,0.68,925.0
91.0,55.0,1.097,0.61,-0.03,-0.53,925.5
90.4,55.0,1.102,0.61,-0.7,-0.57,926.0
89.8,55.0,1.102,0.58,0.3,-0.14,926.5
89.2,55.0,1.101,0.62,1.03,0.54,927.0
88.6,55.0,1.1,0.58,0.16,0.4,927.5
88.0,55.0,1.096,0.6,1.03,0.77,928.0
87.4,55.0,1.105,0.6,-0.71,-0.39,928.5
86.8,55.0,1.097,0.62,0.8,0.78,929.0
86.2,55.0,1.098,0.59,0.19,0.31,929.5
85.6,55.0,1.103,0.6,1.15,0.16,930.0
85.0,55.0,1.098,0.6,1.19,0.75,930.5
84.4,55.0,1.101,0.61,-0.32,-0.12,931.0
83.8,55.0,1.103,0.59,1.14,0.22,931.5
83.2,55.0,1.1,0.61,0.99,0.68,932.0
82.6,55.0,1.101,0.6,0.32,-0.42,932.5
82.0,55.0,1.1,0.6,0.33,-0.66,933.0
81.4,55.0,1.104,0.6,-0.43,-0.45,933.5
80.8,55.0,1.103,0.62,0.03,0.03,934.0
80.2,55.0,1.101,0.61,0.51,0.49,934.5
79.6,55.0,1.103,0.58,-0.49,-0.41,935.0
79.0,55.0,1.103,0.61,-0.11,0.21,935.5
78.4,55.0,1.096,0.6,0.85,-0.29,936.0
77.8,55.0,1.1,0.61,0.81,-0.69,936.5
77.2,55.0,1.098,0.59,0.59,-0.45,937.0
76.6,55.0,1.097,0.61,0.44,-0.17,937.5
76.0,55.0,1.1,0.61,-0.85,0.13,938.0
75.4,55.0,1.096,0.61,0.16,-0.5,938.5
74.8,55.0,1.101,0.62,-0.28,0.75,939.0
74.2,55.0,1.105,0.59,0.67,0.3,939.5
73.6,55.0,1.103,0.58,0.08,0.14,940.0
73.0,55.0,1.101,0.62,-0.64,-0.1,940.5
72.4,55.0,1.103,0.62,-0.8,0.19,941.0
71.8,55.0,1.102,0.61,-1.18,-0.31,941.5
71.2,55.0,1.095,0.62,0.4,-0.75,942.0
70.6,55.0,1.097,0.62,0.11,0.42,942.5
70.0,55.0,1.101,0.59,-1.17,-0.01,943.0
69.4,55.0,1.095,0.59,0.13,-0.41,943.5
68.8,55.0,1.104,0.62,-0.6,-0.62,944.0
68.2,55.0,1.095,0.58,-0.64,-0.53,944.5
67.6,55.0,1.103,0.62,0.09,0.18,945.0
67.0,55.0,1.102,0.59,0.47,-0.51,945.5
66.4,55.0,1.104,0.59,-0.08,0.52,946.0
65.8,55.0,1.103,0.59,-0.8,0.38,946.5
65.2,55.0,1.102,0.61,-0.41,-0.29,947.0
64.6,55.0,1.103,0.58,0.15,0.66,947.5
64.0,55.0,1.105,0.58,-0.82,0.65,948.0
63.4,55.0,1.097,0.59,0.68,-0.51,948.5
62.8,55.0,1.1,0.62,0.38,-0.24,949.0
62.2,55.0,1.099,0.59,-0.82,-0.02,949.5
61.6,55.0,1.098,0.61,1.03,-0.1,950.0
61.0,55.0,1.1,0.6,-0.8,-0.01,950.5
60.4,55.0,1.104,0.61,-1.18,0.37,951.0
59.8,55.0,1.098,0.61,-0.66,-0.31,951.5
59.2,55.0,1.105,0.58,-0.34,-0.4,952.0
58.6,55.0,1.097,0.61,0.95,0.65,952.5
58.0,55.0,1.095,0.59,-0.7,0.68,953.0
57.4,55.0,1.096,0.59,0.63,0.23,953.5
56.8,55.0,1.103,0.62,0.37,0.15,954.0
56.2,55.0,1.102,0.59,-0.44,-0.75,954.5
55.6,55.0,1.099,0.62,0.98,-0.39,955.0
55.0,55.0,1.098,0.6,-0.4,-0.53,955.5
54.4,55.0,1.099,0.61,0.01,-0.67,956.0
53.8,55.0,1.098,0.61,1.0,-0.67,956.5
53.2,55.0,1.101,0.6,0.41,-0.67,957.0
52.6,55.0,1.1,0.61,-0.98,0.37,957.5
52.0,55.0,1.1,0.59,-0.75,0.46,958.0
51.4,55.0,1.103,0.59,-1.03,-0.59,958.5
50.8,55.0,1.097,0.61,1.01,-0.02,959.0
50.2,55.0,1.098,0.59,0.79,0.11,959.5
49.6,55.0,1.104,0.59,-0.26,0.75,960.0
49.0,55.0,1.102,0.62,0.69,0.1,960.5
48.4,55.0,1.104,0.61,0.57,0.76,961.0
47.8,55.0,1.096,0.62,0.44,0.55,961.5
47.2,55.0,1.096,0.59,-1.11,0.78,962.0
46.6,55.0,1.098,0.6,-0.97,0.38,962.5
46.0,55.0,1.097,0.6,0.05,-0.51,963.0
45.4,55.0,1.098,0.6,-1.1,-0.34,963.5
44.8,55.0,1.103,0.6,0.92,-0.19,964.0
44.2,55.0,1.101,0.58,0.29,0.19,964.5
43.6,55.0,1.102,0.59,-0.38,-0.09,965.0
43.0,55.0,1.096,0.59,0.64,0.75,965.5
42.4,55.0,1.099,0.6,-0.54,-0.21,966.0
41.8,55.0,1.098,0.6,0.79,0.57,966.5
41.2,55.0,1.096,0.59,-1.14,0.5,967.0
40.6,55.0,1.104,0.6,0.62,-0.48,967.5
40.0,55.0,1.101,0.62,-0.8,0.56,968.0
39.4,55.0,1.099,0.6,-0.99,-0.34,968.5
38.8,55.0,1.102,0.6,0.63,-0.47,969.0
38.2,55.0,1.101,0.6,0.17,0.77,969.5
37.6,55.0,1.101,0.62,-0.26,-0.02,970.0
37.0,55.0,1.101,0.6,-0.18,0.32,970.5
36.4,55.0,1.096,0.59,0.54,0.77,971.0
35.8,55.0,1.1,0.6,0.38,-0.73,971.5
35.2,55.0,1.1,0.6,-1.16,-0.55,972.0
34.6,55.0,1.103,0.59,0.31,-0.6,972.5
34.0,55.0,1.095,0.58,0.81,-0.54,973.0
33.4,55.0,1.101,0.61,-0.41,0.04,973.5
32.8,55.0,1.103,0.62,-1.03,-0.15,974.0
32.2,55.0,1.096,0.62,0.44,0.53,974.5
31.6,55.0,1.1,0.59,-1.19,0.66,975.0
31.0,55.0,1.1,0.59,0.38,-0.19,975.5
30.4,55.0,1.099,0.59,0.69,0.63,976.0
29.8,55.0,1.098,0.59,-1.05,0.05,976.5
29.2,55.0,1.099,0.62,-0.45,0.4,977.0
28.6,55.0,1.098,0.59,0.88,0.72,977.5
28.0,55.0,1.095,0.58,1.11,0.32,978.0
27.4,55.0,1.1,0.6,0.15,0.47,978.5
26.8,55.0,1.099,0.58,0.84,-0.43,979.0
26.2,55.0,1.095,0.6,-0.14,0.2,979.5
25.6,55.0,1.099,0.61,-0.35,0.39,980.0
25.0,55.0,1.102,0.6,0.97,-0.66,980.5
24.4,55.0,1.104,0.59,-0.3,0.71,981.0
23.8,55.0,1.104,0.61,-0.27,0.16,981.5
23.2,55.0,1.099,0.59,1.06,-0.49,982.0
22.6,55.0,1.097,0.59,-0.4,-0.03,982.5
22.0,55.0,1.102,0.6,-0.52,0.77,983.0
21.4,55.0,1.096,0.59,-0.79,0.38,983.5
20.8,55.0,1.098,0.59,0.46,0.72,984.0
20.2,55.0,1.098,0.61,0.49,-0.6,984.5
19.6,55.0,1.102,0.61,-0.87,-0.19,985.0
19.0,55.0,1.1,0.59,0.77,-0.41,985.5
18.4,55.0,1.098,0.62,-1.11,-0.61,986.0
17.8,55.0,1.098,0.61,-0.23,-0.23,986.5
17.2,55.0,1.101,0.59,0.18,0.56,987.0
16.6,55.0,1.101,0.6,0.6,0.54,987.5
16.0,55.0,1.098,0.59,0.49,-0.68,988.0
15.4,55.0,1.1,0.61,0.39,0.09,988.5
14.8,55.0,1.105,0.6,-0.09,0.71,989.0
14.2,55.0,1.105,0.6,-0.12,0.62,989.5
13.6,55.0,1.101,0.62,-1.02,0.16,990.0
13.0,55.0,1.096,0.61,-1.1,0.19,990.5
12.4,55.0,1.099,0.61,-1.14,-0.68,991.0
11.8,55.0,1.095,0.6,0.27,-0.7,991.5
11.2,55.0,1.097,0.62,0.69,0.54,992.0
10.6,55.0,1.1,0.62,1.07,0.08,992.5
10.0,55.0,1.105,0.6,-0.5,0.44,993.0
9.4,55.0,1.104,0.6,-0.32,0.06,993.5
8.8,55.0,1.101,0.61,-0.02,-0.47,994.0
8.2,55.0,1.105,0.61,-0.27,0.05,994.5
7.6,55.0,1.102,0.61,-0.47,0.76,995.0
7.0,55.0,1.103,0.61,-0.17,0.44,995.5
6.4,55.0,1.105,0.58,-0.97,-0.4,996.0
5.8,55.0,1.098,0.62,0.43,0.5,996.5
5.2,55.0,1.097,0.59,-0.06,0.37,997.0
4.6,55.0,1.098,0.58,-0.09,0.34,997.5
4.0,55.0,1.099,0.61,-0.24,-0.71,998.0
3.4,55.0,1.096,0.62,0.81,-0.25,998.5
2.8,55.0,1.102,0.59,0.87,0.66,999.0
2.2,55.0,1.1,0.58,0.61,0.34,999.5
1.6,55.0,1.096,0.61,0.22,0.18,1000.0
1.0,55.0,1.105,0.62,1.15,0.25,1000.5
0.4,55.0,1.101,0.59,0.52,-0.21,1001.0
0,60.0,1.097,0.62,0.11,-0.59,1001.5
0.6,60.0,1.099,0.61,-1.02,-0.09,1002.0
1.2,60.0,1.097,0.61,-0.81,-0.63,1002.5
1.8,60.0,1.1,0.58,0.91,0.33,1003.0
2.4,60.0,1.099,0.6,-0.11,-0.32,1003.5
3.0,60.0,1.1,0.59,-0.05,0.05,1004.0
3.6,60.0,1.098,0.58,0.48,-0.21,1004.5
4.2,60.0,1.103,0.6,-0.72,-0.47,1005.0
4.8,60.0,1.105,0.61,0.11,-0.32,1005.5
5.4,60.0,1.102,0.62,-0.62,-0.43,1006.0
6.0,60.0,1.104,0.59,1.19,-0.51,1006.5
6.6,60.0,1.104,0.61,-0.56,-0.64,1007.0
7.2,60.0,1.105,0.6,-0.15,-0.22,1007.5
7.8,60.0,1.103,0.59,-0.5,0.06,1008.0
8.4,60.0,1.104,0.61,-0.18,-0.72,1008.5
9.0,60.0,1.1,0.62,1.07,-0.32,1009.0
9.6,60.0,1.1,0.61,-1.07,0.57,1009.5
10.2,60.0,1.1,0.59,0.03,0.59,1010.0
10.8,60.0,1.099,0.61,-0.99,-0.7,1010.5
11.4,60.0,1.105,0.58,0.79,-0.28,1011.0
12.0,60.0,1.095,0.61,-0.98,-0.78,1011.5
12.6,60.0,1.098,0.61,-0.18,-0.2,1012.0
13.2,60.0,1.104,0.59,0.28,0.76,1012.5
13.8,60.0,1.104,0.6,1.08,0.05,1013.0
14.4,60.0,1.097,0.59,-0.44,-0.07,1013.5
15.0,60.0,1.104,0.59,1.16,-0.37,1014.0
15.6,60.0,1.101,0.58,-1.2,-0.2,1014.5
16.2,60.0,1.098,0.6,0.78,0.27,1015.0
16.8,60.0,1.098,0.59,0.67,-0.39,1015.5
17.4,60.0,1.102,0.58,0.53,-0.27,1016.0
18.0,60.0,1.097,0.61,-0.18,0.75,1016.5
18.6,60.0,1.099,0.61,-0.75,-0.78,1017.0
19.2,60.0,1.097,0.61,-0.23,-0.65,1017.5
19.8,60.0,1.096,0.59,-0.59,0.01,1018.0
20.4,60.0,1.102,0.59,-1.13,0.42,1018.5
21.0,60.0,1.103,0.6,-1.06,0.25,1019.0
21.6,60.0,1.104,0.6,0.02,0.61,1019.5
22.2,60.0,1.104,0.61,-0.9,0.47,1020.0
22.8,60.0,1.104,0.59,-0.4,-0.17,1020.5
23.4,60.0,1.104,0.58,0.08,-0.68,1021.0
24.0,60.0,1.101,0.59,-0.3,0.55,1021.5
24.6,60.0,1.096,0.6,-0.02,0.62,1022.0
25.2,60.0,1.097,0.61,0.45,-0.38,1022.5
25.8,60.0,1.1,0.61,1.12,0.06,1023.0
26.4,60.0,1.1,0.61,-1.01,-0.25,1023.5
27.0,60.0,1.098,0.59,-0.4,0.31,1024.0
27.6,60.0,1.099,0.61,-0.7,0.71,1024.5
28.2,60.0,1.104,0.6,-0.87,0.29,1025.0
28.8,60.0,1.104,0.6,0.0,-0.31,1025.5
29.4,60.0,1.1,0.62,-1.16,-0.06,1026.0
30.0,60.0,1.102,0.62,1.01,0.45,1026.5
30.6,60.0,1.102,0.59,-0.04,-0.4,1027.0
31.2,60.0,1.101,0.61,-1.13,0.23,1027.5
31.8,60.0,1.1,0.62,0.95,0.18,1028.0
32.4,60.0,1.101,0.58,0.99,-0.26,1028.5
33.0,60.0,1.102,0.58,0.97,0.52,1029.0
33.6,60.0,1.099,0.59,0.52,0.42,1029.5
34.2,60.0,1.098,0.6,0.2,-0.66,1030.0
34.8,60.0,1.102,0.61,-0.87,-0.41,1030.5
35.4,60.0,1.105,0.61,0.45,-0.45,1031.0
36.0,60.0,1.099,0.6,-0.82,0.4,1031.5
36.6,60.0,1.1,0.61,-0.15,0.78,1032.0
37.2,60.0,1.102,0.58,-0.3,-0.35,1032.5
37.8,60.0,1.098,0.61,-0.21,0.0,1033.0
38.4,60.0,1.096,0.59,1.17,0.75,1033.5
39.0,60.0,1.101,0.61,-0.23,-0.66,1034.0
39.6,60.0,1.104,0.61,-0.28,-0.04,1034.5
40.2,60.0,1.099,0.58,-0.8,-0.56,1035.0
40.8,60.0,1.103,0.58,0.79,0.77,1035.5
41.4,60.0,1.103,0.58,0.97,0.56,1036.0
42.0,60.0,1.097,0.61,0.92,0.33,1036.5
42.6,60.0,1.096,0.59,0.23,0.79,1037.0
43.2,60.0,1.098,0.58,0.72,-0.39,1037.5
43.8,60.0,1.1,0.59,-0.32,-0.41,1038.0
44.4,60.0,1.097,0.59,-1.17,0.57,1038.5
45.0,60.0,1.097,0.61,0.01,0.26,1039.0
45.6,60.0,1.096,0.6,0.75,-0.05,1039.5
46.2,60.0,1.095,0.61,-0.76,-0.5,1040.0
46.8,60.0,1.104,0.6,-0.15,0.27,1040.5
47.4,60.0,1.101,0.59,-0.19,0.25,1041.0
48.0,60.0,1.098,0.6,-0.16,0.13,1041.5
48.6,60.0,1.101,0.61,0.58,-0.76,1042.0
49.2,60.0,1.099,0.6,-0.34,0.27,1042.5
49.8,60.0,1.096,0.58,-0.63,0.43,1043.0
50.4,60.0,1.103,0.61,0.57,0.18,1043.5
51.0,60.0,1.095,0.61,0.55,0.63,1044.0
51.6,60.0,1.097,0.59,-0.02,-0.61,1044.5
52.2,60.0,1.105,0.59,0.41,-0.19,1045.0
52.8,60.0,1.104,0.62,-0.3,-0.33,1045.5
53.4,60.0,1.103,0.6,-0.7,-0.42,1046.0
54.0,60.0,1.096,0.59,-0.62,-0.62,1046.5
54.6,60.0,1.105,0.61,-0.05,0.77,1047.0
55.2,60.0,1.099,0.62,1.14,-0.64,1047.5
55.8,60.0,1.097,0.62,-0.46,-0.02,1048.0
56.4,60.0,1.103,0.59,1.04,0.16,1048.5
57.0,60.0,1.098,0.62,-0.6,-0.28,1049.0
57.6,60.0,1.1,0.6,0.79,0.37,1049.5
58.2,60.0,1.099,0.58,0.42,-0.02,1050.0
58.8,60.0,1.096,0.61,-1.05,-0.1,1050.5
59.4,60.0,1.099,0.6,1.17,-0.6,1051.0
60.0,60.0,1.096,0.62,-1.15,-0.45,1051.5
60.6,60.0,1.096,0.6,0.53,-0.62,1052.0
61.2,60.0,1.096,0.59,0.51,0.31,1052.5
61.8,60.0,1.105,0.6,-0.04,0.18,1053.0
62.4,60.0,1.097,0.59,-0.89,0.23,1053.5
63.0,60.0,1.1,0.62,1.04,0.08,1054.0
63.6,60.0,1.104,0.6,-0.71,-0.02,1054.5
64.2,60.0,1.095,0.6,-0.9,0.43,1055.0
64.8,60.0,1.105,0.6,0.88,-0.09,1055.5
65.4,60.0,1.098,0.6,0.54,-0.37,1056.0
66.0,60.0,1.097,0.6,-0.92,-0.47,1056.5
66.6,60.0,1.105,0.59,-0.64,0.53,1057.0
67.2,60.0,1.1,0.59,-1.04,0.4,1057.5
67.8,60.0,1.097,0.59,1.08,-0.23,1058.0
68.4,60.0,1.098,0.59,0.49,-0.34,1058.5
69.0,60.0,1.095,0.62,0.85,0.69,1059.0
69.6,60.0,1.096,0.6,1.07,0.54,1059.5
70.2,60.0,1.097,0.61,0.23,0.64,1060.0
70.8,60.0,1.097,0.59,-0.71,-0.64,1060.5
71.4,60.0,1.103,0.58,0.88,0.27,1061.0
72.0,60.0,1.097,0.6,-0.54,-0.59,1061.5
72.6,60.0,1.105,0.59,1.07,0.4,1062.0
73.2,60.0,1.1,0.61,-0.27,0.28,1062.5
73.8,60.0,1.097,0.58,-0.62,-0.14,1063.0
74.4,60.0,1.1,0.61,-0.33,-0.27,1063.5
75.0,60.0,1.101,0.62,0.08,0.08,1064.0
75.6,60.0,1.099,0.62,-0.41,-0.28,1064.5
76.2,60.0,1.102,0.58,0.91,-0.36,1065.0
76.8,60.0,1.104,0.61,-0.5,0.16,1065.5
77.4,60.0,1.098,0.61,-1.18,0.28,1066.0
78.0,60.0,1.095,0.6,-0.41,0.43,1066.5
78.6,60.0,1.098,0.59,0.96,0.22,1067.0
79.2,60.0,1.1,0.61,-0.63,-0.78,1067.5
79.8,60.0,1.1,0.61,-0.55,0.36,1068.0
80.4,60.0,1.096,0.59,-0.56,-0.18,1068.5
81.0,60.0,1.102,0.61,-0.43,-0.48,1069.0
81.6,60.0,1.098,0.6,0.03,-0.48,1069.5
82.2,60.0,1.099,0.59,-0.76,0.64,1070.0
82.8,60.0,1.098,0.6,-0.79,0.18,1070.5
83.4,60.0,1.096,0.6,0.39,0.13,1071.0
84.0,60.0,1.095,0.59,0.42,0.62,1071.5
84.6,60.0,1.103,0.58,-0.01,0.58,1072.0
85.2,60.0,1.098,0.61,0.71,0.21,1072.5
85.8,60.0,1.104,0.6,0.37,-0.39,1073.0
86.4,60.0,1.101,0.6,-0.82,0.33,1073.5
87.0,60.0,1.1,0.59,-0.3,0.57,1074.0
87.6,60.0,1.098,0.6,0.12,0.23,1074.5
88.2,60.0,1.101,0.58,-1.14,-0.23,1075.0
88.8,60.0,1.097,0.62,-0.87,0.37,1075.5
89.4,60.0,1.096,0.59,1.15,0.62,1076.0
90.0,60.0,1.099,0.6,1.11,-0.75,1076.5
90.6,60.0,1.104,0.6,0.66,0.1,1077.0
91.2,60.0,1.098,0.58,1.08,0.43,1077.5
91.8,60.0,1.101,0.62,0.43,-0.76,1078.0
92.4,60.0,1.096,0.61,-0.98,0.68,1078.5
93.0,60.0,1.098,0.58,0.66,-0.59,1079.0
93.6,60.0,1.099,0.62,-0.85,0.16,1079.5
94.2,60.0,1.098,0.6,0.12,-0.44,1080.0
94.8,60.0,1.102,0.6,-0.63,0.76,1080.5
95.4,60.0,1.101,0.61,-0.78,-0.69,1081.0
96.0,60.0,1.103,0.58,0.4,-0.36,1081.5
96.6,60.0,1.103,0.61,-0.45,0.76,1082.0
97.2,60.0,1.099,0.61,-0.37,0.37,1082.5
97.8,60.0,1.097,0.59,-0.04,-0.05,1083.0
98.4,60.0,1.099,0.61,0.94,0.6,1083.5
99.0,60.0,1.099,0.59,0.63,0.72,1084.0
99.6,60.0,1.101,0.59,0.35,-0.75,1084.5
100,65.0,1.103,0.59,-0.85,0.32,1085.0
99.4,65.0,1.102,0.6,-0.73,0.32,1085.5
98.8,65.0,1.097,0.59,0.84,-0.72,1086.0
98.2,65.0,1.105,0.61,0.94,0.45,1086.5
97.6,65.0,1.096,0.59,1.04,-0.23,1087.0
97.0,65.0,1.105,0.61,-0.84,0.23,1087.5
96.4,65.0,1.103,0.59,0.49,0.49,1088.0
95.8,65.0,1.098,0.58,-0.09,-0.68,1088.5
95.2,65.0,1.102,0.59,0.49,-0.58,1089.0
94.6,65.0,1.105,0.61,-1.14,0.3,1089.5
94.0,65.0,1.098,0.6,0.71,-0.21,1090.0
93.4,65.0,1.095,0.6,0.56,-0.54,1090.5
92.8,65.0,1.097,0.6,0.65,-0.75,1091.0
92.2,65.0,1.104,0.59,0.33,-0.1,1091.5
91.6,65.0,1.096,0.6,0.58,0.47,1092.0
91.0,65.0,1.096,0.58,-0.02,-0.01,1092.5
90.4,65.0,1.103,0.61,0.63,-0.25,1093.0
89.8,65.0,1.099,0.61,-0.81,-0.64,1093.5
89.2,65.0,1.101,0.6,0.2,0.15,1094.0
88.6,65.0,1.104,0.58,-0.32,0.21,1094.5
88.0,65.0,1.097,0.62,-0.76,0.56,1095.0
87.4,65.0,1.103,0.6,0.85,-0.28,1095.5
86.8,65.0,1.096,0.61,-1.17,-0.22,1096.0
86.2,65.0,1.1,0.61,0.51,0.24,1096.5
85.6,65.0,1.101,0.59,-0.99,-0.65,1097.0
85.0,65.0,1.096,0.62,0.36,-0.55,1097.5
84.4,65.0,1.104,0.61,0.89,-0.42,1098.0
83.8,65.0,1.099,0.62,1.08,0.4,1098.5
83.2,65.0,1.096,0.6,-1.03,-0.29,1099.0
82.6,65.0,1.099,0.61,-0.87,0.21,1099.5
82.0,65.0,1.096,0.59,0.71,0.49,1100.0
81.4,65.0,1.098,0.62,0.11,-0.76,1100.5
80.8,65.0,1.098,0.6,0.75,-0.15,1101.0
80.2,65.0,1.103,0.61,0.74,-0.68,1101.5
79.6,65.0,1.104,0.6,0.84,0.67,1102.0
79.0,65.0,1.101,0.59,-0.54,-0.35,1102.5
78.4,65.0,1.098,0.61,1.0,-0.22,1103.0
77.8,65.0,1.098,0.6,0.6,0.66,1103.5
77.2,65.0,1.096,0.59,-0.36,-0.06,1104.0
76.6,65.0,1.097,0.59,1.18,-0.46,1104.5
76.0,65.0,1.099,0.6,0.3,0.58,1105.0
75.4,65.0,1.096,0.58,-0.52,-0.39,1105.5
74.8,65.0,1.102,0.61,-0.26,-0.72,1106.0
74.2,65.0,1.099,0.61,-0.87,0.36,1106.5
73.6,65.0,1.105,0.61,0.13,0.38,1107.0
73.0,65.0,1.096,0.6,-0.32,0.7,1107.5
72.4,65.0,1.097,0.6,-0.58,0.25,1108.0
71.8,65.0,1.096,0.61,0.18,-0.63,1108.5
71.2,65.0,1.105,0.6,-0.62,-0.77,1109.0
70.6,65.0,1.1,0.59,0.9,0.73,1109.5
70.0,65.0,1.103,0.61,-0.16,0.63,1110.0
69.4,65.0,1.103,0.59,1.01,-0.05,1110.5
68.8,65.0,1.099,0.61,0.09,-0.63,1111.0
68.2,65.0,1.104,0.6,0.03,-0.51,1111.5
67.6,65.0,1.102,0.61,-0.37,-0.04,1112.0
67.0,65.0,1.101,0.61,0.16,-0.68,1112.5
66.4,65.0,1.101,0.6,-0.14,0.56,1113.0
65.8,65.0,1.101,0.59,0.34,-0.06,1113.5
65.2,65.0,1.097,0.62,-0.84,0.5,1114.0
64.6,65.0,1.096,0.58,-1.15,0.33,1114.5
64.0,65.0,1.096,0.59,0.09,0.65,1115.0
63.4,65.0,1.099,0.59,-0.93,-0.37,1115.5
62.8,65.0,1.1,0.62,-1.18,-0.77,1116.0
62.2,65.0,1.101,0.59,0.24,0.39,1116.5
61.6,65.0,1.099,0.6,0.06,0.05,1117.0
61.0,65.0,1.098,0.6,-0.85,0.71,1117.5
60.4,65.0,1.103,0.59,-0.73,0.02,1118.0
59.8,65.0,1.102,0.6,-0.51,0.06,1118.5
59.2,65.0,1.096,0.61,1.18,0.32,1119.0
58.6,65.0,1.102,0.6,1.06,0.25,1119.5
58.0,65.0,1.098,0.61,1.03,-0.74,1120.0
57.4,65.0,1.102,0.62,0.02,0.31,1120.5
56.8,65.0,1.097,0.61,0.1,-0.6,1121.0
56.2,65.0,1.096,0.61,-0.38,0.78,1121.5
55.6,65.0,1.1,0.59,0.62,0.45,1122.0
55.0,65.0,1.103,0.58,0.88,-0.12,1122.5
54.4,65.0,1.103,0.61,0.82,-0.18,1123.0
53.8,65.0,1.104,0.59,-0.49,0.61,1123.5
53.2,65.0,1.103,0.58,-1.03,0.79,1124.0
52.6,65.0,1.104,0.6,0.12,0.64,1124.5
52.0,65.0,1.097,0.61,-0.33,0.62,1125.0
51.4,65.0,1.099,0.62,-0.9,0.33,1125.5
50.8,65.0,1.102,0.59,0.03,0.46,1126.0
50.2,65.0,1.104,0.61,-1.13,-0.76,1126.5
49.6,65.0,1.101,0.61,0.35,-0.77,1127.0
49.0,65.0,1.099,0.61,0.9,-0.65,1127.5
48.4,65.0,1.095,0.62,-0.26,-0.29,1128.0
47.8,65.0,1.105,0.6,0.62,-0.33,1128.5
47.2,65.0,1.096,0.58,-0.35,0.47,1129.0
46.6,65.0,1.101,0.58,0.07,-0.63,1129.5
46.0,65.0,1.1,0.59,0.63,-0.58,1130.0
45.4,65.0,1.101,0.58,-0.14,0.06,1130.5
44.8,65.0,1.099,0.61,-0.92,-0.73,1131.0
44.2,65.0,1.103,0.61,-1.09,0.69,1131.5
43.6,65.0,1.105,0.61,0.12,0.52,1132.0
43.0,65.0,1.098,0.6,-0.97,-0.29,1132.5
42.4,65.0,1.101,0.61,0.88,-0.18,1133.0
41.8,65.0,1.097,0.58,-0.5,0.27,1133.5
41.2,65.0,1.103,0.62,-0.5,-0.36,1134.0
40.6,65.0,1.104,0.58,0.81,0.15,1134.5
40.0,65.0,1.096,0.58,-0.96,-0.54,1135.0
39.4,65.0,1.098,0.61,1.06,0.59,1135.5
38.8,65.0,1.104,0.59,1.1,-0.71,1136.0
38.2,65.0,1.101,0.62,-0.41,0.57,1136.5
37.6,65.0,1.101,0.62,-0.38,0.23,1137.0
37.0,65.0,1.103,0.58,-0.24,0.75,1137.5
36.4,65.0,1.101,0.58,0.28,-0.45,1138.0
35.8,65.0,1.096,0.61,0.86,0.77,1138.5
35.2,65.0,1.101,0.59,-0.86,-0.13,1139.0
34.6,65.0,1.098,0.61,0.41,0.09,1139.5
34.0,65.0,1.102,0.58,0.32,0.29,1140.0
33.4,65.0,1.1,0.61,-0.35,-0.57,1140.5
32.8,65.0,1.101,0.59,0.99,-0.43,1141.0
32.2,65.0,1.1,0.6,-0.62,0.07,1141.5
31.6,65.0,1.104,0.58,0.57,-0.38,1142.0
31.0,65.0,1.1,0.59,0.73,0.08,1142.5
30.4,65.0,1.101,0.6,0.57,-0.47,1143.0
29.8,65.0,1.095,0.59,0.24,-0.23,1143.5
29.2,65.0,1.1,0.58,0.99,0.37,1144.0
28.6,65.0,1.104,0.6,-0.39,0.17,1144.5
28.0,65.0,1.099,0.61,-0.4,-0.37,1145.0
27.4,65.0,1.104,0.6,-0.17,-0.5,1145.5
26.8,65.0,1.105,0.6,-1.0,-0.42,1146.0
26.2,65.0,1.097,0.59,-0.48,-0.69,1146.5
25.6,65.0,1.102,0.61,0.69,-0.37,1147.0
25.0,65.0,1.101,0.58,-0.73,-0.18,1147.5
24.4,65.0,1.105,0.61,-0.09,0.32,1148.0
23.8,65.0,1.096,0.6,0.25,-0.75,1148.5
23.2,65.0,1.098,0.59,0.85,-0.23,1149.0
22.6,65.0,1.096,0.59,0.19,-0.29,1149.5
22.0,65.0,1.105,0.59,-0.12,-0.08,1150.0
21.4,65.0,1.098,0.61,0.1,0.19,1150.5
20.8,65.0,1.102,0.6,1.06,-0.13,1151.0
20.2,65.0,1.1,0.59,-1.01,0.57,1151.5
19.6,65.0,1.103,0.6,0.59,-0.09,1152.0
19.0,65.0,1.1,0.61,0.96,-0.12,1152.5
18.4,65.0,1.101,0.61,0.97,0.03,1153.0
17.8,65.0,1.099,0.59,-0.81,0.14,1153.5
17.2,65.0,1.095,0.6,-0.97,-0.07,1154.0
16.6,65.0,1.104,0.62,0.8,-0.73,1154.5
16.0,65.0,1.105,0.6,0.97,-0.24,1155.0
15.4,65.0,1.096,0.6,0.19,-0.8,1155.5
14.8,65.0,1.099,0.61,0.99,-0.41,1156.0
14.2,65.0,1.104,0.58,-0.15,-0.29,1156.5
13.6,65.0,1.103,0.61,0.6,-0.06,1157.0
13.0,65.0,1.101,0.61,-0.46,0.52,1157.5
12.4,65.0,1.096,0.59,-0.26,0.04,1158.0
11.8,65.0,1.098,0.59,0.33,0.33,1158.5
11.2,65.0,1.103,0.58,-0.64,-0.54,1159.0
10.6,65.0,1.098,0.62,0.84,0.52,1159.5
10.0,65.0,1.096,0.58,1.15,-0.58,1160.0
9.4,65.0,1.104,0.6,0.98,0.03,1160.5
8.8,65.0,1.099,0.62,-0.58,-0.54,1161.0
8.2,65.0,1.098,0.59,-0.22,0.25,1161.5
7.6,65.0,1.104,0.62,-0.89,0.08,1162.0
7.0,65.0,1.096,0.59,0.34,0.75,1162.5
6.4,65.0,1.098,0.61,-0.65,0.26,1163.0
5.8,65.0,1.103,0.6,-0.69,-0.33,1163.5
5.2,65.0,1.098,0.6,-0.62,-0.02,1164.0
4.6,65.0,1.098,0.6,0.33,0.0,1164.5
4.0,65.0,1.1,0.62,-0.34,-0.66,1165.0
3.4,65.0,1.1,0.61,-0.72,-0.66,1165.5
2.8,65.0,1.097,0.59,0.13,0.77,1166.0
2.2,65.0,1.098,0.58,1.13,-0.05,1166.5
1.6,65.0,1.104,0.62,0.15,-0.47,1167.0
1.0,65.0,1.095,0.59,0.87,-0.69,1167.5
0.4,65.0,1.099,0.59,-0.28,-0.42,1168.0
0,70.0,1.103,0.61,0.4,0.31,1168.5
0.6,70.0,1.102,0.58,-0.24,0.17,1169.0
1.2,70.0,1.1,0.61,-0.46,-0.47,1169.5
1.8,70.0,1.101,0.59,-0.34,-0.11,1170.0
2.4,70.0,1.097,0.6,0.86,0.37,1170.5
3.0,70.0,1.1,0.59,-1.12,-0.38,1171.0
3.6,70.0,1.1,0.61,0.02,-0.3,1171.5
4.2,70.0,1.102,0.58,-0.76,0.73,1172.0
4.8,70.0,1.099,0.6,-0.09,0.6,1172.5
5.4,70.0,1.1,0.61,1.16,-0.41,1173.0
6.0,70.0,1.104,0.59,0.83,0.02,1173.5
6.6,70.0,1.105,0.62,-1.02,0.04,1174.0
7.2,70.0,1.096,0.59,-1.04,0.23,1174.5
7.8,70.0,1.099,0.59,0.98,-0.52,1175.0
8.4,70.0,1.101,0.6,-0.28,-0.54,1175.5
9.0,70.0,1.098,0.6,0.26,-0.57,1176.0
9.6,70.0,1.104,0.6,0.14,0.58,1176.5
10.2,70.0,1.101,0.6,0.21,-0.78,1177.0
10.8,70.0,1.103,0.59,-0.09,-0.44,1177.5
11.4,70.0,1.097,0.61,-0.01,-0.64,1178.0
12.0,70.0,1.098,0.62,0.12,-0.03,1178.5
12.6,70.0,1.096,0.59,0.86,-0.13,1179.0
13.2,70.0,1.102,0.59,-0.79,-0.62,1179.5
13.8,70.0,1.099,0.61,-1.12,0.09,1180.0
14.4,70.0,1.105,0.61,1.02,0.27,1180.5
15.0,70.0,1.1,0.59,0.49,-0.45,1181.0
15.6,70.0,1.103,0.6,1.1,-0.61,1181.5
16.2,70.0,1.104,0.6,-0.49,0.75,1182.0
16.8,70.0,1.095,0.61,-0.67,-0.57,1182.5
17.4,70.0,1.102,0.58,-0.56,0.17,1183.0
18.0,70.0,1.105,0.62,0.68,0.66,1183.5
18.6,70.0,1.104,0.61,-0.78,-0.09,1184.0
19.2,70.0,1.099,0.59,-0.6,0.35,1184.5
19.8,70.0,1.104,0.58,1.07,0.7,1185.0
20.4,70.0,1.097,0.62,-0.61,0.52,1185.5
21.0,70.0,1.098,0.59,0.07,0.5,1186.0
21.6,70.0,1.102,0.58,0.14,0.36,1186.5
22.2,70.0,1.102,0.59,0.96,0.33,1187.0
22.8,70.0,1.102,0.59,-0.07,0.25,1187.5
23.4,70.0,1.104,0.61,-0.88,0.11,1188.0
24.0,70.0,1.096,0.59,-0.1,-0.47,1188.5
24.6,70.0,1.1,0.59,0.78,0.58,1189.0
25.2,70.0,1.098,0.61,0.66,0.51,1189.5
25.8,70.0,1.096,0.59,-0.25,-0.21,1190.0
26.4,70.0,1.1,0.61,-0.13,0.46,1190.5
27.0,70.0,1.099,0.58,0.24,-0.22,1191.0
27.6,70.0,1.098,0.6,0.33,0.16,1191.5
28.2,70.0,1.1,0.6,-0.65,-0.5,1192.0
28.8,70.0,1.101,0.61,-0.31,0.48,1192.5
29.4,70.0,1.096,0.58,-0.91,-0.15,1193.0
30.0,70.0,1.099,0.61,0.56,0.03,1193.5
30.6,70.0,1.102,0.6,-0.48,-0.49,1194.0
31.2,70.0,1.102,0.58,0.8,-0.54,1194.5
31.8,70.0,1.102,0.58,-0.89,0.39,1195.0
32.4,70.0,1.097,0.62,-1.07,0.63,1195.5
33.0,70.0,1.098,0.61,-0.36,0.14,1196.0
33.6,70.0,1.103,0.61,0.71,-0.03,1196.5
34.2,70.0,1.095,0.61,-0.78,-0.16,1197.0
34.8,70.0,1.097,0.61,-0.88,-0.15,1197.5
35.4,70.0,1.101,0.61,-0.22,-0.39,1198.0
36.0,70.0,1.099,0.61,1.01,0.46,1198.5
36.6,70.0,1.1,0.62,1.11,-0.07,1199.0
37.2,70.0,1.104,0.59,-1.07,-0.04,1199.5
37.8,70.0,1.1,0.6,-0.7,0.3,1200.0
38.4,70.0,1.104,0.61,0.03,0.18,1200.5
39.0,70.0,1.101,0.58,0.29,-0.43,1201.0
39.6,70.0,1.1,0.61,1.0,-0.03,1201.5
40.2,70.0,1.098,0.59,-0.05,-0.68,1202.0
40.8,70.0,1.099,0.58,-0.92,0.04,1202.5
41.4,70.0,1.097,0.61,-0.04,0.33,1203.0
42.0,70.0,1.101,0.61,1.17,-0.73,1203.5
42.6,70.0,1.097,0.62,1.09,0.23,1204.0
43.2,70.0,1.099,0.59,-0.77,-0.48,1204.5
43.8,70.0,1.105,0.6,0.35,0.39,1205.0
44.4,70.0,1.098,0.59,-1.19,-0.61,1205.5
45.0,70.0,1.098,0.58,-0.82,-0.73,1206.0
45.6,70.0,1.099,0.59,0.57,-0.67,1206.5
46.2,70.0,1.098,0.6,-0.75,-0.3,1207.0
46.8,70.0,1.097,0.6,0.06,-0.07,1207.5
47.4,70.0,1.098,0.59,0.94,-0.14,1208.0
48.0,70.0,1.098,0.59,0.9,0.02,1208.5
48.6,70.0,1.1,0.6,-0.15,0.77,1209.0
49.2,70.0,1.099,0.61,0.0,-0.55,1209.5
49.8,70.0,1.1,0.59,-0.58,0.71,1210.0
50.4,70.0,1.098,0.62,0.53,0.27,1210.5
51.0,70.0,1.1,0.61,-0.84,0.72,1211.0
51.6,70.0,1.104,0.61,0.9,-0.6,1211.5
52.2,70.0,1.098,0.62,-0.42,0.09,1212.0
52.8,70.0,1.099,0.6,-0.71,0.1,1212.5
53.4,70.0,1.099,0.61,0.37,-0.5,1213.0
54.0,70.0,1.103,0.61,0.19,0.18,1213.5
54.6,70.0,1.099,0.61,0.59,-0.19,1214.0
55.2,70.0,1.097,0.62,-0.67,0.65,1214.5
55.8,70.0,1.105,0.58,-0.61,-0.56,1215.0
56.4,70.0,1.101,0.59,0.74,0.73,1215.5
57.0,70.0,1.096,0.62,-1.18,-0.47,1216.0
57.6,70.0,1.101,0.61,0.49,-0.37,1216.5
58.2,70.0,1.101,0.59,0.08,0.26,1217.0
58.8,70.0,1.104,0.61,0.58,-0.52,1217.5
59.4,70.0,1.098,0.59,0.75,-0.02,1218.0
60.0,70.0,1.101,0.58,0.81,-0.04,1218.5
60.6,70.0,1.104,0.61,0.17,0.58,1219.0
61.2,70.0,1.098,0.58,-0.06,-0.5,1219.5
61.8,70.0,1.103,0.6,-0.97,-0.67,1220.0
62.4,70.0,1.104,0.61,0.21,-0.27,1220.5
63.0,70.0,1.105,0.6,1.01,-0.57,1221.0
63.6,70.0,1.104,0.59,-0.47,0.68,1221.5
64.2,70.0,1.102,0.62,-0.3,-0.24,1222.0
64.8,70.0,1.097,0.62,0.71,-0.25,1222.5
65.4,70.0,1.102,0.59,-0.22,0.14,1223.0
66.0,70.0,1.105,0.6,-0.05,-0.15,1223.5
66.6,70.0,1.105,0.59,0.69,0.61,1224.0
67.2,70.0,1.103,0.62,1.18,-0.42,1224.5
67.8,70.0,1.097,0.6,0.08,0.34,1225.0
68.4,70.0,1.098,0.61,-0.64,-0.15,1225.5
69.0,70.0,1.098,0.6,0.92,-0.15,1226.0
69.6,70.0,1.099,0.6,-0.68,0.23,1226.5
70.2,70.0,1.1,0.61,-1.07,-0.33,1227.0
70.8,70.0,1.098,0.61,0.27,0.71,1227.5
71.4,70.0,1.098,0.61,-0.57,0.42,1228.0
72.0,70.0,1.099,0.58,0.52,0.73,1228.5
72.6,70.0,1.097,0.6,0.93,0.71,1229.0
73.2,70.0,1.1,0.58,0.78,-0.4,1229.5
73.8,70.0,1.105,0.6,0.03,0.27,1230.0
74.4,70.0,1.105,0.61,0.19,0.19,1230.5
75.0,70.0,1.101,0.59,-0.33,0.12,1231.0
75.6,70.0,1.102,0.6,0.29,-0.14,1231.5
76.2,70.0,1.101,0.58,-1.14,0.65,1232.0
76.8,70.0,1.102,0.59,-0.67,0.11,1232.5
77.4,70.0,1.095,0.58,-0.81,-0.72,1233.0
78.0,70.0,1.104,0.61,0.27,0.34,1233.5
78.6,70.0,1.102,0.6,-0.44,-0.75,1234.0
79.2,70.0,1.105,0.58,-0.73,-0.44,1234.5
79.8,70.0,1.105,0.59,0.73,0.74,1235.0
80.4,70.0,1.103,0.61,-0.55,-0.14,1235.5
81.0,70.0,1.096,0.58,0.67,-0.18,1236.0
81.6,70.0,1.101,0.61,-0.96,0.26,1236.5
82.2,70.0,1.1,0.61,0.91,-0.42,1237.0
82.8,70.0,1.102,0.59,0.68,0.67,1237.5
83.4,70.0,1.103,0.58,0.19,0.41,1238.0
84.0,70.0,1.1,0.58,1.11,-0.53,1238.5
84.6,70.0,1.101,0.59,0.75,-0.35,1239.0
85.2,70.0,1.098,0.62,-1.11,0.57,1239.5
85.8,70.0,1.099,0.61,-1.03,0.22,1240.0
86.4,70.0,1.098,0.61,-0.31,0.18,1240.5
87.0,70.0,1.098,0.6,-0.79,-0.22,1241.0
87.6,70.0,1.098,0.61,-1.13,-0.13,1241.5
88.2,70.0,1.099,0.61,-1.19,-0.39,1242.0
88.8,70.0,1.096,0.58,0.95,-0.55,1242.5
89.4,70.0,1.096,0.62,-0.28,0.0,1243.0
90.0,70.0,1.096,0.6,-0.65,0.19,1243.5
90.6,70.0,1.099,0.62,0.6,0.78,1244.0
91.2,70.0,1.105,0.58,0.9,0.16,1244.5
91.8,70.0,1.1,0.61,-0.03,-0.08,1245.0
92.4,70.0,1.098,0.61,0.43,-0.16,1245.5
93.0,70.0,1.098,0.6,-0.95,-0.46,1246.0
93.6,70.0,1.1,0.61,-1.17,0.76,1246.5
94.2,70.0,1.096,0.61,0.82,0.18,1247.0
94.8,70.0,1.098,0.61,0.16,0.6,1247.5
95.4,70.0,1.101,0.58,1.01,0.78,1248.0
96.0,70.0,1.101,0.61,0.83,0.05,1248.5
96.6,70.0,1.098,0.6,-0.83,0.44,1249.0
97.2,70.0,1.103,0.58,0.4,0.06,1249.5
97.8,70.0,1.099,0.6,-0.76,-0.04,1250.0
98.4,70.0,1.1,0.59,1.07,-0.16,1250.5
99.0,70.0,1.105,0.58,0.96,0.78,1251.0
99.6,70.0,1.097,0.61,0.76,0.52,1251.5
100,75.0,1.105,0.62,-1.15,0.62,1252.0
99.4,75.0,1.096,0.6,-0.17,0.68,1252.5
98.8,75.0,1.096,0.62,-0.09,-0.6,1253.0
98.2,75.0,1.104,0.59,-1.17,0.55,1253.5
97.6,75.0,1.101,0.6,-0.71,0.44,1254.0
97.0,75.0,1.098,0.62,-0.19,-0.28,1254.5
96.4,75.0,1.096,0.59,-1.11,0.0,1255.0
95.8,75.0,1.096,0.6,0.82,0.2,1255.5
95.2,75.0,1.103,0.62,0.61,0.41,1256.0
94.6,75.0,1.098,0.61,-1.07,-0.78,1256.5
94.0,75.0,1.099,0.59,-0.05,-0.25,1257.0
93.4,75.0,1.101,0.59,0.19,-0.39,1257.5
92.8,75.0,1.098,0.6,-0.21,0.25,1258.0
92.2,75.0,1.103,0.61,0.42,-0.06,1258.5
91.6,75.0,1.097,0.59,0.92,0.79,1259.0
91.0,75.0,1.101,0.61,-0.69,-0.45,1259.5
90.4,75.0,1.1,0.61,-1.15,0.59,1260.0
89.8,75.0,1.099,0.59,0.96,0.63,1260.5
89.2,75.0,1.104,0.62,-0.57,-0.18,1261.0
88.6,75.0,1.1,0.62,0.97,0.7,1261.5
88.0,75.0,1.097,0.6,-0.1,0.22,1262.0
87.4,75.0,1.1,0.6,-0.79,0.29,1262.5
86.8,75.0,1.102,0.61,0.2,-0.76,1263.0
86.2,75.0,1.1,0.58,-0.33,0.09,1263.5
85.6,75.0,1.099,0.59,0.08,-0.69,1264.0
85.0,75.0,1.099,0.61,-1.02,0.23,1264.5
84.4,75.0,1.096,0.58,0.51,-0.05,1265.0
83.8,75.0,1.095,0.58,-0.76,0.29,1265.5
83.2,75.0,1.098,0.6,0.17,-0.29,1266.0
82.6,75.0,1.102,0.58,-0.5,-0.03,1266.5
82.0,75.0,1.101,0.58,-1.03,0.32,1267.0
81.4,75.0,1.098,0.61,-0.23,0.29,1267.5
80.8,75.0,1.102,0.58,-1.14,0.47,1268.0
80.2,75.0,1.102,0.58,-0.76,0.48,1268.5
79.6,75.0,1.103,0.58,0.63,-0.19,1269.0
79.0,75.0,1.099,0.6,-0.66,-0.36,1269.5
78.4,75.0,1.099,0.62,0.01,0.69,1270.0
77.8,75.0,1.096,0.62,-0.08,-0.39,1270.5
77.2,75.0,1.105,0.59,0.33,0.58,1271.0
76.6,75.0,1.098,0.59,-0.35,0.72,1271.5
76.0,75.0,1.102,0.61,0.41,-0.4,1272.0
75.4,75.0,1.103,0.59,-0.13,0.37,1272.5
74.8,75.0,1.098,0.6,-1.2,-0.47,1273.0
74.2,75.0,1.102,0.61,-0.93,-0.19,1273.5
73.6,75.0,1.099,0.62,1.16,-0.35,1274.0
73.0,75.0,1.105,0.61,-0.76,0.72,1274.5
72.4,75.0,1.095,0.62,-0.81,-0.7,1275.0
71.8,75.0,1.096,0.61,0.52,-0.7,1275.5
71.2,75.0,1.101,0.58,1.04,0.29,1276.0
70.6,75.0,1.101,0.59,0.8,0.7,1276.5
70.0,75.0,1.096,0.59,-0.91,0.46,1277.0
69.4,75.0,1.1,0.58,0.89,-0.27,1277.5
68.8,75.0,1.097,0.58,0.47,0.51,1278.0
68.2,75.0,1.105,0.59,-0.21,0.04,1278.5
67.6,75.0,1.101,0.6,0.73,0.45,1279.0
67.0,75.0,1.096,0.58,0.95,-0.3,1279.5
66.4,75.0,1.096,0.6,-0.82,0.36,1280.0
65.8,75.0,1.098,0.6,0.04,-0.58,1280.5
65.2,75.0,1.102,0.62,0.15,0.63,1281.0
64.6,75.0,1.098,0.6,-0.81,-0.08,1281.5
64.0,75.0,1.101,0.59,0.5,0.48,1282.0
63.4,75.0,1.102,0.59,0.02,-0.6,1282.5
62.8,75.0,1.098,0.59,0.63,0.72,1283.0
62.2,75.0,1.098,0.59,-0.62,0.21,1283.5
61.6,75.0,1.096,0.59,0.79,0.64,1284.0
61.0,75.0,1.1,0.61,-0.43,-0.68,1284.5
60.4,75.0,1.096,0.58,-0.92,-0.55,1285.0
59.8,75.0,1.103,0.61,-0.48,-0.43,1285.5
59.2,75.0,1.102,0.59,-0.43,-0.12,1286.0
58.6,75.0,1.102,0.6,0.59,0.28,1286.5
58.0,75.0,1.098,0.59,-1.17,0.13,1287.0
57.4,75.0,1.096,0.58,0.65,-0.28,1287.5
56.8,75.0,1.095,0.61,-0.1,0.53,1288.0
56.2,75.0,1.102,0.61,-0.96,-0.57,1288.5
55.6,75.0,1.098,0.59,1.2,0.76,1289.0
55.0,75.0,1.098,0.59,1.17,0.66,1289.5
54.4,75.0,1.098,0.59,0.02,0.36,1290.0
53.8,75.0,1.097,0.61,-0.44,-0.59,1290.5
53.2,75.0,1.104,0.62,-0.91,0.74,1291.0
52.6,75.0,1.104,0.59,-0.66,-0.19,1291.5
52.0,75.0,1.099,0.61,0.86,0.71,1292.0
51.4,75.0,1.099,0.6,0.29,0.1,1292.5
50.8,75.0,1.105,0.62,0.39,0.61,1293.0
50.2,75.0,1.104,0.61,0.25,-0.43,1293.5
49.6,75.0,1.101,0.62,-0.52,-0.24,1294.0
49.0,75.0,1.098,0.59,-1.13,0.54,1294.5
48.4,75.0,1.105,0.62,-1.19,-0.24,1295.0
47.8,75.0,1.095,0.58,-0.76,0.47,1295.5
47.2,75.0,1.098,0.59,0.92,0.79,1296.0
46.6,75.0,1.104,0.58,1.17,0.15,1296.5
46.0,75.0,1.102,0.61,-0.65,0.42,1297.0
45.4,75.0,1.098,0.61,-1.08,-0.19,1297.5
44.8,75.0,1.099,0.6,-0.93,-0.11,1298.0
44.2,75.0,1.099,0.6,0.99,-0.54,1298.5
43.6,75.0,1.099,0.62,-0.9,0.25,1299.0
43.0,75.0,1.098,0.6,-0.15,0.52,1299.5
42.4,75.0,1.101,0.59,-0.74,0.27,1300.0
41.8,75.0,1.096,0.58,0.64,0.17,1300.5
41.2,75.0,1.104,0.6,0.33,0.59,1301.0
40.6,75.0,1.104,0.59,-0.66,0.47,1301.5
40.0,75.0,1.1,0.59,0.38,0.62,1302.0
39.4,75.0,1.098,0.6,0.07,-0.15,1302.5
38.8,75.0,1.098,0.59,-0.19,0.08,1303.0
38.2,75.0,1.1,0.6,-0.06,-0.42,1303.5
37.6,75.0,1.101,0.59,0.42,-0.37,1304.0
37.0,75.0,1.098,0.61,-0.66,0.01,1304.5
36.4,75.0,1.099,0.62,-0.22,0.75,1305.0
35.8,75.0,1.102,0.6,-0.44,-0.31,1305.5
35.2,75.0,1.1,0.61,0.93,0.03,1306.0
34.6,75.0,1.103,0.59,0.54,-0.38,1306.5
34.0,75.0,1.103,0.61,-1.02,-0.09,1307.0
33.4,75.0,1.101,0.59,0.89,0.13,1307.5
32.8,75.0,1.102,0.61,-0.57,0.43,1308.0
32.2,75.0,1.099,0.6,0.78,0.36,1308.5
31.6,75.0,1.103,0.6,-0.7,-0.69,1309.0
31.0,75.0,1.098,0.6,-0.23,-0.02,1309.5
30.4,75.0,1.101,0.59,-0.17,-0.52,1310.0
29.8,75.0,1.103,0.62,0.78,0.64,1310.5
29.2,75.0,1.096,0.59,0.81,0.32,1311.0
28.6,75.0,1.104,0.61,0.57,0.35,1311.5
28.0,75.0,1.097,0.61,-0.97,0.15,1312.0
27.4,75.0,1.1,0.61,0.42,0.56,1312.5
26.8,75.0,1.105,0.59,0.63,-0.21,1313.0
26.2,75.0,1.1,0.59,-0.2,-0.7,1313.5
25.6,75.0,1.1,0.6,-0.78,0.42,1314.0
25.0,75.0,1.096,0.59,0.63,-0.54,1314.5
24.4,75.0,1.102,0.62,0.07,-0.01,1315.0
23.8,75.0,1.104,0.62,-0.53,-0.1,1315.5
23.2,75.0,1.098,0.6,0.59,-0.08,1316.0
22.6,75.0,1.102,0.6,-0.18,-0.1,1316.5
22.0,75.0,1.1,0.62,0.64,-0.56,1317.0
21.4,75.0,1.098,0.59,1.16,-0.36,1317.5
20.8,75.0,1.097,0.61,0.36,0.65,1318.0
20.2,75.0,1.101,0.6,1.01,0.08,1318.5
19.6,75.0,1.103,0.62,0.23,-0.14,1319.0
19.0,75.0,1.104,0.61,0.63,-0.08,1319.5
18.4,75.0,1.097,0.59,-0.83,0.65,1320.0
17.8,75.0,1.102,0.61,-0.22,-0.48,1320.5
17.2,75.0,1.1,0.61,0.34,-0.54,1321.0
16.6,75.0,1.101,0.62,0.11,-0.56,1321.5
16.0,75.0,1.103,0.62,-0.75,-0.1,1322.0
15.4,75.0,1.104,0.59,-0.3,0.41,1322.5
14.8,75.0,1.102,0.62,-0.35,-0.7,1323.0
14.2,75.0,1.1,0.6,0.11,-0.14,1323.5
13.6,75.0,1.098,0.61,-1.16,0.76,1324.0
13.0,75.0,1.098,0.61,0.1,0.12,1324.5
12.4,75.0,1.096,0.61,0.68,0.63,1325.0
11.8,75.0,1.1,0.6,-0.81,-0.38,1325.5
11.2,75.0,1.095,0.59,1.03,0.68,1326.0
10.6,75.0,1.102,0.61,-1.15,0.53,1326.5
10.0,75.0,1.104,0.62,0.71,0.66,1327.0
9.4,75.0,1.101,0.59,0.04,-0.27,1327.5
8.8,75.0,1.102,0.62,-0.37,0.42,1328.0
8.2,75.0,1.097,0.59,-0.59,-0.51,1328.5
7.6,75.0,1.097,0.61,-1.16,0.13,1329.0
7.0,75.0,1.101,0.62,0.26,0.29,1329.5
6.4,75.0,1.1,0.62,-0.11,-0.28,1330.0
5.8,75.0,1.099,0.58,-0.49,0.05,1330.5
5.2,75.0,1.096,0.59,-0.6,0.24,1331.0
4.6,75.0,1.104,0.59,-0.29,-0.78,1331.5
4.0,75.0,1.102,0.6,0.91,0.02,1332.0
3.4,75.0,1.099,0.6,-0.51,0.7,1332.5
2.8,75.0,1.095,0.61,-0.88,0.74,1333.0
2.2,75.0,1.1,0.6,-0.06,0.15,1333.5
1.6,75.0,1.103,0.61,0.65,-0.11,1334.0
1.0,75.0,1.104,0.6,0.09,0.38,1334.5
0.4,75.0,1.105,0.6,-0.09,-0.14,1335.0
0,80.0,1.101,0.61,-0.12,-0.64,1335.5
0.6,80.0,1.102,0.61,0.71,0.21,1336.0
1.2,80.0,1.101,0.58,-0.56,0.58,1336.5
1.8,80.0,1.096,0.61,-0.4,0.27,1337.0
2.4,80.0,1.102,0.59,-0.9,-0.63,1337.5
3.0,80.0,1.1,0.59,-0.01,-0.27,1338.0
3.6,80.0,1.103,0.58,0.43,-0.07,1338.5
4.2,80.0,1.104,0.59,-1.11,0.38,1339.0
4.8,80.0,1.096,0.6,-1.04,0.6,1339.5
5.4,80.0,1.102,0.59,1.01,0.03,1340.0
6.0,80.0,1.102,0.58,-0.35,0.29,1340.5
6.6,80.0,1.098,0.59,0.17,0.2,1341.0
7.2,80.0,1.103,0.61,0.87,-0.47,1341.5
7.8,80.0,1.099,0.61,-0.12,-0.54,1342.0
8.4,80.0,1.1,0.61,-0.79,0.06,1342.5
9.0,80.0,1.1,0.61,-0.12,-0.6,1343.0
9.6,80.0,1.097,0.6,-0.01,0.03,1343.5
10.2,80.0,1.101,0.62,0.37,0.27,1344.0
10.8,80.0,1.104,0.59,0.5,-0.0,1344.5
11.4,80.0,1.1,0.61,0.59,-0.6,1345.0
12.0,80.0,1.101,0.6,0.66,-0.57,1345.5
12.6,80.0,1.105,0.59,0.63,0.44,1346.0
13.2,80.0,1.103,0.6,0.29,0.53,1346.5
13.8,80.0,1.098,0.6,-1.06,0.69,1347.0
14.4,80.0,1.102,0.61,-0.49,0.35,1347.5
15.0,80.0,1.097,0.59,-0.28,0.08,1348.0
15.6,80.0,1.105,0.6,-1.07,0.59,1348.5
16.2,80.0,1.098,0.61,-0.14,-0.43,1349.0
16.8,80.0,1.104,0.6,-0.62,0.43,1349.5
17.4,80.0,1.096,0.61,-0.35,-0.24,1350.0
18.0,80.0,1.1,0.6,0.57,-0.4,1350.5
18.6,80.0,1.105,0.58,0.07,-0.29,1351.0
19.2,80.0,1.097,0.61,-0.26,0.17,1351.5
19.8,80.0,1.1,0.6,-0.91,0.11,1352.0
20.4,80.0,1.1,0.58,-0.69,-0.49,1352.5
21.0,80.0,1.099,0.62,0.67,-0.21,1353.0
21.6,80.0,1.102,0.6,-0.28,-0.77,1353.5
22.2,80.0,1.095,0.61,1.06,-0.7,1354.0
22.8,80.0,1.1,0.62,0.42,0.46,1354.5
23.4,80.0,1.099,0.6,0.1,0.38,1355.0
24.0,80.0,1.097,0.6,0.72,0.02,1355.5
24.6,80.0,1.096,0.61,0.36,0.33,1356.0
25.2,80.0,1.102,0.62,-1.0,0.25,1356.5
25.8,80.0,1.097,0.59,1.18,0.65,1357.0
26.4,80.0,1.099,0.62,0.36,-0.59,1357.5
27.0,80.0,1.102,0.62,-0.15,-0.07,1358.0
27.6,80.0,1.102,0.6,-1.11,0.24,1358.5
28.2,80.0,1.097,0.59,-0.31,-0.08,1359.0
28.8,80.0,1.099,0.6,1.14,-0.67,1359.5
29.4,80.0,1.096,0.61,1.16,0.32,1360.0
30.0,80.0,1.099,0.6,0.03,0.53,1360.5
30.6,80.0,1.096,0.6,-0.23,0.04,1361.0
31.2,80.0,1.1,0.61,-0.94,-0.27,1361.5
31.8,80.0,1.096,0.6,0.74,0.39,1362.0
32.4,80.0,1.103,0.61,-0.15,-0.03,1362.5
33.0,80.0,1.105,0.59,0.31,-0.19,1363.0
33.6,80.0,1.097,0.61,0.59,0.41,1363.5
34.2,80.0,1.096,0.59,-0.92,-0.29,1364.0
34.8,80.0,1.105,0.61,-0.68,-0.28,1364.5
35.4,80.0,1.103,0.61,0.61,0.67,1365.0
36.0,80.0,1.1,0.6,-0.59,0.29,1365.5
36.6,80.0,1.096,0.61,0.96,-0.25,1366.0
37.2,80.0,1.101,0.59,-0.27,0.19,1366.5
37.8,80.0,1.103,0.59,-0.19,0.37,1367.0
38.4,80.0,1.097,0.6,-1.09,0.41,1367.5
39.0,80.0,1.103,0.59,1.09,-0.63,1368.0
39.6,80.0,1.102,0.61,0.69,-0.1,1368.5
40.2,80.0,1.105,0.59,-0.89,0.78,1369.0
40.8,80.0,1.102,0.62,-0.29,-0.63,1369.5
41.4,80.0,1.101,0.6,0.86,0.12,1370.0
42.0,80.0,1.103,0.6,-0.6,0.64,1370.5
42.6,80.0,1.102,0.6,0.81,-0.74,1371.0
43.2,80.0,1.104,0.6,0.83,0.25,1371.5
43.8,80.0,1.096,0.61,0.68,0.19,1372.0
44.4,80.0,1.097,0.6,-0.15,0.59,1372.5
45.0,80.0,1.104,0.6,0.73,-0.4,1373.0
45.6,80.0,1.101,0.62,0.39,-0.31,1373.5
46.2,80.0,1.096,0.59,0.8,0.52,1374.0
46.8,80.0,1.098,0.6,1.19,0.73,1374.5
47.4,80.0,1.099,0.62,0.82,0.51,1375.0
48.0,80.0,1.1,0.6,-0.87,0.51,1375.5
48.6,80.0,1.098,0.6,-0.84,-0.77,1376.0
49.2,80.0,1.096,0.59,1.02,-0.71,1376.5
49.8,80.0,1.099,0.59,-0.06,0.33,1377.0
50.4,80.0,1.099,0.61,0.78,0.42,1377.5
51.0,80.0,1.102,0.58,-0.3,-0.35,1378.0
51.6,80.0,1.097,0.62,0.4,-0.56,1378.5
52.2,80.0,1.097,0.6,-0.97,-0.57,1379.0
52.8,80.0,1.1,0.6,0.17,-0.48,1379.5
53.4,80.0,1.104,0.6,0.51,-0.66,1380.0
54.0,80.0,1.101,0.61,-0.85,0.7,1380.5
54.6,80.0,1.103,0.61,-0.78,0.33,1381.0
55.2,80.0,1.101,0.6,-0.04,-0.53,1381.5
55.8,80.0,1.102,0.6,-0.77,-0.19,1382.0
56.4,80.0,1.1,0.59,-0.71,-0.54,1382.5
57.0,80.0,1.103,0.58,-0.3,0.26,1383.0
57.6,80.0,1.095,0.6,1.04,0.02,1383.5
58.2,80.0,1.101,0.59,-1.08,-0.56,1384.0
58.8,80.0,1.105,0.6,0.36,0.04,1384.5
59.4,80.0,1.095,0.61,-0.2,-0.35,1385.0
60.0,80.0,1.104,0.61,1.09,0.17,1385.5
60.6,80.0,1.098,0.6,0.19,0.1,1386.0
61.2,80.0,1.097,0.61,-0.47,0.12,1386.5
61.8,80.0,1.099,0.6,1.02,0.51,1387.0
62.4,80.0,1.097,0.59,0.91,0.37,1387.5
63.0,80.0,1.104,0.61,0.77,0.25,1388.0
63.6,80.0,1.102,0.6,0.33,-0.75,1388.5
64.2,80.0,1.098,0.6,0.15,0.48,1389.0
64.8,80.0,1.103,0.59,-0.01,-0.58,1389.5
65.4,80.0,1.1,0.58,1.06,0.48,1390.0
66.0,80.0,1.1,0.58,-0.84,-0.04,1390.5
66.6,80.0,1.102,0.6,-0.0,0.05,1391.0
67.2,80.0,1.1,0.61,0.63,0.3,1391.5
67.8,80.0,1.103,0.59,0.28,0.17,1392.0
68.4,80.0,1.105,0.6,0.42,-0.55,1392.5
69.0,80.0,1.1,0.61,-1.1,0.58,1393.0
69.6,80.0,1.096,0.61,-1.19,0.18,1393.5
70.2,80.0,1.098,0.61,0.58,0.46,1394.0
70.8,80.0,1.102,0.61,-0.68,-0.41,1394.5
71.4,80.0,1.098,0.59,-0.64,0.09,1395.0
72.0,80.0,1.096,0.59,0.86,-0.38,1395.5
72.6,80.0,1.1,0.6,0.44,0.23,1396.0
73.2,80.0,1.104,0.59,0.7,-0.07,1396.5
73.8,80.0,1.096,0.59,0.16,0.26,1397.0
74.4,80.0,1.104,0.58,-0.87,0.36,1397.5
75.0,80.0,1.096,0.61,-1.03,0.66,1398.0
75.6,80.0,1.103,0.58,0.87,-0.56,1398.5
76.2,80.0,1.097,0.59,0.17,-0.24,1399.0
76.8,80.0,1.103,0.6,-0.24,0.35,1399.5
77.4,80.0,1.102,0.61,-0.63,-0.12,1400.0
78.0,80.0,1.098,0.62,-0.05,-0.75,1400.5
78.6,80.0,1.103,0.6,0.67,-0.63,1401.0
79.2,80.0,1.096,0.61,0.87,-0.25,1401.5
79.8,80.0,1.101,0.59,0.81,0.25,1402.0
80.4,80.0,1.101,0.6,0.99,0.68,1402.5
81.0,80.0,1.097,0.61,-1.19,0.32,1403.0
81.6,80.0,1.102,0.61,0.57,0.41,1403.5
82.2,80.0,1.103,0.61,-1.02,0.35,1404.0
82.8,80.0,1.1,0.6,-0.26,0.51,1404.5
83.4,80.0,1.102,0.59,-1.13,0.6,1405.0
84.0,80.0,1.104,0.61,0.97,-0.04,1405.5
84.6,80.0,1.097,0.62,0.87,-0.49,1406.0
85.2,80.0,1.099,0.6,-0.91,0.19,1406.5
85.8,80.0,1.098,0.59,-0.95,-0.61,1407.0
86.4,80.0,1.103,0.61,0.05,-0.11,1407.5
87.0,80.0,1.102,0.61,0.84,-0.41,1408.0
87.6,80.0,1.096,0.61,0.59,-0.1,1408.5
88.2,80.0,1.104,0.59,-0.92,-0.77,1409.0
88.8,80.0,1.097,0.62,-0.97,0.66,1409.5
89.4,80.0,1.096,0.62,0.32,0.49,1410.0
90.0,80.0,1.098,0.59,0.18,-0.33,1410.5
90.6,80.0,1.101,0.6,-0.65,0.1,1411.0
91.2,80.0,1.096,0.6,-0.62,0.35,1411.5
91.8,80.0,1.099,0.58,0.59,-0.64,1412.0
92.4,80.0,1.098,0.61,-0.13,-0.72,1412.5
93.0,80.0,1.103,0.59,-1.15,-0.78,1413.0
93.6,80.0,1.097,0.61,-0.6,0.02,1413.5
94.2,80.0,1.102,0.61,0.81,0.12,1414.0
94.8,80.0,1.1,0.58,1.12,-0.25,1414.5
95.4,80.0,1.102,0.6,0.65,0.56,1415.0
96.0,80.0,1.095,0.62,-0.77,0.41,1415.5
96.6,80.0,1.105,0.6,0.4,0.71,1416.0
97.2,80.0,1.096,0.59,1.18,-0.7,1416.5
97.8,80.0,1.097,0.59,0.53,-0.07,1417.0
98.4,80.0,1.099,0.62,0.42,0.42,1417.5
99.0,80.0,1.103,0.6,0.56,0.52,1418.0
99.6,80.0,1.105,0.59,-0.59,0.72,1418.5
100,85.0,1.104,0.6,1.12,-0.64,1419.0
99.4,85.0,1.096,0.58,-1.05,-0.04,1419.5
98.8,85.0,1.105,0.58,-1.08,0.59,1420.0
98.2,85.0,1.097,0.6,0.42,-0.72,1420.5
97.6,85.0,1.103,0.59,-1.11,-0.52,1421.0
97.0,85.0,1.102,0.6,-0.83,0.35,1421.5
96.4,85.0,1.102,0.61,-0.9,0.34,1422.0
95.8,85.0,1.097,0.58,-0.68,-0.25,1422.5
95.2,85.0,1.097,0.61,-0.33,-0.27,1423.0
94.6,85.0,1.104,0.62,0.31,0.37,1423.5
94.0,85.0,1.099,0.61,0.96,0.01,1424.0
93.4,85.0,1.095,0.59,-0.32,-0.04,1424.5
92.8,85.0,1.102,0.61,0.59,-0.01,1425.0
92.2,85.0,1.103,0.58,0.95,-0.43,1425.5
91.6,85.0,1.1,0.61,-0.9,0.72,1426.0
91.0,85.0,1.097,0.6,-1.2,0.31,1426.5
90.4,85.0,1.103,0.59,0.01,0.36,1427.0
89.8,85.0,1.102,0.59,0.6,-0.78,1427.5
89.2,85.0,1.105,0.58,-1.06,-0.68,1428.0
88.6,85.0,1.104,0.61,0.81,-0.61,1428.5
88.0,85.0,1.1,0.61,0.45,0.48,1429.0
87.4,85.0,1.096,0.59,0.16,-0.64,1429.5
86.8,85.0,1.098,0.6,-1.01,0.68,1430.0
86.2,85.0,1.095,0.62,-0.41,0.37,1430.5
85.6,85.0,1.099,0.61,0.81,0.44,1431.0
85.0,85.0,1.102,0.62,-0.28,-0.0,1431.5
84.4,85.0,1.096,0.59,-0.79,-0.07,1432.0
83.8,85.0,1.103,0.59,0.78,-0.63,1432.5
83.2,85.0,1.098,0.58,-0.72,0.75,1433.0
82.6,85.0,1.103,0.61,-0.25,-0.39,1433.5
82.0,85.0,1.098,0.58,-0.62,0.2,1434.0
81.4,85.0,1.102,0.59,0.04,0.1,1434.5
80.8,85.0,1.097,0.6,-0.62,-0.08,1435.0
80.2,85.0,1.1,0.61,-0.07,0.35,1435.5
79.6,85.0,1.104,0.6,-0.62,0.71,1436.0
79.0,85.0,1.101,0.61,-0.55,-0.72,1436.5
78.4,85.0,1.098,0.58,-0.71,0.23,1437.0
77.8,85.0,1.098,0.58,0.62,0.32,1437.5
77.2,85.0,1.095,0.59,0.8,-0.54,1438.0
76.6,85.0,1.101,0.61,-0.2,0.46,1438.5
76.0,85.0,1.101,0.6,-1.18,0.59,1439.0
75.4,85.0,1.1,0.59,-0.74,0.56,1439.5
74.8,85.0,1.098,0.61,-0.7,-0.76,1440.0
74.2,85.0,1.103,0.58,0.99,-0.45,1440.5
73.6,85.0,1.098,0.61,-0.54,0.14,1441.0
73.0,85.0,1.104,0.58,0.91,-0.64,1441.5
72.4,85.0,1.097,0.59,0.18,0.67,1442.0
71.8,85.0,1.099,0.59,-0.01,-0.4,1442.5
71.2,85.0,1.103,0.61,0.84,0.59,1443.0
70.6,85.0,1.101,0.59,-0.04,-0.75,1443.5
70.0,85.0,1.102,0.61,0.84,-0.68,1444.0
69.4,85.0,1.101,0.59,0.68,0.75,1444.5
68.8,85.0,1.101,0.59,0.66,0.72,1445.0
68.2,85.0,1.096,0.61,0.52,-0.02,1445.5
67.6,85.0,1.101,0.6,1.1,0.39,1446.0
67.0,85.0,1.098,0.59,-0.54,-0.09,1446.5
66.4,85.0,1.095,0.58,0.06,0.69,1447.0
65.8,85.0,1.096,0.59,-0.38,0.79,1447.5
65.2,85.0,1.096,0.61,-1.01,-0.35,1448.0
64.6,85.0,1.097,0.59,-0.1,-0.29,1448.5
64.0,85.0,1.1,0.62,-0.65,-0.56,1449.0
63.4,85.0,1.098,0.59,-0.8,-0.05,1449.5
62.8,85.0,1.1,0.62,0.05,-0.35,1450.0
62.2,85.0,1.099,0.61,-0.52,-0.62,1450.5
61.6,85.0,1.099,0.59,-0.24,-0.11,1451.0
61.0,85.0,1.096,0.6,0.54,-0.61,1451.5
60.4,85.0,1.098,0.6,-0.02,-0.32,1452.0
59.8,85.0,1.105,0.61,0.67,0.43,1452.5
59.2,85.0,1.101,0.6,0.52,-0.72,1453.0
58.6,85.0,1.102,0.59,0.27,0.53,1453.5
58.0,85.0,1.101,0.61,-0.05,0.33,1454.0
57.4,85.0,1.098,0.59,-0.63,0.34,1454.5
56.8,85.0,1.103,0.6,-0.72,-0.04,1455.0
56.2,85.0,1.098,0.59,-0.69,-0.53,1455.5
55.6,85.0,1.099,0.59,-1.01,0.53,1456.0
55.0,85.0,1.097,0.58,0.84,0.63,1456.5
54.4,85.0,1.097,0.59,-0.28,0.21,1457.0
53.8,85.0,1.096,0.58,-0.09,0.28,1457.5
53.2,85.0,1.095,0.61,-0.15,0.12,1458.0
52.6,85.0,1.103,0.61,0.77,-0.15,1458.5
52.0,85.0,1.103,0.6,0.58,-0.43,1459.0
51.4,85.0,1.105,0.62,-0.48,0.56,1459.5
50.8,85.0,1.103,0.61,0.91,-0.01,1460.0
50.2,85.0,1.098,0.6,-1.06,-0.46,1460.5
49.6,85.0,1.1,0.59,-0.22,-0.47,1461.0
49.0,85.0,1.098,0.61,-0.6,0.24,1461.5
48.4,85.0,1.101,0.62,-0.84,-0.77,1462.0
47.8,85.0,1.098,0.6,-0.27,0.44,1462.5
47.2,85.0,1.096,0.61,1.14,-0.21,1463.0
46.6,85.0,1.099,0.59,-0.21,-0.14,1463.5
46.0,85.0,1.1,0.59,-0.25,0.29,1464.0
45.4,85.0,1.101,0.58,-0.98,0.64,1464.5
44.8,85.0,1.095,0.59,-0.65,0.64,1465.0
44.2,85.0,1.099,0.58,-0.77,0.65,1465.5
43.6,85.0,1.096,0.62,-0.82,0.76,1466.0
43.0,85.0,1.101,0.61,1.06,0.23,1466.5
42.4,85.0,1.097,0.6,-1.11,-0.09,1467.0
41.8,85.0,1.098,0.6,-0.08,0.71,1467.5
41.2,85.0,1.096,0.6,0.71,0.0,1468.0
40.6,85.0,1.095,0.61,-0.53,-0.65,1468.5
40.0,85.0,1.103,0.58,0.47,-0.13,1469.0
39.4,85.0,1.099,0.6,-0.16,0.4,1469.5
38.8,85.0,1.096,0.59,-0.16,-0.41,1470.0
38.2,85.0,1.098,0.62,0.96,0.36,1470.5
37.6,85.0,1.099,0.61,0.8,0.37,1471.0
37.0,85.0,1.097,0.6,0.29,0.1,1471.5
36.4,85.0,1.099,0.61,0.75,-0.44,1472.0
35.8,85.0,1.095,0.62,0.81,-0.58,1472.5
35.2,85.0,1.102,0.61,0.25,0.43,1473.0
34.6,85.0,1.095,0.58,0.7,0.52,1473.5
34.0,85.0,1.103,0.6,-0.43,0.08,1474.0
33.4,85.0,1.103,0.61,-0.6,-0.43,1474.5
32.8,85.0,1.102,0.62,-0.76,0.03,1475.0
32.2,85.0,1.104,0.58,-0.55,0.45,1475.5
31.6,85.0,1.101,0.6,-0.13,-0.32,1476.0
31.0,85.0,1.095,0.61,0.52,-0.23,1476.5
30.4,85.0,1.099,0.6,0.25,-0.29,1477.0
29.8,85.0,1.099,0.6,-0.21,0.0,1477.5
29.2,85.0,1.099,0.59,-0.64,-0.02,1478.0
28.6,85.0,1.099,0.6,1.07,0.49,1478.5
28.0,85.0,1.102,0.58,-0.8,-0.49,1479.0
27.4,85.0,1.101,0.59,1.19,-0.69,1479.5
26.8,85.0,1.095,0.61,0.47,-0.4,1480.0
26.2,85.0,1.102,0.62,1.03,0.67,1480.5
25.6,85.0,1.103,0.58,0.8,-0.4,1481.0
25.0,85.0,1.101,0.6,0.29,0.32,1481.5
24.4,85.0,1.104,0.58,0.61,-0.09,1482.0
23.8,85.0,1.102,0.6,-0.64,0.7,1482.5
23.2,85.0,1.096,0.6,0.98,-0.78,1483.0
22.6,85.0,1.102,0.62,0.5,-0.75,1483.5
22.0,85.0,1.102,0.61,-0.89,-0.1,1484.0
21.4,85.0,1.103,0.62,0.93,0.27,1484.5
20.8,85.0,1.102,0.61,1.19,0.17,1485.0
20.2,85.0,1.097,0.61,-1.16,0.09,1485.5
19.6,85.0,1.099,0.61,-1.06,-0.66,1486.0
19.0,85.0,1.102,0.59,0.94,-0.57,1486.5
18.4,85.0,1.105,0.6,-0.76,0.69,1487.0
17.8,85.0,1.098,0.59,-1.11,-0.42,1487.5
17.2,85.0,1.104,0.62,-0.95,0.05,1488.0
16.6,85.0,1.103,0.6,0.05,-0.05,1488.5
16.0,85.0,1.101,0.61,0.15,-0.38,1489.0
15.4,85.0,1.098,0.59,0.89,0.68,1489.5
14.8,85.0,1.098,0.58,0.45,-0.59,1490.0
14.2,85.0,1.099,0.6,-0.65,0.21,1490.5
13.6,85.0,1.098,0.6,-0.89,0.24,1491.0
13.0,85.0,1.1,0.62,1.02,0.16,1491.5
12.4,85.0,1.102,0.62,-0.32,-0.76,1492.0
11.8,85.0,1.103,0.62,-1.17,0.45,1492.5
11.2,85.0,1.1,0.6,0.41,-0.29,1493.0
10.6,85.0,1.102,0.59,-0.11,0.19,1493.5
10.0,85.0,1.097,0.6,-1.2,0.02,1494.0
9.4,85.0,1.098,0.59,0.83,-0.58,1494.5
8.8,85.0,1.101,0.6,-0.8,-0.66,1495.0
8.2,85.0,1.103,0.61,1.15,0.54,1495.5
7.6,85.0,1.097,0.62,0.58,-0.59,1496.0
7.0,85.0,1.102,0.59,0.78,0.79,1496.5
6.4,85.0,1.1,0.62,0.58,-0.77,1497.0
5.8,85.0,1.1,0.59,-0.83,-0.32,1497.5
5.2,85.0,1.1,0.59,-0.93,0.79,1498.0
4.6,85.0,1.1,0.61,-0.37,-0.08,1498.5
4.0,85.0,1.103,0.58,-0.07,-0.63,1499.0
3.4,85.0,1.1,0.59,0.61,0.71,1499.5
2.8,85.0,1.099,0.61,0.85,-0.25,1500.0
2.2,85.0,1.101,0.61,0.83,-0.74,1500.5
1.6,85.0,1.105,0.58,0.46,0.76,1501.0
1.0,85.0,1.104,0.61,-0.65,-0.75,1501.5
0.4,85.0,1.099,0.61,0.03,-0.56,1502.0
0,90.0,1.102,0.61,-0.8,-0.72,1502.5
0.6,90.0,1.098,0.6,-0.96,0.39,1503.0
1.2,90.0,1.095,0.62,0.8,0.63,1503.5
1.8,90.0,1.095,0.58,0.62,-0.43,1504.0
2.4,90.0,1.1,0.6,0.61,-0.6,1504.5
3.0,90.0,1.095,0.59,-0.42,-0.46,1505.0
3.6,90.0,1.1,0.61,-1.06,0.19,1505.5
4.2,90.0,1.099,0.6,-1.08,-0.6,1506.0
4.8,90.0,1.096,0.59,0.24,0.19,1506.5
5.4,90.0,1.097,0.6,0.57,-0.06,1507.0
6.0,90.0,1.101,0.59,-0.78,0.66,1507.5
6.6,90.0,1.1,0.58,1.0,0.45,1508.0
7.2,90.0,1.098,0.6,1.13,-0.64,1508.5
7.8,90.0,1.103,0.62,0.5,-0.52,1509.0
8.4,90.0,1.099,0.6,-0.73,0.04,1509.5
9.0,90.0,1.103,0.6,-0.62,-0.58,1510.0
9.6,90.0,1.105,0.61,-1.12,0.22,1510.5
10.2,90.0,1.101,0.62,0.41,0.14,1511.0
10.8,90.0,1.096,0.6,0.58,-0.68,1511.5
11.4,90.0,1.097,0.61,0.41,0.23,1512.0
12.0,90.0,1.099,0.61,0.71,-0.55,1512.5
12.6,90.0,1.097,0.59,0.98,-0.47,1513.0
13.2,90.0,1.099,0.58,1.07,0.11,1513.5
13.8,90.0,1.104,0.59,-0.3,-0.11,1514.0
14.4,90.0,1.104,0.6,-1.04,-0.65,1514.5
15.0,90.0,1.102,0.62,-0.68,-0.01,1515.0
15.6,90.0,1.095,0.59,-0.42,0.02,1515.5
16.2,90.0,1.103,0.62,-1.18,0.17,1516.0
16.8,90.0,1.101,0.59,-0.78,-0.34,1516.5
17.4,90.0,1.097,0.61,-0.11,0.29,1517.0
18.0,90.0,1.1,0.6,-0.54,0.13,1517.5
18.6,90.0,1.095,0.61,-1.03,-0.43,1518.0
19.2,90.0,1.099,0.62,0.41,-0.59,1518.5
19.8,90.0,1.1,0.62,-0.35,-0.13,1519.0
20.4,90.0,1.096,0.58,0.57,0.22,1519.5
21.0,90.0,1.105,0.61,0.98,-0.71,1520.0
21.6,90.0,1.096,0.62,0.79,-0.14,1520.5
22.2,90.0,1.105,0.59,-1.13,-0.69,1521.0
22.8,90.0,1.1,0.61,0.95,0.15,1521.5
23.4,90.0,1.097,0.59,0.36,-0.07,1522.0
24.0,90.0,1.103,0.61,0.79,0.57,1522.5
24.6,90.0,1.101,0.61,0.02,-0.21,1523.0
25.2,90.0,1.096,0.61,0.95,0.68,1523.5
25.8,90.0,1.103,0.58,0.28,0.65,1524.0
26.4,90.0,1.102,0.59,-0.09,0.29,1524.5
27.0,90.0,1.103,0.62,-0.92,-0.02,1525.0
27.6,90.0,1.102,0.61,1.01,0.77,1525.5
28.2,90.0,1.1,0.59,1.17,-0.75,1526.0
28.8,90.0,1.096,0.62,1.02,-0.19,1526.5
29.4,90.0,1.096,0.6,-0.13,-0.37,1527.0
30.0,90.0,1.102,0.6,0.9,0.8,1527.5
30.6,90.0,1.101,0.6,0.99,0.1,1528.0
31.2,90.0,1.102,0.59,0.16,-0.58,1528.5
31.8,90.0,1.1,0.58,-1.11,0.68,1529.0
32.4,90.0,1.1,0.61,0.5,0.29,1529.5
33.0,90.0,1.105,0.61,0.88,-0.32,1530.0
33.6,90.0,1.099,0.62,-1.03,0.78,1530.5
34.2,90.0,1.102,0.62,0.25,0.49,1531.0
34.8,90.0,1.101,0.58,-0.34,-0.34,1531.5
35.4,90.0,1.098,0.61,-0.27,-0.22,1532.0
36.0,90.0,1.101,0.6,-1.11,0.58,1532.5
36.6,90.0,1.099,0.6,0.81,0.75,1533.0
37.2,90.0,1.098,0.6,-0.21,0.32,1533.5
37.8,90.0,1.1,0.6,1.13,-0.74,1534.0
38.4,90.0,1.1,0.61,0.1,0.58,1534.5
39.0,90.0,1.096,0.61,1.04,0.76,1535.0
39.6,90.0,1.098,0.6,1.05,-0.37,1535.5
40.2,90.0,1.097,0.6,0.66,-0.32,1536.0
40.8,90.0,1.105,0.59,-0.02,0.11,1536.5
41.4,90.0,1.096,0.58,-1.09,0.68,1537.0
42.0,90.0,1.103,0.59,0.65,-0.18,1537.5
42.6,90.0,1.102,0.59,1.16,0.77,1538.0
43.2,90.0,1.097,0.6,0.85,0.17,1538.5
43.8,90.0,1.102,0.59,-0.86,0.66,1539.0
44.4,90.0,1.097,0.59,0.01,-0.39,1539.5
45.0,90.0,1.1,0.58,1.01,-0.07,1540.0
45.6,90.0,1.1,0.59,0.49,0.38,1540.5
46.2,90.0,1.104,0.6,-0.93,0.1,1541.0
46.8,90.0,1.098,0.62,-0.51,-0.53,1541.5
47.4,90.0,1.103,0.62,0.95,-0.0,1542.0
48.0,90.0,1.102,0.6,-0.06,0.28,1542.5
48.6,90.0,1.104,0.62,1.08,-0.8,1543.0
49.2,90.0,1.102,0.6,-0.72,0.2,1543.5
49.8,90.0,1.1,0.59,0.95,-0.12,1544.0
50.4,90.0,1.105,0.62,0.97,0.23,1544.5
51.0,90.0,1.098,0.61,0.96,0.03,1545.0
51.6,90.0,1.098,0.61,-0.97,-0.59,1545.5
52.2,90.0,1.095,0.59,1.15,0.21,1546.0
52.8,90.0,1.102,0.61,-0.1,-0.49,1546.5
53.4,90.0,1.099,0.59,-0.8,0.04,1547.0
54.0,90.0,1.099,0.62,0.47,-0.03,1547.5
54.6,90.0,1.104,0.61,0.63,-0.23,1548.0
55.2,90.0,1.101,0.59,-0.12,-0.71,1548.5
55.8,90.0,1.104,0.59,-0.37,-0.58,1549.0
56.4,90.0,1.099,0.59,1.16,-0.51,1549.5
57.0,90.0,1.101,0.61,-0.44,0.46,1550.0
57.6,90.0,1.096,0.59,0.79,0.34,1550.5
58.2,90.0,1.103,0.61,0.17,0.3,1551.0
58.8,90.0,1.104,0.61,0.26,-0.77,1551.5
59.4,90.0,1.098,0.6,-0.04,-0.1,1552.0
60.0,90.0,1.102,0.61,-1.03,-0.19,1552.5
60.6,90.0,1.096,0.61,-0.28,0.55,1553.0
61.2,90.0,1.101,0.59,-0.08,-0.09,1553.5
61.8,90.0,1.097,0.6,-0.88,-0.31,1554.0
62.4,90.0,1.102,0.6,0.91,0.28,1554.5
63.0,90.0,1.103,0.61,0.29,0.29,1555.0
63.6,90.0,1.103,0.61,-0.8,0.51,1555.5
64.2,90.0,1.097,0.6,1.14,0.08,1556.0
64.8,90.0,1.104,0.6,-0.5,0.13,1556.5
65.4,90.0,1.1,0.6,-0.34,0.02,1557.0
66.0,90.0,1.096,0.6,0.3,-0.26,1557.5
66.6,90.0,1.099,0.61,-0.57,0.15,1558.0
67.2,90.0,1.104,0.58,0.21,-0.13,1558.5
67.8,90.0,1.097,0.61,0.17,0.31,1559.0
68.4,90.0,1.102,0.6,0.73,0.53,1559.5
69.0,90.0,1.095,0.6,0.44,0.3,1560.0
69.6,90.0,1.102,0.59,-0.58,-0.46,1560.5
70.2,90.0,1.103,0.58,0.8,-0.5,1561.0
70.8,90.0,1.102,0.6,0.28,0.07,1561.5
71.4,90.0,1.103,0.59,-1.15,-0.24,1562.0
72.0,90.0,1.096,0.61,0.43,-0.34,1562.5
72.6,90.0,1.096,0.59,-0.7,0.53,1563.0
73.2,90.0,1.105,0.59,0.52,0.77,1563.5
73.8,90.0,1.097,0.6,-0.95,0.61,1564.0
74.4,90.0,1.099,0.59,-0.55,0.22,1564.5
75.0,90.0,1.104,0.59,0.94,0.27,1565.0
75.6,90.0,1.099,0.58,-0.77,0.31,1565.5
76.2,90.0,1.099,0.62,-0.11,-0.29,1566.0
76.8,90.0,1.098,0.59,0.97,-0.45,1566.5
77.4,90.0,1.104,0.6,-0.96,-0.73,1567.0
78.0,90.0,1.096,0.58,-0.36,-0.08,1567.5
78.6,90.0,1.103,0.58,-0.49,-0.15,1568.0
79.2,90.0,1.098,0.6,-0.44,-0.04,1568.5
79.8,90.0,1.099,0.59,0.23,-0.12,1569.0
80.4,90.0,1.103,0.59,-0.22,-0.44,1569.5
81.0,90.0,1.096,0.62,0.02,0.07,1570.0
81.6,90.0,1.096,0.59,-0.36,0.8,1570.5
82.2,90.0,1.096,0.59,-1.1,0.49,1571.0
82.8,90.0,1.102,0.59,1.04,-0.04,1571.5
83.4,90.0,1.105,0.59,0.41,-0.8,1572.0
84.0,90.0,1.103,0.62,0.94,-0.55,1572.5
84.6,90.0,1.104,0.62,-0.62,-0.54,1573.0
85.2,90.0,1.103,0.59,-1.02,-0.45,1573.5
85.8,90.0,1.102,0.58,1.02,0.11,1574.0
86.4,90.0,1.104,0.61,0.19,0.66,1574.5
87.0,90.0,1.101,0.58,-1.05,0.11,1575.0
87.6,90.0,1.096,0.62,-1.13,0.54,1575.5
88.2,90.0,1.097,0.6,0.99,-0.21,1576.0
88.8,90.0,1.097,0.61,0.05,0.78,1576.5
89.4,90.0,1.099,0.6,-1.2,0.26,1577.0
90.0,90.0,1.1,0.6,-1.04,-0.78,1577.5
90.6,90.0,1.097,0.6,0.01,0.79,1578.0
91.2,90.0,1.105,0.61,0.98,0.28,1578.5
91.8,90.0,1.097,0.61,1.08,0.04,1579.0
92.4,90.0,1.096,0.59,-0.18,0.2,1579.5
93.0,90.0,1.097,0.62,0.8,0.28,1580.0
93.6,90.0,1.103,0.59,1.0,-0.04,1580.5
94.2,90.0,1.098,0.61,0.61,0.24,1581.0
94.8,90.0,1.104,0.58,-0.87,-0.39,1581.5
95.4,90.0,1.095,0.61,0.23,0.65,1582.0
96.0,90.0,1.097,0.6,0.1,0.08,1582.5
96.6,90.0,1.098,0.58,0.06,0.29,1583.0
97.2,90.0,1.102,0.58,-0.68,0.04,1583.5
97.8,90.0,1.102,0.6,-1.15,0.76,1584.0
98.4,90.0,1.101,0.59,0.67,-0.31,1584.5
99.0,90.0,1.096,0.6,-0.82,-0.64,1585.0
99.6,90.0,1.098,0.6,0.81,0.26,1585.5
100,95.0,1.098,0.6,-0.43,0.3,1586.0
99.4,95.0,1.099,0.58,-1.05,-0.36,1586.5
98.8,95.0,1.103,0.59,-0.95,-0.76,1587.0
98.2,95.0,1.101,0.61,0.11,0.26,1587.5
97.6,95.0,1.105,0.59,-1.12,-0.59,1588.0
97.0,95.0,1.098,0.61,-0.76,-0.36,1588.5
96.4,95.0,1.103,0.62,0.1,-0.41,1589.0
95.8,95.0,1.099,0.6,-0.55,-0.41,1589.5
95.2,95.0,1.1,0.59,-0.29,-0.32,1590.0
94.6,95.0,1.105,0.58,-0.86,-0.4,1590.5
94.0,95.0,1.101,0.61,-1.11,0.78,1591.0
93.4,95.0,1.104,0.62,0.31,0.43,1591.5
92.8,95.0,1.105,0.61,0.71,0.21,1592.0
92.2,95.0,1.099,0.6,-0.53,0.58,1592.5
91.6,95.0,1.103,0.6,0.85,0.04,1593.0
91.0,95.0,1.096,0.62,0.08,-0.4,1593.5
90.4,95.0,1.102,0.6,1.17,0.54,1594.0
89.8,95.0,1.097,0.59,0.54,-0.2,1594.5
89.2,95.0,1.097,0.59,0.08,-0.45,1595.0
88.6,95.0,1.102,0.62,-0.94,0.38,1595.5
88.0,95.0,1.096,0.59,-1.19,-0.51,1596.0
87.4,95.0,1.102,0.59,-0.45,-0.16,1596.5
86.8,95.0,1.096,0.6,0.1,0.73,1597.0
86.2,95.0,1.1,0.61,0.25,0.62,1597.5
85.6,95.0,1.095,0.58,0.02,-0.19,1598.0
85.0,95.0,1.103,0.6,-0.44,-0.6,1598.5
84.4,95.0,1.1,0.58,-0.07,0.01,1599.0
83.8,95.0,1.102,0.62,0.37,-0.19,1599.5
83.2,95.0,1.097,0.62,0.02,-0.62,1600.0
82.6,95.0,1.1,0.6,0.58,-0.65,1600.5
82.0,95.0,1.102,0.62,1.07,0.12,1601.0
81.4,95.0,1.103,0.61,1.16,-0.43,1601.5
80.8,95.0,1.097,0.6,-0.76,-0.62,1602.0
80.2,95.0,1.105,0.59,-0.01,-0.8,1602.5
79.6,95.0,1.098,0.61,-0.13,-0.04,1603.0
79.0,95.0,1.103,0.59,-0.83,-0.38,1603.5
78.4,95.0,1.1,0.58,0.01,-0.27,1604.0
77.8,95.0,1.102,0.59,-0.93,0.49,1604.5
77.2,95.0,1.102,0.62,-0.45,-0.61,1605.0
76.6,95.0,1.104,0.62,-0.33,-0.3,1605.5
76.0,95.0,1.096,0.59,-0.07,0.67,1606.0
75.4,95.0,1.103,0.62,-0.87,0.23,1606.5
74.8,95.0,1.102,0.6,0.99,-0.71,1607.0
74.2,95.0,1.104,0.59,0.45,-0.08,1607.5
73.6,95.0,1.095,0.61,-0.34,-0.3,1608.0
73.0,95.0,1.103,0.6,0.73,0.41,1608.5
72.4,95.0,1.099,0.62,-1.13,0.52,1609.0
71.8,95.0,1.105,0.61,-0.88,-0.3,1609.5
71.2,95.0,1.1,0.6,-0.95,0.49,1610.0
70.6,95.0,1.102,0.6,0.69,-0.27,1610.5
70.0,95.0,1.096,0.61,1.19,-0.67,1611.0
69.4,95.0,1.104,0.59,-1.11,0.58,1611.5
68.8,95.0,1.103,0.6,-0.56,0.09,1612.0
68.2,95.0,1.105,0.59,0.24,0.1,1612.5
67.6,95.0,1.105,0.62,-0.41,-0.2,1613.0
67.0,95.0,1.1,0.59,0.14,-0.56,1613.5
66.4,95.0,1.098,0.61,0.44,-0.26,1614.0
65.8,95.0,1.098,0.59,0.4,-0.27,1614.5
65.2,95.0,1.099,0.59,0.93,0.55,1615.0
64.6,95.0,1.102,0.59,0.33,-0.21,1615.5
64.0,95.0,1.101,0.59,0.57,-0.57,1616.0
63.4,95.0,1.102,0.59,1.18,-0.29,1616.5
62.8,95.0,1.1,0.59,1.0,-0.01,1617.0
62.2,95.0,1.097,0.61,0.35,-0.05,1617.5
61.6,95.0,1.101,0.59,-0.16,0.16,1618.0
61.0,95.0,1.097,0.59,0.2,0.59,1618.5
60.4,95.0,1.104,0.58,-0.08,-0.61,1619.0
59.8,95.0,1.099,0.59,0.71,-0.79,1619.5
59.2,95.0,1.105,0.61,0.87,0.48,1620.0
58.6,95.0,1.096,0.62,-0.04,-0.28,1620.5
58.0,95.0,1.103,0.59,-0.29,0.19,1621.0
57.4,95.0,1.099,0.61,0.26,-0.63,1621.5
56.8,95.0,1.101,0.58,-0.58,-0.66,1622.0
56.2,95.0,1.102,0.6,1.05,0.13,1622.5
55.6,95.0,1.099,0.58,-0.86,0.08,1623.0
55.0,95.0,1.101,0.6,1.11,0.05,1623.5
54.4,95.0,1.102,0.61,-0.21,0.36,1624.0
53.8,95.0,1.104,0.6,0.83,0.64,1624.5
53.2,95.0,1.103,0.59,0.49,0.24,1625.0
52.6,95.0,1.098,0.6,-0.37,0.02,1625.5
52.0,95.0,1.1,0.59,0.17,0.72,1626.0
51.4,95.0,1.097,0.61,0.33,-0.25,1626.5
50.8,95.0,1.105,0.59,0.06,0.08,1627.0
50.2,95.0,1.097,0.61,-1.18,0.11,1627.5
49.6,95.0,1.102,0.61,-0.52,-0.27,1628.0
49.0,95.0,1.1,0.61,1.08,0.28,1628.5
48.4,95.0,1.097,0.61,0.55,-0.6,1629.0
47.8,95.0,1.104,0.62,0.27,-0.58,1629.5
47.2,95.0,1.105,0.6,0.7,0.07,1630.0
46.6,95.0,1.104,0.61,-0.5,-0.54,1630.5
46.0,95.0,1.105,0.6,0.76,0.41,1631.0
45.4,95.0,1.103,0.61,-1.09,-0.04,1631.5
44.8,95.0,1.103,0.62,-0.07,-0.71,1632.0
44.2,95.0,1.099,0.6,-0.68,-0.31,1632.5
43.6,95.0,1.101,0.61,0.08,-0.7,1633.0
43.0,95.0,1.097,0.6,-1.03,-0.21,1633.5
42.4,95.0,1.096,0.6,0.42,0.01,1634.0
41.8,95.0,1.102,0.61,-1.08,0.13,1634.5
41.2,95.0,1.101,0.62,-0.44,-0.76,1635.0
40.6,95.0,1.103,0.6,-0.52,-0.34,1635.5
40.0,95.0,1.097,0.61,0.0,0.65,1636.0
39.4,95.0,1.104,0.59,-1.01,0.72,1636.5
38.8,95.0,1.103,0.62,1.01,0.23,1637.0
38.2,95.0,1.104,0.59,0.32,-0.38,1637.5
37.6,95.0,1.095,0.62,-1.18,-0.65,1638.0
37.0,95.0,1.105,0.58,-1.11,0.21,1638.5
36.4,95.0,1.099,0.61,-0.03,0.59,1639.0
35.8,95.0,1.097,0.59,0.12,-0.79,1639.5
35.2,95.0,1.099,0.62,-0.83,-0.72,1640.0
34.6,95.0,1.104,0.59,0.88,-0.76,1640.5
34.0,95.0,1.102,0.61,-0.97,0.19,1641.0
33.4,95.0,1.096,0.61,0.8,-0.29,1641.5
32.8,95.0,1.105,0.62,0.34,-0.29,1642.0
32.2,95.0,1.095,0.59,-1.01,-0.3,1642.5
31.6,95.0,1.1,0.6,-0.18,-0.26,1643.0
31.0,95.0,1.098,0.62,0.25,0.13,1643.5
30.4,95.0,1.1,0.59,0.34,-0.48,1644.0
29.8,95.0,1.097,0.6,-0.84,-0.78,1644.5
29.2,95.0,1.096,0.62,0.61,-0.25,1645.0
28.6,95.0,1.102,0.61,-0.85,0.05,1645.5
28.0,95.0,1.097,0.62,-0.5,0.39,1646.0
27.4,95.0,1.098,0.59,-0.35,0.62,1646.5
26.8,95.0,1.103,0.61,-0.67,-0.79,1647.0
26.2,95.0,1.103,0.58,-0.99,-0.12,1647.5
25.6,95.0,1.1,0.58,-1.07,-0.04,1648.0
25.0,95.0,1.098,0.61,0.03,-0.24,1648.5
24.4,95.0,1.105,0.61,1.02,0.43,1649.0
23.8,95.0,1.101,0.61,0.2,-0.53,1649.5
23.2,95.0,1.096,0.61,-0.91,0.21,1650.0
22.6,95.0,1.096,0.59,0.18,0.38,1650.5
22.0,95.0,1.095,0.61,-1.05,-0.21,1651.0
21.4,95.0,1.099,0.61,0.59,0.06,1651.5
20.8,95.0,1.096,0.6,-0.38,-0.08,1652.0
20.2,95.0,1.098,0.6,-0.03,0.78,1652.5
19.6,95.0,1.105,0.59,1.11,0.34,1653.0
19.0,95.0,1.098,0.6,-0.33,-0.67,1653.5
18.4,95.0,1.097,0.61,1.17,-0.33,1654.0
17.8,95.0,1.103,0.6,0.48,-0.79,1654.5
17.2,95.0,1.1,0.59,0.99,-0.78,1655.0
16.6,95.0,1.103,0.61,-0.58,0.54,1655.5
16.0,95.0,1.101,0.6,0.57,-0.54,1656.0
15.4,95.0,1.101,0.59,0.3,0.69,1656.5
14.8,95.0,1.104,0.61,-0.38,-0.13,1657.0
14.2,95.0,1.101,0.61,0.46,-0.49,1657.5
13.6,95.0,1.099,0.58,0.37,-0.09,1658.0
13.0,95.0,1.104,0.62,0.3,0.36,1658.5
12.4,95.0,1.101,0.59,0.1,-0.4,1659.0
11.8,95.0,1.096,0.6,-0.29,0.46,1659.5
11.2,95.0,1.095,0.59,0.99,0.52,1660.0
10.6,95.0,1.097,0.58,-1.0,0.19,1660.5
10.0,95.0,1.095,0.6,1.16,0.28,1661.0
9.4,95.0,1.1,0.59,-0.54,0.12,1661.5
8.8,95.0,1.104,0.59,0.34,-0.48,1662.0
8.2,95.0,1.102,0.58,1.18,0.04,1662.5
7.6,95.0,1.097,0.59,0.12,0.37,1663.0
7.0,95.0,1.102,0.58,-0.54,0.52,1663.5
6.4,95.0,1.099,0.59,-0.25,0.53,1664.0
5.8,95.0,1.096,0.61,-0.13,-0.26,1664.5
5.2,95.0,1.098,0.6,0.29,0.1,1665.0
4.6,95.0,1.103,0.61,-0.97,0.04,1665.5
4.0,95.0,1.1,0.62,-1.03,-0.65,1666.0
3.4,95.0,1.096,0.61,-0.16,0.48,1666.5
2.8,95.0,1.096,0.59,-1.06,0.68,1667.0
2.2,95.0,1.096,0.62,-1.16,-0.68,1667.5
1.6,95.0,1.096,0.59,-0.24,0.22,1668.0
1.0,95.0,1.098,0.61,0.28,-0.78,1668.5
0.4,95.0,1.102,0.62,-1.16,-0.23,1669.0
0,100.0,1.104,0.62,-0.08,0.79,1669.5
0.6,100.0,1.104,0.62,-1.07,0.33,1670.0
1.2,100.0,1.099,0.59,-0.24,0.72,1670.5
1.8,100.0,1.104,0.6,-0.4,-0.53,1671.0
2.4,100.0,1.102,0.59,0.13,0.63,1671.5
3.0,100.0,1.101,0.58,0.26,-0.11,1672.0
3.6,100.0,1.097,0.6,-1.07,0.56,1672.5
4.2,100.0,1.1,0.6,-0.96,-0.46,1673.0
4.8,100.0,1.101,0.62,0.94,0.19,1673.5
5.4,100.0,1.105,0.58,0.2,0.67,1674.0
6.0,100.0,1.101,0.61,0.83,-0.2,1674.5
6.6,100.0,1.096,0.61,0.29,0.35,1675.0
7.2,100.0,1.095,0.6,-0.99,-0.75,1675.5
7.8,100.0,1.101,0.61,0.77,0.13,1676.0
8.4,100.0,1.097,0.59,0.63,0.38,1676.5
9.0,100.0,1.101,0.62,1.03,-0.56,1677.0
9.6,100.0,1.099,0.6,0.69,0.4,1677.5
10.2,100.0,1.1,0.58,-0.1,0.09,1678.0
10.8,100.0,1.095,0.58,0.18,-0.79,1678.5
11.4,100.0,1.105,0.59,-0.04,0.73,1679.0
12.0,100.0,1.105,0.59,0.94,-0.06,1679.5
12.6,100.0,1.103,0.6,1.08,-0.77,1680.0
13.2,100.0,1.099,0.62,0.09,-0.34,1680.5
13.8,100.0,1.103,0.6,-0.98,-0.14,1681.0
14.4,100.0,1.098,0.61,-0.55,-0.8,1681.5
15.0,100.0,1.096,0.61,0.04,0.24,1682.0
15.6,100.0,1.097,0.62,0.5,0.12,1682.5
16.2,100.0,1.097,0.61,-0.95,-0.07,1683.0
16.8,100.0,1.103,0.61,0.35,0.12,1683.5
17.4,100.0,1.105,0.58,-0.51,0.62,1684.0
18.0,100.0,1.098,0.58,-0.18,0.35,1684.5
18.6,100.0,1.104,0.59,-0.74,0.43,1685.0
19.2,100.0,1.104,0.61,0.26,-0.02,1685.5
19.8,100.0,1.098,0.62,0.76,0.7,1686.0
20.4,100.0,1.104,0.59,0.9,0.45,1686.5
21.0,100.0,1.103,0.61,-0.09,0.58,1687.0
21.6,100.0,1.102,0.58,0.57,0.28,1687.5
22.2,100.0,1.103,0.61,-1.17,-0.65,1688.0
22.8,100.0,1.103,0.59,-0.11,-0.19,1688.5
23.4,100.0,1.103,0.6,-0.22,0.61,1689.0
24.0,100.0,1.097,0.62,-0.72,0.09,1689.5
24.6,100.0,1.096,0.59,-0.35,-0.74,1690.0
25.2,100.0,1.099,0.62,0.43,0.0,1690.5
25.8,100.0,1.102,0.62,0.85,-0.38,1691.0
26.4,100.0,1.104,0.6,0.4,-0.67,1691.5
27.0,100.0,1.101,0.61,1.1,-0.09,1692.0
27.6,100.0,1.101,0.59,-0.56,0.4,1692.5
28.2,100.0,1.099,0.6,-0.05,0.1,1693.0
28.8,100.0,1.097,0.59,0.55,-0.07,1693.5
29.4,100.0,1.101,0.6,-0.21,0.01,1694.0
30.0,100.0,1.105,0.61,-0.68,0.26,1694.5
30.6,100.0,1.104,0.59,0.41,0.07,1695.0
31.2,100.0,1.097,0.6,0.37,0.63,1695.5
31.8,100.0,1.102,0.61,0.65,0.29,1696.0
32.4,100.0,1.1,0.59,1.0,-0.34,1696.5
33.0,100.0,1.099,0.62,-0.42,-0.08,1697.0
33.6,100.0,1.104,0.59,0.4,0.54,1697.5
34.2,100.0,1.098,0.58,0.87,-0.6,1698.0
34.8,100.0,1.099,0.61,1.1,-0.51,1698.5
35.4,100.0,1.1,0.59,0.45,0.51,1699.0
36.0,100.0,1.104,0.58,0.69,-0.31,1699.5
36.6,100.0,1.098,0.59,0.27,-0.07,1700.0
37.2,100.0,1.1,0.61,-1.17,-0.73,1700.5
37.8,100.0,1.102,0.6,1.03,0.4,1701.0
38.4,100.0,1.099,0.6,0.92,0.35,1701.5
39.0,100.0,1.095,0.59,-0.13,0.02,1702.0
39.6,100.0,1.099,0.61,-1.04,0.43,1702.5
40.2,100.0,1.103,0.6,-0.58,-0.65,1703.0
40.8,100.0,1.098,0.59,-0.99,0.6,1703.5
41.4,100.0,1.103,0.62,-1.02,-0.25,1704.0
42.0,100.0,1.104,0.61,-0.05,0.52,1704.5
42.6,100.0,1.097,0.59,0.95,-0.76,1705.0
43.2,100.0,1.103,0.58,1.08,-0.09,1705.5
43.8,100.0,1.1,0.6,0.28,0.56,1706.0
44.4,100.0,1.098,0.61,1.17,-0.03,1706.5
45.0,100.0,1.095,0.6,0.26,0.56,1707.0
45.6,100.0,1.103,0.6,-0.25,0.21,1707.5
46.2,100.0,1.096,0.58,-1.01,-0.3,1708.0
46.8,100.0,1.103,0.6,0.05,0.5,1708.5
47.4,100.0,1.098,0.61,-0.49,-0.06,1709.0
48.0,100.0,1.097,0.6,0.63,0.64,1709.5
48.6,100.0,1.098,0.59,-0.96,0.38,1710.0
49.2,100.0,1.098,0.61,0.01,0.06,1710.5
49.8,100.0,1.101,0.6,0.34,-0.12,1711.0
50.4,100.0,1.1,0.61,-1.08,0.62,1711.5
51.0,100.0,1.1,0.6,-0.91,0.65,1712.0
51.6,100.0,1.1,0.6,0.19,0.76,1712.5
52.2,100.0,1.099,0.6,-0.26,0.52,1713.0
52.8,100.0,1.099,0.58,0.97,0.48,1713.5
53.4,100.0,1.1,0.6,0.48,-0.09,1714.0
54.0,100.0,1.103,0.59,-0.54,0.72,1714.5
54.6,100.0,1.103,0.58,-0.6,-0.07,1715.0
55.2,100.0,1.1,0.6,-0.21,0.46,1715.5
55.8,100.0,1.1,0.6,-0.61,0.72,1716.0
56.4,100.0,1.103,0.61,0.34,-0.58,1716.5
57.0,100.0,1.102,0.6,-0.04,-0.79,1717.0
57.6,100.0,1.101,0.61,0.15,-0.55,1717.5
58.2,100.0,1.096,0.59,0.21,0.16,1718.0
58.8,100.0,1.102,0.62,0.42,0.16,1718.5
59.4,100.0,1.101,0.59,-1.02,-0.44,1719.0
60.0,100.0,1.105,0.6,-0.62,-0.26,1719.5
60.6,100.0,1.103,0.61,-0.94,-0.67,1720.0
61.2,100.0,1.103,0.62,0.41,0.18,1720.5
61.8,100.0,1.101,0.62,0.38,0.18,1721.0
62.4,100.0,1.102,0.61,1.08,-0.7,1721.5
63.0,100.0,1.096,0.6,-0.77,0.35,1722.0
63.6,100.0,1.1,0.58,-0.35,0.07,1722.5
64.2,100.0,1.1,0.61,0.35,0.64,1723.0
64.8,100.0,1.1,0.62,0.98,0.28,1723.5
65.4,100.0,1.1,0.6,0.74,-0.05,1724.0
66.0,100.0,1.098,0.6,-0.38,0.26,1724.5
66.6,100.0,1.096,0.6,1.13,0.66,1725.0
67.2,100.0,1.095,0.62,0.57,-0.74,1725.5
67.8,100.0,1.101,0.61,0.91,-0.79,1726.0
68.4,100.0,1.097,0.59,-1.14,0.22,1726.5
69.0,100.0,1.104,0.59,-0.07,0.51,1727.0
69.6,100.0,1.104,0.61,0.78,-0.56,1727.5
70.2,100.0,1.098,0.61,1.1,0.06,1728.0
70.8,100.0,1.102,0.58,0.72,0.04,1728.5
71.4,100.0,1.095,0.61,0.13,0.53,1729.0
72.0,100.0,1.1,0.6,1.18,-0.25,1729.5
72.6,100.0,1.097,0.59,-1.07,0.24,1730.0
73.2,100.0,1.096,0.61,-0.18,0.07,1730.5
73.8,100.0,1.1,0.62,-0.92,-0.19,1731.0
74.4,100.0,1.096,0.6,-1.11,0.62,1731.5
75.0,100.0,1.096,0.6,-0.84,-0.11,1732.0
75.6,100.0,1.096,0.6,0.98,-0.6,1732.5
76.2,100.0,1.104,0.61,-0.6,0.64,1733.0
76.8,100.0,1.098,0.61,-0.67,0.09,1733.5
77.4,100.0,1.099,0.61,1.19,-0.66,1734.0
78.0,100.0,1.101,0.62,-0.85,0.7,1734.5
78.6,100.0,1.098,0.6,-0.25,-0.66,1735.0
79.2,100.0,1.105,0.59,1.12,-0.61,1735.5
79.8,100.0,1.1,0.61,0.7,0.57,1736.0
80.4,100.0,1.105,0.59,-0.53,0.58,1736.5
81.0,100.0,1.103,0.58,1.15,0.05,1737.0
81.6,100.0,1.1,0.61,-0.4,0.78,1737.5
82.2,100.0,1.1,0.61,-0.11,-0.73,1738.0
82.8,100.0,1.098,0.62,0.8,-0.71,1738.5
83.4,100.0,1.097,0.6,-0.56,-0.28,1739.0
84.0,100.0,1.104,0.59,-0.41,0.58,1739.5
84.6,100.0,1.099,0.58,0.74,-0.67,1740.0
85.2,100.0,1.102,0.59,0.74,0.39,1740.5
85.8,100.0,1.103,0.6,0.62,0.61,1741.0
86.4,100.0,1.1,0.6,-0.37,0.5,1741.5
87.0,100.0,1.096,0.6,-1.13,-0.32,1742.0
87.6,100.0,1.098,0.62,-0.56,-0.09,1742.5
88.2,100.0,1.101,0.6,0.99,-0.71,1743.0
88.8,100.0,1.098,0.62,0.32,0.14,1743.5
89.4,100.0,1.099,0.6,1.04,0.02,1744.0
90.0,100.0,1.096,0.62,-0.35,-0.69,1744.5
90.6,100.0,1.102,0.58,0.17,-0.02,1745.0
91.2,100.0,1.1,0.6,-0.89,-0.48,1745.5
91.8,100.0,1.102,0.6,-0.11,0.46,1746.0
92.4,100.0,1.102,0.59,-0.01,0.78,1746.5
93.0,100.0,1.104,0.6,0.08,-0.54,1747.0
93.6,100.0,1.103,0.59,-0.69,0.73,1747.5
94.2,100.0,1.098,0.6,-0.27,-0.11,1748.0
94.8,100.0,1.101,0.59,-0.67,-0.19,1748.5
95.4,100.0,1.105,0.59,-0.93,-0.06,1749.0
96.0,100.0,1.101,0.61,0.6,0.7,1749.5
96.6,100.0,1.098,0.59,0.74,0.18,1750.0
97.2,100.0,1.097,0.62,-0.35,0.66,1750.5
97.8,100.0,1.101,0.62,0.14,0.7,1751.0
98.4,100.0,1.099,0.61,0.2,-0.55,1751.5
99.0,100.0,1.098,0.6,-0.25,0.37,1752.0
99.6,100.0,1.099,0.61,-0.98,0.12,1752.5
100,100,1.1,0.61,-0.02,-0.01,1753.0
99.4,100,1.101,0.62,-0.85,-0.04,1753.5
98.8,100,1.1,0.6,1.14,-0.09,1754.0
98.2,100,1.097,0.62,0.71,-0.19,1754.5
97.6,100,1.1,0.61,-0.54,0.35,1755.0
97.0,100,1.101,0.61,-0.34,0.31,1755.5
96.4,100,1.1,0.6,0.07,-0.65,1756.0
95.8,100,1.101,0.59,-0.58,0.38,1756.5
95.2,100,1.097,0.6,0.44,0.48,1757.0
94.6,100,1.1,0.61,0.12,0.45,1757.5
94.0,100,1.096,0.61,0.8,0.36,1758.0
93.4,100,1.098,0.6,-0.27,0.4,1758.5
92.8,100,1.103,0.59,0.68,0.35,1759.0
92.2,100,1.098,0.6,-0.4,-0.61,1759.5
91.6,100,1.1,0.58,-0.29,-0.21,1760.0
91.0,100,1.104,0.61,0.03,-0.36,1760.5
90.4,100,1.098,0.61,1.04,-0.25,1761.0
89.8,100,1.1,0.59,-0.86,0.33,1761.5
89.2,100,1.097,0.6,0.84,0.59,1762.0
88.6,100,1.097,0.61,-1.05,0.05,1762.5
88.0,100,1.102,0.61,0.85,-0.47,1763.0
87.4,100,1.102,0.61,0.58,-0.17,1763.5
86.8,100,1.105,0.62,0.43,0.4,1764.0
86.2,100,1.097,0.61,0.25,0.43,1764.5
85.6,100,1.105,0.59,0.85,0.56,1765.0
85.0,100,1.095,0.62,-0.12,0.05,1765.5
84.4,100,1.098,0.58,0.94,-0.74,1766.0
83.8,100,1.102,0.58,-0.82,-0.49,1766.5
83.2,100,1.099,0.59,-0.0,-0.16,1767.0
82.6,100,1.097,0.62,1.04,-0.55,1767.5
82.0,100,1.101,0.58,-1.04,0.36,1768.0
81.4,100,1.098,0.6,0.93,-0.72,1768.5
80.8,100,1.101,0.58,-0.35,0.16,1769.0
80.2,100,1.098,0.59,-0.04,-0.43,1769.5
79.6,100,1.104,0.62,0.93,-0.5,1770.0
79.0,100,1.101,0.59,0.28,0.34,1770.5
78.4,100,1.098,0.6,0.65,0.31,1771.0
77.8,100,1.105,0.62,-0.25,-0.26,1771.5
77.2,100,1.104,0.61,-0.84,-0.54,1772.0
76.6,100,1.104,0.6,1.18,0.03,1772.5
76.0,100,1.1,0.62,-0.36,-0.45,1773.0
75.4,100,1.104,0.59,0.18,0.62,1773.5
74.8,100,1.095,0.58,-0.61,-0.23,1774.0
74.2,100,1.102,0.62,-0.13,0.12,1774.5
73.6,100,1.1,0.58,-0.59,-0.39,1775.0
73.0,100,1.099,0.62,0.85,0.71,1775.5
72.4,100,1.099,0.61,-0.35,0.0,1776.0
71.8,100,1.096,0.62,1.19,-0.68,1776.5
71.2,100,1.103,0.62,1.17,-0.56,1777.0
70.6,100,1.099,0.59,-0.43,-0.15,1777.5
70.0,100,1.098,0.59,-0.16,0.62,1778.0
69.4,100,1.099,0.58,0.53,-0.14,1778.5
68.8,100,1.096,0.6,-0.78,0.25,1779.0
68.2,100,1.102,0.59,1.05,-0.36,1779.5
67.6,100,1.103,0.61,-1.18,-0.42,1780.0
67.0,100,1.102,0.6,-0.94,0.47,1780.5
66.4,100,1.101,0.59,-0.27,-0.22,1781.0
65.8,100,1.1,0.6,0.8,-0.6,1781.5
65.2,100,1.1,0.6,-0.02,-0.69,1782.0
64.6,100,1.095,0.62,0.38,-0.39,1782.5
64.0,100,1.096,0.6,1.18,-0.8,1783.0
63.4,100,1.102,0.59,-0.71,0.49,1783.5
62.8,100,1.103,0.59,-0.62,-0.59,1784.0
62.2,100,1.101,0.6,0.8,-0.74,1784.5
61.6,100,1.095,0.59,0.26,0.3,1785.0
61.0,100,1.098,0.6,-0.43,0.54,1785.5
60.4,100,1.098,0.61,0.64,-0.37,1786.0
59.8,100,1.1,0.6,-0.23,-0.05,1786.5
59.2,100,1.102,0.61,-0.94,0.35,1787.0
58.6,100,1.099,0.61,0.17,0.24,1787.5
58.0,100,1.102,0.6,-0.46,0.41,1788.0
57.4,100,1.101,0.6,-0.62,0.74,1788.5
56.8,100,1.105,0.59,-1.03,0.59,1789.0
56.2,100,1.099,0.62,-0.73,0.13,1789.5
55.6,100,1.102,0.62,-0.64,-0.3,1790.0
55.0,100,1.104,0.59,0.79,-0.31,1790.5
54.4,100,1.099,0.59,0.15,0.12,1791.0
53.8,100,1.101,0.61,1.19,-0.25,1791.5
53.2,100,1.105,0.61,-0.29,-0.49,1792.0
52.6,100,1.098,0.6,0.95,0.23,1792.5
52.0,100,1.104,0.59,1.1,0.68,1793.0
51.4,100,1.105,0.61,-0.37,-0.43,1793.5
50.8,100,1.103,0.61,0.54,-0.23,1794.0
50.2,100,1.097,0.58,0.46,0.63,1794.5
49.6,100,1.096,0.6,0.32,0.05,1795.0
49.0,100,1.101,0.58,0.54,-0.06,1795.5
48.4,100,1.098,0.61,0.14,0.27,1796.0
47.8,100,1.095,0.59,-0.95,0.12,1796.5
47.2,100,1.103,0.6,-0.8,-0.64,1797.0
46.6,100,1.096,0.61,0.85,-0.08,1797.5
46.0,100,1.104,0.6,-0.65,0.24,1798.0
45.4,100,1.1,0.59,-0.79,0.25,1798.5
44.8,100,1.103,0.6,0.66,-0.08,1799.0
44.2,100,1.099,0.62,-0.67,0.49,1799.5
43.6,100,1.113,0.4,-6.89,-4.26,1800.0
43.0,100,1.065,0.42,33.31,13.31,1800.5
42.4,100,1.028,0.48,43.09,26.46,1801.0
41.8,100,1.009,0.56,12.58,24.67,1801.5
41.2,100,1.014,0.65,-24.21,8.81,1802.0
40.6,100,1.039,0.73,-36.65,-7.62,1802.5
40.0,100,1.077,0.76,-15.02,-24.71,1803.0
39.4,100,1.118,0.76,18.78,-23.41,1803.5
38.8,100,1.153,0.72,40.14,-13.25,1804.0
38.2,100,1.173,0.65,17.7,6.56,1804.5
37.6,100,1.174,0.58,-14.55,19.51,1805.0
37.0,100,1.157,0.51,-34.55,22.27,1805.5
36.4,100,1.128,0.47,-22.28,15.09,1806.0
35.8,100,1.094,0.47,2.72,-4.89,1806.5
35.2,100,1.064,0.49,22.27,-13.66,1807.0
34.6,100,1.045,0.54,26.76,-19.28,1807.5
34.0,100,1.04,0.6,3.97,-10.06,1808.0
33.4,100,1.05,0.66,-24.59,0.89,1808.5
32.8,100,1.071,0.69,-19.45,8.73,1809.0
32.2,100,1.097,0.7,-0.16,16.39,1809.5
31.6,100,1.121,0.69,16.96,9.94,1810.0
31.0,100,1.138,0.66,23.07,0.14,1810.5
30.4,100,1.145,0.61,2.95,-6.85,1811.0
29.8,100,1.14,0.57,-16.58,-14.38,1811.5
29.2,100,1.126,0.54,-19.35,-10.98,1812.0
28.6,100,1.107,0.53,-9.68,-5.87,1812.5
28.0,100,1.09,0.53,6.92,2.0,1813.0
27.4,100,1.077,0.55,12.15,9.8,1813.5
26.8,100,1.071,0.58,5.99,7.9,1814.0
26.2,100,1.073,0.61,-10.21,4.01,1814.5
25.6,100,1.081,0.63,-11.96,-3.98,1815.0
25.0,100,1.092,0.64,-3.47,-6.28,1815.5
24.4,100,1.103,0.64,3.75,-4.18,1816.0
23.8,100,1.111,0.63,11.63,-5.6,1816.5
23.2,100,1.114,0.61,8.23,2.83,1817.0
22.6,100,1.112,0.6,-4.22,0.04,1817.5
22.0,100,1.108,0.59,-8.22,3.36,1818.0
21.4,100,1.103,0.59,-7.57,1.6,1818.5
20.8,100,1.1,0.59,-1.43,0.53,1819.0
20.2,100,1.099,0.6,-3.51,-3.04,1819.5
19.6,100,1.1,0.6,1.0,1.9,1820.0
19.0,100,1.095,0.6,-0.16,-0.36,1820.5
18.4,100,1.101,0.59,0.95,-0.71,1821.0
17.8,100,1.101,0.61,1.0,-0.35,1821.5
17.2,100,1.096,0.59,0.16,0.76,1822.0
16.6,100,1.1,0.6,-0.9,0.67,1822.5
16.0,100,1.1,0.58,-0.96,-0.71,1823.0
15.4,100,1.096,0.61,0.13,-0.53,1823.5
14.8,100,1.1,0.59,0.04,0.5,1824.0
14.2,100,1.102,0.59,-0.91,-0.73,1824.5
13.6,100,1.101,0.6,0.73,-0.17,1825.0
13.0,100,1.101,0.62,-0.78,0.07,1825.5
12.4,100,1.096,0.58,0.25,-0.72,1826.0
11.8,100,1.097,0.59,1.12,-0.51,1826.5
11.2,100,1.101,0.62,-1.08,-0.22,1827.0
10.6,100,1.099,0.61,-1.04,0.18,1827.5
10.0,100,1.104,0.61,0.55,-0.23,1828.0
9.4,100,1.1,0.62,-0.3,-0.35,1828.5
8.8,100,1.103,0.59,0.22,0.67,1829.0
8.2,100,1.096,0.61,0.08,0.37,1829.5
7.6,100,1.097,0.59,0.54,-0.6,1830.0
7.0,100,1.095,0.62,1.01,-0.47,1830.5
6.4,100,1.095,0.6,1.0,0.25,1831.0
5.8,100,1.096,0.6,0.8,-0.65,1831.5
5.2,100,1.096,0.58,1.1,-0.33,1832.0
4.6,100,1.102,0.59,-0.36,0.04,1832.5
4.0,100,1.1,0.58,-1.03,-0.2,1833.0
3.4,100,1.103,0.61,-0.61,0.8,1833.5
2.8,100,1.098,0.59,0.54,-0.28,1834.0
2.2,100,1.101,0.6,-1.0,-0.28,1834.5
1.6,100,1.097,0.6,-0.22,0.07,1835.0
1.0,100,1.095,0.6,-0.91,-0.49,1835.5
0.4,100,1.103,0.59,1.0,0.2,1836.0
0,100,1.102,0.58,-0.18,0.55,1836.5
0.6,100,1.102,0.58,-0.84,0.37,1837.0
1.2,100,1.101,0.6,0.57,0.75,1837.5
1.8,100,1.103,0.61,-0.26,-0.63,1838.0
2.4,100,1.104,0.62,0.19,0.3,1838.5
3.0,100,1.102,0.61,0.41,0.61,1839.0
3.6,100,1.096,0.6,0.27,0.68,1839.5
4.2,100,1.102,0.61,0.51,0.74,1840.0
4.8,100,1.098,0.58,-0.51,0.58,1840.5
5.4,100,1.1,0.59,0.22,-0.35,1841.0
6.0,100,1.097,0.6,-1.04,-0.58,1841.5
6.6,100,1.1,0.61,0.34,0.12,1842.0
7.2,100,1.096,0.58,-0.85,0.72,1842.5
7.8,100,1.1,0.61,-0.13,-0.61,1843.0
8.4,100,1.104,0.58,-0.82,-0.32,1843.5
9.0,100,1.102,0.61,0.37,-0.14,1844.0
9.6,100,1.099,0.61,-0.57,0.41,1844.5
10.2,100,1.103,0.61,0.27,0.32,1845.0
10.8,100,1.1,0.6,0.51,-0.47,1845.5
11.4,100,1.1,0.61,-0.62,0.43,1846.0
12.0,100,1.096,0.61,-0.13,-0.45,1846.5
12.6,100,1.096,0.62,0.36,-0.3,1847.0
13.2,100,1.101,0.59,-0.83,0.66,1847.5
13.8,100,1.102,0.59,-0.68,0.31,1848.0
14.4,100,1.1,0.62,-1.01,0.59,1848.5
15.0,100,1.101,0.61,0.05,0.04,1849.0
15.6,100,1.104,0.61,-0.26,0.69,1849.5
16.2,100,1.095,0.61,-0.84,0.11,1850.0
16.8,100,1.096,0.58,-0.72,-0.19,1850.5
17.4,100,1.096,0.62,-0.53,-0.75,1851.0
18.0,100,1.096,0.58,0.67,-0.32,1851.5
18.6,100,1.102,0.58,0.85,0.15,1852.0
19.2,100,1.102,0.59,-0.11,-0.62,1852.5
19.8,100,1.097,0.58,-0.68,0.07,1853.0
20.4,100,1.104,0.58,1.0,-0.23,1853.5
21.0,100,1.103,0.59,0.77,0.08,1854.0
21.6,100,1.104,0.59,1.06,-0.75,1854.5
22.2,100,1.102,0.58,0.95,0.76,1855.0
22.8,100,1.103,0.59,-0.02,0.19,1855.5
23.4,100,1.105,0.58,0.01,-0.31,1856.0
24.0,100,1.096,0.58,0.84,0.67,1856.5
24.6,100,1.1,0.62,-0.42,0.77,1857.0
25.2,100,1.102,0.61,-0.88,-0.63,1857.5
25.8,100,1.098,0.61,1.04,-0.02,1858.0
26.4,100,1.1,0.59,0.24,-0.6,1858.5
27.0,100,1.1,0.59,-0.37,0.79,1859.0
27.6,100,1.099,0.6,-0.44,-0.8,1859.5
28.2,100,1.1,0.6,0.02,-0.74,1860.0
28.8,100,1.102,0.62,-0.03,0.42,1860.5
29.4,100,1.103,0.62,-0.21,-0.68,1861.0
30.0,100,1.104,0.6,-1.13,-0.02,1861.5
30.6,100,1.1,0.58,-0.99,-0.38,1862.0
31.2,100,1.099,0.58,-0.87,0.1,1862.5
31.8,100,1.103,0.62,1.15,-0.39,1863.0
32.4,100,1.1,0.59,0.44,-0.35,1863.5
33.0,100,1.103,0.6,1.14,0.49,1864.0
33.6,100,1.096,0.59,-0.83,-0.37,1864.5
34.2,100,1.103,0.62,-0.62,-0.75,1865.0
34.8,100,1.103,0.61,0.57,-0.23,1865.5
35.4,100,1.102,0.59,0.04,0.5,1866.0
36.0,100,1.104,0.61,-0.51,-0.15,1866.5
36.6,100,1.096,0.62,-0.25,-0.75,1867.0
37.2,100,1.1,0.61,-0.08,0.77,1867.5
37.8,100,1.098,0.6,-0.16,-0.36,1868.0
38.4,100,1.096,0.59,-0.77,-0.67,1868.5
39.0,100,1.095,0.6,-0.15,-0.62,1869.0
39.6,100,1.104,0.59,0.51,0.32,1869.5
40.2,100,1.097,0.6,-1.12,0.72,1870.0
40.8,100,1.099,0.62,-0.79,-0.75,1870.5
41.4,100,1.101,0.58,-0.43,-0.01,1871.0
42.0,100,1.095,0.6,0.86,-0.53,1871.5
42.6,100,1.096,0.61,0.79,0.78,1872.0
43.2,100,1.104,0.61,0.02,-0.08,1872.5
43.8,100,1.103,0.59,0.43,-0.3,1873.0
44.4,100,1.1,0.62,0.96,0.48,1873.5
45.0,100,1.099,0.6,0.05,0.05,1874.0
45.6,100,1.103,0.59,-0.35,0.38,1874.5
46.2,100,1.104,0.59,0.1,-0.02,1875.0
46.8,100,1.095,0.62,0.55,-0.17,1875.5
47.4,100,1.1,0.6,0.68,0.01,1876.0
48.0,100,1.096,0.62,-0.85,0.32,1876.5
48.6,100,1.101,0.58,-0.87,0.79,1877.0
49.2,100,1.097,0.58,-1.01,-0.03,1877.5
49.8,100,1.099,0.61,0.21,-0.01,1878.0
50.4,100,1.104,0.61,0.66,0.27,1878.5
51.0,100,1.1,0.58,0.01,0.57,1879.0
51.6,100,1.103,0.61,-0.17,0.26,1879.5
52.2,100,1.101,0.6,-0.58,0.1,1880.0
52.8,100,1.103,0.59,-1.08,0.19,1880.5
53.4,100,1.105,0.62,0.66,-0.33,1881.0
54.0,100,1.095,0.62,-0.97,0.13,1881.5
54.6,100,1.101,0.6,-1.19,0.51,1882.0
55.2,100,1.098,0.6,0.74,-0.08,1882.5
55.8,100,1.101,0.61,0.67,0.44,1883.0
56.4,100,1.096,0.62,-0.62,-0.21,1883.5
57.0,100,1.104,0.6,-0.53,-0.27,1884.0
57.6,100,1.103,0.61,0.96,-0.56,1884.5
58.2,100,1.105,0.61,0.16,-0.02,1885.0
58.8,100,1.1,0.61,-0.98,0.18,1885.5
59.4,100,1.104,0.61,0.27,-0.15,1886.0
60.0,100,1.099,0.6,0.21,-0.29,1886.5
60.6,100,1.096,0.6,-0.36,-0.09,1887.0
61.2,100,1.099,0.62,-1.16,-0.75,1887.5
61.8,100,1.101,0.62,1.1,-0.28,1888.0
62.4,100,1.096,0.6,0.43,0.68,1888.5
63.0,100,1.104,0.62,0.55,0.29,1889.0
63.6,100,1.102,0.6,0.78,-0.54,1889.5
64.2,100,1.099,0.6,0.86,0.39,1890.0
64.8,100,1.102,0.59,-1.17,-0.75,1890.5
65.4,100,1.098,0.62,0.48,-0.25,1891.0
66.0,100,1.104,0.6,0.75,-0.56,1891.5
66.6,100,1.099,0.6,-0.8,0.31,1892.0
67.2,100,1.096,0.58,0.84,-0.62,1892.5
67.8,100,1.098,0.6,-0.65,0.52,1893.0
68.4,100,1.097,0.58,0.55,0.29,1893.5
69.0,100,1.098,0.61,0.5,-0.51,1894.0
69.6,100,1.098,0.6,-0.28,0.16,1894.5
70.2,100,1.101,0.59,-0.86,0.52,1895.0
70.8,100,1.096,0.59,-0.91,-0.17,1895.5
71.4,100,1.097,0.62,0.92,-0.73,1896.0
72.0,100,1.095,0.61,0.6,0.07,1896.5
72.6,100,1.097,0.61,0.22,0.39,1897.0
73.2,100,1.104,0.59,-0.63,0.78,1897.5
73.8,100,1.1,0.61,0.82,0.26,1898.0
74.4,100,1.103,0.58,-0.45,-0.62,1898.5
75.0,100,1.098,0.59,1.09,0.41,1899.0
75.6,100,1.104,0.6,0.43,-0.3,1899.5
76.2,100,1.101,0.58,-0.72,0.63,1900.0
76.8,100,1.102,0.6,0.71,0.59,1900.5
77.4,100,1.102,0.59,0.67,-0.68,1901.0
78.0,100,1.099,0.59,0.87,0.11,1901.5
78.6,100,1.105,0.6,1.04,0.22,1902.0
79.2,100,1.098,0.58,-0.14,0.3,1902.5
79.8,100,1.1,0.58,1.0,0.36,1903.0
80.4,100,1.103,0.58,-0.92,0.51,1903.5
81.0,100,1.096,0.58,1.16,0.26,1904.0
81.6,100,1.103,0.6,-0.72,-0.38,1904.5
82.2,100,1.096,0.59,0.88,-0.53,1905.0
82.8,100,1.097,0.59,0.04,0.33,1905.5
83.4,100,1.105,0.59,-0.98,0.28,1906.0
84.0,100,1.102,0.59,-0.38,0.76,1906.5
84.6,100,1.103,0.6,0.7,0.42,1907.0
85.2,100,1.095,0.58,1.15,-0.8,1907.5
85.8,100,1.096,0.61,-0.96,0.74,1908.0
86.4,100,1.099,0.59,0.15,-0.54,1908.5
87.0,100,1.098,0.62,-0.66,-0.66,1909.0
87.6,100,1.096,0.6,0.22,0.02,1909.5
88.2,100,1.1,0.59,1.04,0.24,1910.0
88.8,100,1.095,0.6,0.31,0.26,1910.5
89.4,100,1.103,0.61,0.16,-0.32,1911.0
90.0,100,1.096,0.62,0.65,0.65,1911.5
90.6,100,1.104,0.61,0.68,-0.04,1912.0
91.2,100,1.097,0.58,0.43,-0.29,1912.5
91.8,100,1.098,0.61,0.77,0.6,1913.0
92.4,100,1.105,0.59,0.53,-0.51,1913.5
93.0,100,1.1,0.62,0.75,0.48,1914.0
93.6,100,1.097,0.58,-0.86,0.15,1914.5
94.2,100,1.104,0.59,-0.81,0.18,1915.0
94.8,100,1.098,0.58,0.91,0.66,1915.5
95.4,100,1.098,0.62,1.19,0.47,1916.0
96.0,100,1.1,0.6,1.19,-0.77,1916.5
96.6,100,1.101,0.6,-0.21,-0.11,1917.0
97.2,100,1.103,0.59,0.38,0.37,1917.5
97.8,100,1.1,0.58,0.3,-0.64,1918.0
98.4,100,1.095,0.58,-0.04,0.64,1918.5
99.0,100,1.1,0.6,0.83,-0.51,1919.0
99.6,100,1.104,0.59,-1.16,-0.4,1919.5
100,100,1.096,0.59,-0.05,-0.77,1920.0
99.4,100,1.097,0.59,-0.41,0.58,1920.5
98.8,100,1.102,0.61,-0.98,0.33,1921.0
98.2,100,1.102,0.61,1.14,0.51,1921.5
97.6,100,1.096,0.61,-0.52,-0.78,1922.0
97.0,100,1.096,0.61,-0.85,0.77,1922.5
96.4,100,1.099,0.6,-1.07,-0.58,1923.0
95.8,100,1.098,0.59,0.2,0.19,1923.5
95.2,100,1.098,0.61,-0.5,-0.68,1924.0
94.6,100,1.098,0.6,-0.42,0.63,1924.5
94.0,100,1.099,0.6,0.62,-0.73,1925.0
93.4,100,1.098,0.61,0.42,-0.33,1925.5
92.8,100,1.095,0.59,-0.01,-0.03,1926.0
92.2,100,1.099,0.6,-0.67,0.68,1926.5
91.6,100,1.103,0.61,-1.14,0.16,1927.0
91.0,100,1.104,0.62,-1.08,-0.71,1927.5
90.4,100,1.097,0.61,-1.0,0.68,1928.0
89.8,100,1.101,0.58,-0.7,0.51,1928.5
89.2,100,1.102,0.6,0.53,0.24,1929.0
88.6,100,1.103,0.6,-1.1,-0.61,1929.5
88.0,100,1.095,0.6,0.77,0.64,1930.0
87.4,100,1.105,0.61,-0.07,-0.11,1930.5
86.8,100,1.102,0.58,-1.1,0.69,1931.0
86.2,100,1.101,0.61,-0.98,0.39,1931.5
85.6,100,1.104,0.6,0.96,-0.75,1932.0
85.0,100,1.101,0.61,-0.17,-0.17,1932.5
84.4,100,1.101,0.6,0.39,0.1,1933.0
83.8,100,1.099,0.61,0.93,-0.16,1933.5
83.2,100,1.101,0.62,0.74,0.74,1934.0
82.6,100,1.097,0.61,-0.68,0.7,1934.5
82.0,100,1.099,0.62,-0.34,-0.77,1935.0
81.4,100,1.104,0.61,-0.72,0.03,1935.5
80.8,100,1.096,0.6,-0.79,0.22,1936.0
80.2,100,1.101,0.61,-0.51,0.02,1936.5
79.6,100,1.102,0.59,-0.95,0.38,1937.0
79.0,100,1.101,0.6,0.07,-0.06,1937.5
78.4,100,1.104,0.62,0.95,-0.62,1938.0
77.8,100,1.1,0.6,0.17,0.77,1938.5
77.2,100,1.098,0.59,-0.8,-0.55,1939.0
76.6,100,1.102,0.61,-0.58,-0.43,1939.5
76.0,100,1.098,0.61,0.91,-0.19,1940.0
75.4,100,1.097,0.62,0.43,0.36,1940.5
74.8,100,1.103,0.61,-0.26,-0.08,1941.0
74.2,100,1.099,0.59,-1.2,-0.64,1941.5
73.6,100,1.095,0.6,-0.07,-0.06,1942.0
73.0,100,1.103,0.61,-0.27,-0.65,1942.5
72.4,100,1.095,0.6,0.73,0.41,1943.0
71.8,100,1.105,0.6,1.04,0.64,1943.5
71.2,100,1.105,0.59,0.66,0.73,1944.0
70.6,100,1.096,0.58,-0.57,0.56,1944.5
70.0,100,1.1,0.61,1.07,-0.28,1945.0
69.4,100,1.103,0.62,0.27,0.27,1945.5
68.8,100,1.101,0.61,1.11,0.46,1946.0
68.2,100,1.101,0.59,-1.12,0.69,1946.5
67.6,100,1.104,0.61,0.67,0.09,1947.0
67.0,100,1.097,0.58,0.41,-0.09,1947.5
66.4,100,1.097,0.6,-0.22,-0.05,1948.0
65.8,100,1.1,0.6,0.57,0.17,1948.5
65.2,100,1.096,0.59,-0.81,-0.55,1949.0
64.6,100,1.1,0.61,-0.46,0.12,1949.5
64.0,100,1.097,0.62,-0.86,-0.65,1950.0
63.4,100,1.101,0.59,-0.4,-0.09,1950.5
62.8,100,1.104,0.58,-0.29,-0.33,1951.0
62.2,100,1.096,0.6,-0.16,0.69,1951.5
61.6,100,1.097,0.61,1.0,0.0,1952.0
61.0,100,1.097,0.59,-0.32,-0.14,1952.5
60.4,100,1.103,0.62,0.77,0.55,1953.0
59.8,100,1.105,0.6,0.81,-0.57,1953.5
59.2,100,1.102,0.59,-0.0,-0.77,1954.0
58.6,100,1.1,0.58,1.05,-0.67,1954.5
58.0,100,1.102,0.62,0.98,-0.35,1955.0
57.4,100,1.098,0.61,-0.51,0.2,1955.5
56.8,100,1.097,0.6,0.8,0.28,1956.0
56.2,100,1.102,0.62,1.07,0.1,1956.5
55.6,100,1.102,0.58,-0.65,-0.28,1957.0
55.0,100,1.097,0.59,-0.58,-0.39,1957.5
54.4,100,1.103,0.6,-0.81,-0.68,1958.0
53.8,100,1.102,0.59,0.39,0.75,1958.5
53.2,100,1.099,0.59,-0.06,-0.76,1959.0
52.6,100,1.101,0.6,-0.6,0.73,1959.5
52.0,100,1.097,0.59,1.13,0.01,1960.0
51.4,100,1.095,0.58,0.99,-0.76,1960.5
50.8,100,1.1,0.59,-1.14,0.35,1961.0
50.2,100,1.101,0.61,0.19,-0.76,1961.5
49.6,100,1.101,0.59,-0.43,0.18,1962.0
49.0,100,1.098,0.59,-0.7,-0.66,1962.5
48.4,100,1.099,0.59,0.49,-0.62,1963.0
47.8,100,1.104,0.59,-1.15,-0.69,1963.5
47.2,100,1.099,0.61,-1.19,-0.55,1964.0
46.6,100,1.1,0.59,-0.37,-0.5,1964.5
46.0,100,1.095,0.59,-1.01,-0.45,1965.0
45.4,100,1.099,0.62,-0.66,-0.29,1965.5
44.8,100,1.102,0.61,-0.75,-0.36,1966.0
44.2,100,1.1,0.6,-0.85,-0.6,1966.5
43.6,100,1.105,0.6,0.89,0.72,1967.0
43.0,100,1.101,0.58,1.06,0.48,1967.5
42.4,100,1.104,0.59,-0.57,0.28,1968.0
41.8,100,1.105,0.58,0.46,0.77,1968.5
41.2,100,1.097,0.59,-0.1,0.13,1969.0
40.6,100,1.099,0.59,0.83,0.64,1969.5
40.0,100,1.104,0.59,0.25,0.15,1970.0
39.4,100,1.101,0.6,1.19,-0.34,1970.5
38.8,100,1.096,0.62,-0.61,-0.56,1971.0
38.2,100,1.095,0.6,-0.13,-0.03,1971.5
37.6,100,1.096,0.59,-0.05,0.19,1972.0
37.0,100,1.099,0.61,0.52,0.4,1972.5
36.4,100,1.105,0.59,-0.87,-0.29,1973.0
35.8,100,1.097,0.59,-0.48,-0.24,1973.5
35.2,100,1.102,0.61,-0.97,0.33,1974.0
34.6,100,1.096,0.6,-0.68,-0.6,1974.5
34.0,100,1.096,0.6,1.0,-0.77,1975.0
33.4,100,1.096,0.61,-0.27,-0.69,1975.5
32.8,100,1.098,0.59,0.2,-0.12,1976.0
32.2,100,1.097,0.6,-0.11,0.72,1976.5
31.6,100,1.101,0.6,-0.05,0.11,1977.0
31.0,100,1.097,0.59,0.99,0.4,1977.5
30.4,100,1.096,0.6,-0.36,0.03,1978.0
29.8,100,1.097,0.59,0.99,0.76,1978.5
29.2,100,1.1,0.62,0.01,-0.46,1979.0
28.6,100,1.104,0.61,-0.27,-0.36,1979.5
28.0,100,1.097,0.62,-0.49,-0.45,1980.0
27.4,100,1.096,0.59,-0.15,-0.35,1980.5
26.8,100,1.097,0.59,-1.08,0.48,1981.0
26.2,100,1.095,0.61,0.35,0.39,1981.5
25.6,100,1.098,0.6,-0.7,-0.75,1982.0
25.0,100,1.098,0.59,-1.19,-0.49,1982.5
24.4,100,1.098,0.59,-0.04,0.31,1983.0
23.8,100,1.099,0.61,-0.51,-0.01,1983.5
23.2,100,1.096,0.6,-0.16,-0.6,1984.0
22.6,100,1.104,0.6,-1.09,0.8,1984.5
22.0,100,1.095,0.58,-0.35,-0.31,1985.0
21.4,100,1.099,0.59,0.56,0.13,1985.5
20.8,100,1.101,0.61,0.75,-0.77,1986.0
20.2,100,1.101,0.58,-0.1,0.63,1986.5
19.6,100,1.103,0.58,-0.25,0.76,1987.0
19.0,100,1.104,0.61,-0.7,0.61,1987.5
18.4,100,1.103,0.6,0.6,-0.77,1988.0
17.8,100,1.098,0.61,-0.07,-0.78,1988.5
17.2,100,1.1,0.58,0.78,-0.53,1989.0
16.6,100,1.104,0.59,-0.12,0.63,1989.5
16.0,100,1.101,0.59,0.93,-0.78,1990.0
15.4,100,1.095,0.59,-0.53,-0.15,1990.5
14.8,100,1.104,0.59,0.44,-0.54,1991.0
14.2,100,1.101,0.6,-0.27,-0.68,1991.5
13.6,100,1.098,0.59,0.39,-0.08,1992.0
13.0,100,1.098,0.62,0.82,-0.41,1992.5
12.4,100,1.1,0.61,-0.48,0.69,1993.0
11.8,100,1.095,0.59,0.09,-0.36,1993.5
11.2,100,1.102,0.62,-0.34,-0.76,1994.0
10.6,100,1.103,0.59,0.13,0.57,1994.5
10.0,100,1.097,0.59,-0.46,-0.15,1995.0
9.4,100,1.103,0.59,1.01,0.46,1995.5
8.8,100,1.098,0.58,0.51,-0.39,1996.0
8.2,100,1.097,0.59,-0.31,0.09,1996.5
7.6,100,1.101,0.59,-0.24,-0.8,1997.0
7.0,100,1.103,0.6,0.54,0.04,1997.5
6.4,100,1.095,0.61,0.82,-0.18,1998.0
5.8,100,1.099,0.58,-0.18,-0.34,1998.5
5.2,100,1.103,0.59,0.76,0.4,1999.0
4.6,100,1.101,0.6,0.07,0.38,1999.5
